Date,Open,High,Low,Close,Volume,Dividends,Stock Splits
2010-01-04 00:00:00+00:00,477.71297483553803,503.83736524665755,477.71297483553803,497.69482421875,13401,0.0,0.0
2010-01-05 00:00:00+00:00,506.9456058093061,509.9799062745651,506.9456058093061,497.69482421875,10729,0.0,0.0
2010-01-06 00:00:00+00:00,497.69482421875,497.69482421875,497.69482421875,497.69482421875,0,0.0,0.0
2010-01-07 00:00:00+00:00,507.1677007186535,507.1677007186535,503.245361328125,503.245361328125,6169,0.0,0.0
2010-01-08 00:00:00+00:00,503.245361328125,503.245361328125,503.245361328125,503.245361328125,0,0.0,0.0
2010-01-11 00:00:00+00:00,503.245361328125,503.245361328125,503.245361328125,503.245361328125,0,0.0,0.0
2010-01-12 00:00:00+00:00,499.5450439453125,499.5450439453125,499.5450439453125,499.5450439453125,0,0.0,0.0
2010-01-13 00:00:00+00:00,496.5107534538222,496.5107534538222,496.5107534538222,503.245361328125,3017,0.0,0.0
2010-01-14 00:00:00+00:00,501.3951721191406,501.3951721191406,501.3951721191406,501.3951721191406,0,0.0,0.0
2010-01-15 00:00:00+00:00,492.1443088657224,492.1443088657224,492.1443088657224,499.5450439453125,1862,0.0,0.0
2010-01-18 00:00:00+00:00,501.3951721191406,501.3951721191406,501.3951721191406,501.3951721191406,0,0.0,0.0
2010-01-19 00:00:00+00:00,499.5450439453125,499.5450439453125,499.5450439453125,499.5450439453125,0,0.0,0.0
2010-01-20 00:00:00+00:00,492.1443275762257,492.1443275762257,492.1443275762257,484.74371337890625,6705,0.0,0.0
2010-01-21 00:00:00+00:00,484.74371337890625,484.74371337890625,484.74371337890625,484.74371337890625,0,0.0,0.0
2010-01-22 00:00:00+00:00,481.0433349609375,481.0433349609375,481.0433349609375,481.0433349609375,0,0.0,0.0
2010-01-25 00:00:00+00:00,481.0433349609375,481.0433349609375,481.0433349609375,481.0433349609375,0,0.0,0.0
2010-01-26 00:00:00+00:00,481.0433349609375,481.0433349609375,481.0433349609375,481.0433349609375,0,0.0,0.0
2010-01-27 00:00:00+00:00,492.14425461109835,492.14425461109835,492.14425461109835,481.0433349609375,980,0.0,0.0
2010-01-28 00:00:00+00:00,469.94228749981045,469.94228749981045,451.4406350401871,458.84124755859375,40416,0.0,0.0
2010-01-29 00:00:00+00:00,450.330684136657,450.330684136657,450.330684136657,453.2909240722656,362,0.0,0.0
2010-02-01 00:00:00+00:00,455.51112674215597,455.51112674215597,455.51112674215597,453.2909240722656,2682,0.0,0.0
2010-02-02 00:00:00+00:00,453.2909240722656,453.2909240722656,453.2909240722656,453.2909240722656,0,0.0,0.0
2010-02-03 00:00:00+00:00,453.2909240722656,453.2909240722656,453.2909240722656,453.2909240722656,0,0.0,0.0
2010-02-04 00:00:00+00:00,444.04002956209416,448.4804044133503,444.04002956209416,451.4407653808594,5890,0.0,0.0
2010-02-05 00:00:00+00:00,440.3397222345324,440.3397222345324,440.3397222345324,451.4407653808594,333,0.0,0.0
2010-02-08 00:00:00+00:00,444.0399450692654,444.0399450692654,440.3396384458056,432.9389343261719,8181,0.0,0.0
2010-02-09 00:00:00+00:00,432.9389343261719,432.9389343261719,432.9389343261719,432.9389343261719,0,0.0,0.0
2010-02-10 00:00:00+00:00,425.53827898409617,425.53827898409617,425.53827898409617,423.6881408691406,4342,0.0,0.0
2010-02-11 00:00:00+00:00,408.5168495486611,408.5168495486611,407.4067785525569,416.65753173828125,5364,0.0,0.0
2010-02-12 00:00:00+00:00,412.5871887207031,412.5871887207031,412.5871887207031,412.5871887207031,0,0.0,0.0
2010-02-15 00:00:00+00:00,407.4067566402005,407.4067566402005,407.4067566402005,416.2874755859375,2682,0.0,0.0
2010-02-16 00:00:00+00:00,418.80377167450166,418.80377167450166,418.80377167450166,416.2874755859375,1341,0.0,0.0
2010-02-17 00:00:00+00:00,416.2874755859375,416.2874755859375,416.2874755859375,416.2874755859375,0,0.0,0.0
2010-02-18 00:00:00+00:00,417.39750770741114,429.0906144397077,417.39750770741114,423.6881408691406,28165,0.0,0.0
2010-02-19 00:00:00+00:00,432.93892231662977,432.93892231662977,432.93892231662977,423.6881408691406,2289,0.0,0.0
2010-02-22 00:00:00+00:00,425.90831266526806,425.90831266526806,425.1682755938281,423.6881408691406,1640,0.0,0.0
2010-02-23 00:00:00+00:00,419.9878845214844,419.9878845214844,419.9878845214844,419.9878845214844,0,0.0,0.0
2010-02-24 00:00:00+00:00,423.6881408691406,423.6881408691406,423.6881408691406,423.6881408691406,0,0.0,0.0
2010-02-25 00:00:00+00:00,425.5382995605469,425.5382995605469,425.5382995605469,425.5382995605469,0,0.0,0.0
2010-02-26 00:00:00+00:00,428.1285354539981,428.1285354539981,428.1285354539981,425.5382995605469,670,0.0,0.0
2010-03-01 00:00:00+00:00,427.7584810711274,432.93892231662977,427.7584810711274,423.6881408691406,5364,0.0,0.0
2010-03-02 00:00:00+00:00,432.9389542547256,432.9389542547256,432.9389542547256,429.2386474609375,10729,0.0,0.0
2010-03-03 00:00:00+00:00,436.6393127441406,436.6393127441406,436.6393127441406,436.6393127441406,16764,0.0,0.0
2010-03-04 00:00:00+00:00,434.7891845703125,434.7891845703125,434.7891845703125,434.7891845703125,0,0.0,0.0
2010-03-05 00:00:00+00:00,434.7891845703125,434.7891845703125,434.7891845703125,434.7891845703125,0,0.0,0.0
2010-03-08 00:00:00+00:00,439.2295814459909,444.0399896264605,432.9389777694359,435.15924072265625,130066,0.0,0.0
2010-03-09 00:00:00+00:00,444.0399996283381,458.84134910443385,444.0399996283381,456.9911804199219,207361,0.0,0.0
2010-03-10 00:00:00+00:00,462.541627957166,472.9766332246799,462.541627957166,473.6426696777344,21459,0.0,0.0
2010-03-11 00:00:00+00:00,434.78914425342157,477.3429260253906,434.78914425342157,477.3429260253906,0,0.0,0.0
2010-03-12 00:00:00+00:00,484.74371337890625,484.74371337890625,484.74371337890625,484.74371337890625,8047,0.0,0.0
2010-03-15 00:00:00+00:00,484.7436586921781,510.64601749696146,484.7436586921781,518.046630859375,8047,0.0,0.0
2010-03-16 00:00:00+00:00,529.1477443912678,530.2578455710841,529.1477443912678,521.7470092773438,9967,0.0,0.0
2010-03-17 00:00:00+00:00,518.046630859375,518.046630859375,518.046630859375,518.046630859375,0,0.0,0.0
2010-03-18 00:00:00+00:00,512.1261619323874,512.1261619323874,512.1261619323874,503.6153564453125,6705,0.0,0.0
2010-03-19 00:00:00+00:00,513.2363027780975,513.2363027780975,512.1262015796132,508.79583740234375,5364,0.0,0.0
2010-03-22 00:00:00+00:00,506.9457092285156,506.9457092285156,506.9457092285156,506.9457092285156,0,0.0,0.0
2010-03-23 00:00:00+00:00,508.4258098748412,509.16587734953,508.4258098748412,509.90594482421875,19179,0.0,0.0
2010-03-24 00:00:00+00:00,518.0466431550611,526.1874452687373,518.0466431550611,527.2975463867188,10729,0.0,0.0
2010-03-25 00:00:00+00:00,538.0284632787282,538.0284632787282,533.5880588068022,527.2975463867188,2313,0.0,0.0
2010-03-26 00:00:00+00:00,519.3048857748552,519.3048857748552,519.3048857748552,523.5972900390625,670,0.0,0.0
2010-03-29 00:00:00+01:00,527.2975463867188,527.2975463867188,527.2975463867188,527.2975463867188,0,0.0,0.0
2010-03-30 00:00:00+01:00,530.9977840324954,533.588019785026,515.0863964201865,527.6675415039062,3226,0.0,0.0
2010-03-31 00:00:00+01:00,529.5178915144653,529.5178915144653,521.7471210098204,523.5972900390625,3868,0.0,0.0
2010-04-01 00:00:00+01:00,510.646107434168,510.646107434168,497.9909285279362,506.9457092285156,243714,0.0,0.0
2010-04-06 00:00:00+01:00,518.1772036837654,518.1772036837654,504.4084563985488,507.0733947753906,938,10.850453,0.0
2010-04-07 00:00:00+01:00,515.5863755355577,515.9565024991703,515.5863755355577,507.0733947753906,2965,0.0,0.0
2010-04-08 00:00:00+01:00,495.9696895222727,495.9696895222727,494.1189637609775,499.6709289550781,5521,0.0,0.0
2010-04-09 00:00:00+01:00,499.6709289550781,499.6709289550781,499.6709289550781,499.6709289550781,0,0.0,0.0
2010-04-12 00:00:00+01:00,510.7747315305456,510.7747315305456,507.07340125007954,503.3721618652344,1072,0.0,0.0
2010-04-13 00:00:00+01:00,514.4760367517812,514.4760367517812,504.84900818952696,518.17724609375,4576,0.0,0.0
2010-04-14 00:00:00+01:00,521.8785400390625,521.8785400390625,521.8785400390625,521.8785400390625,0,0.0,0.0
2010-04-15 00:00:00+01:00,520.7683080670961,535.2773152873799,520.7683080670961,516.3268432617188,3137,0.0,0.0
2010-04-16 00:00:00+01:00,524.4693915578678,524.4693915578678,524.4693915578678,525.5797119140625,1427,0.0,0.0
2010-04-19 00:00:00+01:00,532.9823121996654,532.9823121996654,532.9823121996654,525.5797119140625,7448,0.0,0.0
2010-04-20 00:00:00+01:00,526.6902465820312,526.6902465820312,526.6902465820312,526.6902465820312,0,0.0,0.0
2010-04-21 00:00:00+01:00,514.476012168162,522.5447560109099,514.476012168162,523.7291259765625,3057,0.0,0.0
2010-04-22 00:00:00+01:00,514.4760914685995,526.3201565332402,512.9955833355194,522.9889526367188,25879,0.0,0.0
2010-04-23 00:00:00+01:00,529.2811727994003,529.2811727994003,521.8785715369087,522.9889526367188,18441,0.0,0.0
2010-04-26 00:00:00+01:00,515.9565684612525,536.3134934653754,515.9565684612525,521.8785400390625,10729,0.0,0.0
2010-04-27 00:00:00+01:00,521.8785400390625,521.8785400390625,521.8785400390625,521.8785400390625,0,0.0,0.0
2010-04-28 00:00:00+01:00,521.8785400390625,521.8785400390625,521.8785400390625,521.8785400390625,0,0.0,0.0
2010-04-29 00:00:00+01:00,521.8785400390625,521.8785400390625,521.8785400390625,521.8785400390625,0,0.0,0.0
2010-04-30 00:00:00+01:00,523.7291259765625,523.7291259765625,523.7291259765625,523.7291259765625,0,0.0,0.0
2010-05-04 00:00:00+01:00,532.8418570433944,532.8418570433944,532.8344641965938,516.3268432617188,182,0.0,0.0
2010-05-05 00:00:00+01:00,520.0277709960938,520.0277709960938,520.0277709960938,520.0277709960938,0,0.0,0.0
2010-05-06 00:00:00+01:00,510.7747315305456,510.7747315305456,495.96968309554416,503.3721618652344,9543,0.0,0.0
2010-05-07 00:00:00+01:00,492.2683405639144,503.3721803196963,492.2683405639144,501.52154541015625,8047,0.0,0.0
2010-05-10 00:00:00+01:00,507.0733947753906,512.9954867902703,507.0733947753906,507.0733947753906,6740,0.0,0.0
2010-05-11 00:00:00+01:00,499.67092248038927,499.67092248038927,492.2683225165378,503.3721618652344,4861,0.0,0.0
2010-05-12 00:00:00+01:00,492.26837847747606,492.26837847747606,488.567138671875,488.567138671875,8047,0.0,0.0
2010-05-13 00:00:00+01:00,493.74888651913403,493.74888651913403,492.63850548789054,488.567138671875,6039,0.0,0.0
2010-05-14 00:00:00+01:00,495.969683257449,495.969683257449,495.969683257449,494.11895751953125,4023,0.0,0.0
2010-05-17 00:00:00+01:00,506.8994574956742,506.8994574956742,506.9253627476415,494.11895751953125,1341,0.0,0.0
2010-05-18 00:00:00+01:00,503.3722043575541,507.07344405484054,503.2648869187425,505.22283935546875,7585,0.0,0.0
2010-05-19 00:00:00+01:00,490.4177551269531,490.4177551269531,490.4177551269531,490.4177551269531,0,0.0,0.0
2010-05-20 00:00:00+01:00,484.865798875117,484.865798875117,473.76199085255854,471.5412292480469,8047,0.0,0.0
2010-05-21 00:00:00+01:00,479.68396120084805,479.68396120084805,479.68396120084805,471.5412292480469,1609,0.0,0.0
2010-05-24 00:00:00+01:00,470.0608215332031,470.0608215332031,470.0608215332031,470.0608215332031,0,0.0,0.0
2010-05-25 00:00:00+01:00,464.5088195800781,464.5088195800781,464.5088195800781,464.5088195800781,0,0.0,0.0
2010-05-26 00:00:00+01:00,473.761931169456,473.761931169456,473.761931169456,464.5088195800781,34,0.0,0.0
2010-05-27 00:00:00+01:00,464.5088195800781,464.5088195800781,464.5088195800781,464.5088195800781,0,0.0,0.0
2010-05-28 00:00:00+01:00,464.5088195800781,464.5088195800781,464.5088195800781,464.5088195800781,0,0.0,0.0
2010-06-01 00:00:00+01:00,470.0607622964997,470.4308589403037,470.0607622964997,463.0282897949219,2001,0.0,0.0
2010-06-02 00:00:00+01:00,463.0282897949219,463.0282897949219,463.0282897949219,463.0282897949219,0,0.0,0.0
2010-06-03 00:00:00+01:00,473.7620014213834,473.7620014213834,473.7620014213834,463.0282897949219,273,0.0,0.0
2010-06-04 00:00:00+01:00,473.76211071305374,473.76211071305374,462.65826958271697,468.2102355957031,13318,0.0,0.0
2010-06-07 00:00:00+01:00,455.2556399006553,460.75200627561827,447.8530411836063,458.9568786621094,6519,0.0,0.0
2010-06-08 00:00:00+01:00,451.18427423320225,451.18427423320225,451.18427423320225,458.9568786621094,1609,0.0,0.0
2010-06-09 00:00:00+01:00,461.99207920789706,461.99207920789706,461.99207920789706,461.9179992675781,3178,0.0,0.0
2010-06-10 00:00:00+01:00,467.0997815276779,467.0997815276779,461.1776894122987,466.3595275878906,2381,0.0,0.0
2010-06-11 00:00:00+01:00,471.5412292480469,471.5412292480469,471.5412292480469,471.5412292480469,0,0.0,0.0
2010-06-14 00:00:00+01:00,471.5412292480469,471.5412292480469,471.5412292480469,471.5412292480469,0,0.0,0.0
2010-06-15 00:00:00+01:00,470.4308776855469,470.4308776855469,470.4308776855469,470.4308776855469,0,0.0,0.0
2010-06-16 00:00:00+01:00,470.4308776855469,470.4308776855469,470.4308776855469,470.4308776855469,0,0.0,0.0
2010-06-17 00:00:00+01:00,481.1645897397142,481.1645897397142,481.1645897397142,470.4308776855469,1207,0.0,0.0
2010-06-18 00:00:00+01:00,470.4308776855469,470.4308776855469,470.4308776855469,470.4308776855469,0,0.0,0.0
2010-06-21 00:00:00+01:00,463.3984159854335,463.3984159854335,462.28803516020844,471.1711120605469,2375,0.0,0.0
2010-06-22 00:00:00+01:00,469.6907043457031,469.6907043457031,469.6907043457031,469.6907043457031,0,0.0,0.0
2010-06-23 00:00:00+01:00,471.9114074707031,471.9114074707031,471.9114074707031,471.9114074707031,0,0.0,0.0
2010-06-24 00:00:00+01:00,468.9504037453119,481.1645934227961,464.8790374846902,473.76202392578125,15124,0.0,0.0
2010-06-25 00:00:00+01:00,481.16457013014957,501.15139469995296,481.16457013014957,489.67742919921875,12431,0.0,0.0
2010-06-28 00:00:00+01:00,484.8658804798107,497.82032535307576,484.8658804798107,490.4177551269531,7208,0.0,0.0
2010-06-29 00:00:00+01:00,481.16459441706655,481.16459441706655,466.3595159895231,474.87237548828125,23260,0.0,0.0
2010-06-30 00:00:00+01:00,464.5089114846199,483.2853710002655,464.5089114846199,474.87237548828125,4401,0.0,0.0
2010-07-01 00:00:00+01:00,484.8658142089844,484.8658142089844,484.8658142089844,484.8658142089844,5115,0.0,0.0
2010-07-02 00:00:00+01:00,483.0152097785701,483.0152097785701,483.0152097785701,484.8658142089844,4023,0.0,0.0
2010-07-05 00:00:00+01:00,495.96970696519656,495.96970696519656,495.96970696519656,496.7099609375,7140,0.0,0.0
2010-07-06 00:00:00+01:00,493.00861793229234,493.00861793229234,488.5671242370869,494.8592529296875,4797,0.0,0.0
2010-07-07 00:00:00+01:00,489.30737823604494,489.30737823604494,484.8658845408395,494.8592529296875,2648,0.0,0.0
2010-07-08 00:00:00+01:00,491.1579904161415,493.74884899359057,490.0476094692884,492.2683410644531,67051,0.0,0.0
2010-07-09 00:00:00+01:00,491.15801787724604,491.15801787724604,488.5671288563965,488.937255859375,63706,0.0,0.0
2010-07-12 00:00:00+01:00,488.56703609196717,488.56703609196717,488.56703609196717,487.8267822265625,70646,0.0,0.0
2010-07-13 00:00:00+01:00,488.5671495271767,488.5671495271767,488.5671495271767,489.3074035644531,109977,0.0,0.0
2010-07-14 00:00:00+01:00,488.56709629222087,488.56709629222087,488.56709629222087,486.71649169921875,192930,0.0,0.0
2010-07-15 00:00:00+01:00,484.86585680767547,488.56709629222087,484.86585680767547,486.71649169921875,34133,0.0,0.0
2010-07-16 00:00:00+01:00,488.56709629222087,488.56709629222087,488.56709629222087,486.71649169921875,10014,0.0,0.0
2010-07-19 00:00:00+01:00,486.7164317269928,492.26827512045327,486.7164317269928,487.8267822265625,35835,0.0,0.0
2010-07-20 00:00:00+01:00,488.56703609196717,488.56703609196717,488.56703609196717,487.8267822265625,1514,0.0,0.0
2010-07-21 00:00:00+01:00,484.8658425901777,490.0475898360157,484.8658425901777,482.6451110839844,133849,0.0,0.0
2010-07-22 00:00:00+01:00,488.19698361651814,488.5671106056703,484.86587101269043,480.42437744140625,56330,0.0,0.0
2010-07-23 00:00:00+01:00,488.19698361651814,488.5671106056703,481.1646314197106,480.42437744140625,58425,0.0,0.0
2010-07-26 00:00:00+01:00,483.0152227629383,484.4957002873601,475.61262305105475,478.5736083984375,56964,0.0,0.0
2010-07-27 00:00:00+01:00,487.456752290679,487.456752290679,487.0866253073325,483.0152587890625,59032,0.0,0.0
2010-07-28 00:00:00+01:00,481.16461773686706,481.16461773686706,481.16461773686706,477.4632873535156,111729,0.0,0.0
2010-07-29 00:00:00+01:00,476.35288333103557,481.16459441706655,476.35288333103557,474.87237548828125,12345,0.0,0.0
2010-07-30 00:00:00+01:00,473.7620119883368,481.1645812988281,468.5802649785089,481.1645812988281,59345,0.0,0.0
2010-08-02 00:00:00+01:00,480.05419732612756,480.05419732612756,478.2035019880934,478.9437255859375,93392,0.0,0.0
2010-08-03 00:00:00+01:00,471.9114074707031,471.9114074707031,471.9114074707031,471.9114074707031,0,0.0,0.0
2010-08-04 00:00:00+01:00,480.0542744776649,480.0542744776649,473.76208504862876,463.39849853515625,86375,0.0,0.0
2010-08-05 00:00:00+01:00,473.76206112451416,473.76206112451416,473.76206112451416,470.0608215332031,204637,0.0,0.0
2010-08-06 00:00:00+01:00,481.9048660756585,481.9048660756585,473.7620423422614,471.9114074707031,77496,0.0,0.0
2010-08-09 00:00:00+01:00,466.91470546573123,466.95163938552065,466.91470546573123,473.76202392578125,85501,0.0,0.0
2010-08-10 00:00:00+01:00,471.54126216623865,473.0217700059337,470.0607846250832,473.76202392578125,60234,0.0,0.0
2010-08-11 00:00:00+01:00,466.3594885006472,467.83999625613524,465.61926492144113,477.0931091308594,64919,0.0,0.0
2010-08-12 00:00:00+01:00,465.6192878404476,470.06078102699564,460.4374498441002,470.4308776855469,254507,0.0,0.0
2010-08-13 00:00:00+01:00,466.3595518536232,467.0998058319276,466.3595518536232,480.42437744140625,126821,0.0,0.0
2010-08-16 00:00:00+01:00,488.56709903776704,515.2162719242884,488.56709903776704,499.3008117675781,171289,0.0,0.0
2010-08-17 00:00:00+01:00,501.89167905650896,502.6319330301546,495.9697078644278,497.8203125,138602,0.0,0.0
2010-08-18 00:00:00+01:00,490.0476080746468,510.77474932212436,490.0476080746468,500.41119384765625,566485,0.0,0.0
2010-08-19 00:00:00+01:00,505.222814305118,510.77474932212436,499.6709398851943,500.41119384765625,153559,0.0,0.0
2010-08-20 00:00:00+01:00,502.2617829820032,503.0020369216601,492.26832449809496,495.22943115234375,175432,0.0,0.0
2010-08-23 00:00:00+01:00,489.30735187993963,507.8136705585217,489.30735187993963,498.1904296875,125873,0.0,0.0
2010-08-24 00:00:00+01:00,503.3721919892536,507.07343159559736,493.00860595703125,493.00860595703125,291740,0.0,0.0
2010-08-25 00:00:00+01:00,497.8203086775198,497.8203086775198,490.7878656833429,494.4891052246094,372221,0.0,0.0
2010-08-26 00:00:00+01:00,494.4891426534518,494.4891426534518,490.0476488080384,490.78790283203125,512793,0.0,0.0
2010-08-27 00:00:00+01:00,490.78785151527484,512.2552462649822,490.78785151527484,510.034423828125,3080979,0.0,0.0
2010-08-31 00:00:00+01:00,507.073436276589,518.17724609375,507.073436276589,518.17724609375,608662,0.0,0.0
2010-09-01 00:00:00+01:00,521.8785695721923,525.5797792938673,518.1772992534263,520.7681884765625,1851529,0.0,0.0
2010-09-02 00:00:00+01:00,518.1770911575616,540.3846435546875,518.1770911575616,540.3846435546875,1323844,0.0,0.0
2010-09-03 00:00:00+01:00,540.384753183961,558.1509077806483,539.6444992673106,557.0404663085938,2201388,0.0,0.0
2010-09-06 00:00:00+01:00,553.3391513567884,561.8521312973628,552.9690244288101,561.1118774414062,1130691,0.0,0.0
2010-09-07 00:00:00+01:00,561.8521754667875,569.9949079253681,545.5665893554688,545.5665893554688,3224916,0.0,0.0
2010-09-08 00:00:00+01:00,540.5387436895642,540.5387436895642,527.9509622509134,536.4662475585938,1526521,15.657701,0.0
2010-09-09 00:00:00+01:00,540.5388051642091,544.2411905135475,530.17241713496,533.1342163085938,953081,0.0,0.0
2010-09-10 00:00:00+01:00,529.431952187963,534.6151462025877,529.431952187963,533.1342163085938,1425534,0.0,0.0
2010-09-13 00:00:00+01:00,529.8021378725321,537.5769585150205,529.8021378725321,537.2067260742188,2874678,0.0,0.0
2010-09-14 00:00:00+01:00,536.8366147654814,544.2412652523054,535.3556846681166,540.5388793945312,1639478,0.0,0.0
2010-09-15 00:00:00+01:00,540.5387708907124,540.9090033407358,530.9127878044532,534.6151123046875,2090230,0.0,0.0
2010-09-16 00:00:00+01:00,533.1342895220694,542.0199307206204,532.393824473387,540.5388793945312,2407669,0.0,0.0
2010-09-17 00:00:00+01:00,525.729439739448,546.4625162477682,525.729439739448,536.0960083007812,20451286,0.0,0.0
2010-09-20 00:00:00+01:00,529.4320544454833,536.0961796412487,522.7678080209868,528.6915893554688,723636,0.0,0.0
2010-09-21 00:00:00+01:00,528.6914731251117,530.1724029795653,522.3974606293317,525.7294921875,1727302,0.0,0.0
2010-09-22 00:00:00+01:00,528.6915078015925,528.6915078015925,518.6951700140263,520.9165649414062,1086772,0.0,0.0
2010-09-23 00:00:00+01:00,522.0272491346506,523.5081790485905,503.5156555175781,503.5156555175781,1489850,0.0,0.0
2010-09-24 00:00:00+01:00,510.9203353944554,510.9203353944554,488.7063563781783,503.5156555175781,361769,0.0,0.0
2010-09-27 00:00:00+01:00,499.81336103990554,510.9203353944554,499.81336103990554,503.5156555175781,44459,0.0,0.0
2010-09-28 00:00:00+01:00,506.1072930549834,510.23167592158813,504.62639332972947,505.737060546875,67875,0.0,0.0
2010-09-29 00:00:00+01:00,499.81336103990554,510.5500423016157,499.81336103990554,503.5156555175781,80498,0.0,0.0
2010-09-30 00:00:00+01:00,503.5156620175029,508.3286539927618,498.702670042244,507.21795654296875,145963,0.0,0.0
2010-10-01 00:00:00+01:00,511.66072838430887,511.66072838430887,497.5918961807163,507.9583435058594,275097,0.0,0.0
2010-10-04 00:00:00+01:00,512.0310394397609,513.8822018560826,502.03473208444547,507.21795654296875,171141,0.0,0.0
2010-10-05 00:00:00+01:00,502.7751970509742,507.21795654296875,496.4813054498356,507.21795654296875,16774,0.0,0.0
2010-10-06 00:00:00+01:00,513.5119693728183,513.5119693728183,501.6644996011811,507.21795654296875,42780,0.0,0.0
2010-10-07 00:00:00+01:00,502.7751970509742,507.21795654296875,492.4086572123945,507.21795654296875,194625,0.0,0.0
2010-10-08 00:00:00+01:00,503.5156620175029,507.21795654296875,496.11107296657127,507.21795654296875,12608,0.0,0.0
2010-10-11 00:00:00+01:00,505.7370408332011,507.217970807908,496.8515519064953,501.2943115234375,37384,0.0,0.0
2010-10-12 00:00:00+01:00,489.81704693432874,493.7711030786991,489.81704693432874,493.14910888671875,265396,0.0,0.0
2010-10-13 00:00:00+01:00,485.37425170984386,497.9621548717338,485.37425170984386,496.11102294921875,310708,0.0,0.0
2010-10-14 00:00:00+01:00,499.0729298006783,506.47751925628313,493.88961413734495,502.0347595214844,356764,0.0,0.0
2010-10-15 00:00:00+01:00,506.4773902002992,508.32855224609375,499.07280263146436,508.32855224609375,366234,0.0,0.0
2010-10-18 00:00:00+01:00,503.51560889469437,510.9202880859375,503.51560889469437,510.9202880859375,350097,0.0,0.0
2010-10-19 00:00:00+01:00,514.2523870014187,517.9546508789062,504.6263130154665,517.9546508789062,110046,0.0,0.0
2010-10-20 00:00:00+01:00,515.363080291764,521.656971263989,502.77514681144066,509.4393005371094,87939,0.0,0.0
2010-10-21 00:00:00+01:00,509.4393448661607,509.4393448661607,497.59196616899555,503.5156555175781,495843,0.0,0.0
2010-10-22 00:00:00+01:00,498.7026463449914,505.7370025784016,488.7063394646786,494.2597961425781,477283,0.0,0.0
2010-10-25 00:00:00+01:00,506.84767302211526,506.84767302211526,497.5919224868799,499.4430847167969,301295,0.0,0.0
2010-10-26 00:00:00+01:00,501.6644490239385,502.03468146987643,493.1490724601912,496.11102294921875,256327,0.0,0.0
2010-10-27 00:00:00+01:00,499.07287881066316,503.51563809154754,492.0384316557241,494.2597961425781,71232,0.0,0.0
2010-10-28 00:00:00+01:00,496.11102294921875,498.23685910306824,491.2979405376762,496.11102294921875,48363,0.0,0.0
2010-10-29 00:00:00+01:00,497.5919768515512,497.5919768515512,489.44683184283986,495.7408447265625,141631,0.0,0.0
2010-11-01 00:00:00+00:00,488.336127382156,494.6300492541073,486.48499528370746,488.70635986328125,322657,0.0,0.0
2010-11-02 00:00:00+00:00,488.7063893955498,502.0347595214844,488.7063893955498,502.0347595214844,369018,0.0,0.0
2010-11-03 00:00:00+00:00,500.5538332879569,501.6645004324125,495.3706088208453,497.2217712402344,98984,0.0,0.0
2010-11-04 00:00:00+00:00,507.21795654296875,507.21795654296875,496.4813054498356,507.21795654296875,82818,0.0,0.0
2010-11-05 00:00:00+00:00,504.2561269840316,513.141736889554,500.5538324585658,507.21795654296875,95377,0.0,0.0
2010-11-08 00:00:00+00:00,512.7714805415718,512.7714805415718,496.11104987724076,504.256103515625,119124,0.0,0.0
2010-11-09 00:00:00+00:00,499.8133239746094,511.66076240754353,496.4812622225217,499.8133239746094,216774,0.0,0.0
2010-11-10 00:00:00+00:00,507.21789854509797,507.21789854509797,497.59191569526394,499.0728454589844,288222,0.0,0.0
2010-11-11 00:00:00+00:00,503.5156181777262,503.5156181777262,496.4812622225217,499.8133239746094,178559,0.0,0.0
2010-11-12 00:00:00+00:00,493.1490725207299,503.51561131543946,492.4086076287631,499.4430847167969,130174,0.0,0.0
2010-11-15 00:00:00+00:00,506.84772461585726,506.84772461585726,496.1110735109431,500.5538330078125,101370,0.0,0.0
2010-11-16 00:00:00+00:00,502.77519102934974,503.51565598701006,489.81705427029397,496.8515319824219,215081,0.0,0.0
2010-11-17 00:00:00+00:00,488.7063134161106,500.9240144392373,488.7063134161106,496.11102294921875,159699,0.0,0.0
2010-11-18 00:00:00+00:00,500.18360080407905,505.7370274478906,494.6300529315563,497.2217712402344,229840,0.0,0.0
2010-11-19 00:00:00+00:00,504.62631553081377,504.996547981843,496.4812622225217,499.8133239746094,179407,0.0,0.0
2010-11-22 00:00:00+00:00,496.8514666954727,502.775124964024,492.408586611779,495.0002136230469,126595,0.0,0.0
2010-11-23 00:00:00+00:00,502.03470481388115,502.03470481388115,489.0765686035156,489.0765686035156,103271,0.0,0.0
2010-11-24 00:00:00+00:00,492.4086098951526,492.4086098951526,483.52312207217847,487.9658508300781,358103,0.0,0.0
2010-11-25 00:00:00+00:00,492.0384250313678,492.40862718487915,481.6719767464765,487.2254333496094,229979,0.0,0.0
2010-11-26 00:00:00+00:00,488.7063113107869,488.7063113107869,472.7863465112126,476.118408203125,186759,0.0,0.0
2010-11-29 00:00:00+00:00,474.2672050449773,481.3016507379664,473.89697265625,473.89697265625,110130,0.0,0.0
2010-11-30 00:00:00+00:00,476.1183524161576,482.41236384686596,466.49237060546875,466.49237060546875,150291,0.0,0.0
2010-12-01 00:00:00+00:00,473.8971439627746,473.8971439627746,459.82830810546875,459.82830810546875,272339,0.0,0.0
2010-12-02 00:00:00+00:00,462.79005673452724,477.22912257957046,462.79005673452724,468.7138366699219,292707,0.0,0.0
2010-12-03 00:00:00+00:00,468.7138240759323,485.0040214639205,468.7138240759323,481.3017272949219,170111,0.0,0.0
2010-12-06 00:00:00+00:00,485.0040214639205,488.7063156329191,479.82070658292804,481.3017272949219,149933,0.0,0.0
2010-12-07 00:00:00+00:00,481.30172047948406,485.00401459605655,479.8206997884621,480.9314880371094,419545,0.0,0.0
2010-12-08 00:00:00+00:00,485.0040517432601,490.92774096778527,475.00774472633657,477.9696044921875,126801,0.0,0.0
2010-12-09 00:00:00+00:00,481.30172047948406,491.66816825162664,475.3779407871402,480.9314880371094,171421,0.0,0.0
2010-12-10 00:00:00+00:00,477.9695737114522,477.9695737114522,473.5268146559615,474.6374816894531,120647,0.0,0.0
2010-12-13 00:00:00+00:00,481.3017332438931,481.3017332438931,466.49243515615404,471.6756591796875,172832,0.0,0.0
2010-12-14 00:00:00+00:00,477.229105536154,477.229105536154,466.86265770889923,476.118408203125,227517,0.0,0.0
2010-12-15 00:00:00+00:00,470.9351135464314,480.9314183492391,470.9351135464314,473.89697265625,72707,0.0,0.0
2010-12-16 00:00:00+00:00,468.3435974121094,477.2291156503074,467.9733649599199,468.3435974121094,143133,0.0,0.0
2010-12-17 00:00:00+00:00,470.19483164098347,470.19483164098347,460.5687561035156,460.5687561035156,368424,0.0,0.0
2010-12-20 00:00:00+00:00,470.19475167958643,470.19475167958643,451.31292724609375,451.31292724609375,90340,0.0,0.0
2010-12-21 00:00:00+00:00,449.4618021625239,454.6450265262545,447.61054885852525,451.6831970214844,113373,0.0,0.0
2010-12-22 00:00:00+00:00,451.31293087784593,470.1947554632822,451.31293087784593,463.1602783203125,445207,0.0,0.0
2010-12-23 00:00:00+00:00,469.45434630448574,473.5268734184695,456.1259765625,456.1259765625,130991,0.0,0.0
2010-12-24 00:00:00+00:00,468.3436969597591,468.3436969597591,452.4237284389551,458.7176208496094,67542,0.0,0.0
2010-12-29 00:00:00+00:00,451.68325739756153,462.0496772035152,444.2785462635581,455.01531982421875,181420,0.0,0.0
2010-12-30 00:00:00+00:00,455.38550860122405,465.0115836591596,447.98079817859264,450.9427490234375,108639,0.0,0.0
2010-12-31 00:00:00+00:00,450.5724523137273,456.86634313934707,450.20221987608215,452.4236145019531,45432,0.0,0.0
2011-01-04 00:00:00+00:00,457.6067978666822,466.49240648029155,453.1640390206375,456.8663330078125,108184,0.0,0.0
2011-01-05 00:00:00+00:00,466.4924481113717,466.4924481113717,451.9793113365949,459.0877685546875,181216,0.0,0.0
2011-01-06 00:00:00+00:00,460.56870521635335,472.41614419078877,455.0152485042632,459.4580078125,166447,0.0,0.0
2011-01-07 00:00:00+00:00,464.6412954235127,465.7519927614983,455.75568641245354,457.97705078125,115600,0.0,0.0
2011-01-10 00:00:00+00:00,459.4580184134917,460.9389180122882,446.87011421271563,451.6831970214844,144425,0.0,0.0
2011-01-11 00:00:00+00:00,463.5305821230763,466.12227027850247,453.9045975849008,462.0496520996094,216256,0.0,0.0
2011-01-12 00:00:00+00:00,463.9006831843877,473.52675591658954,462.7899859814995,466.49237060546875,224212,0.0,0.0
2011-01-13 00:00:00+00:00,469.8244763716055,476.48859917540614,466.49238466253325,470.5649108886719,255549,0.0,0.0
2011-01-14 00:00:00+00:00,473.52688643868714,477.59941366465017,466.49249918862057,470.19482421875,624570,0.0,0.0
2011-01-17 00:00:00+00:00,472.0459115832962,474.6375085510113,462.7900695800781,462.7900695800781,106655,0.0,0.0
2011-01-18 00:00:00+00:00,470.19484904434876,470.19484904434876,455.38554814192156,459.82830810546875,106874,0.0,0.0
2011-01-19 00:00:00+00:00,460.5687361693167,462.79010081913583,456.1259765625,456.1259765625,61525,0.0,0.0
2011-01-20 00:00:00+00:00,459.08778219031456,459.08778219031456,439.8357238769531,439.8357238769531,227621,0.0,0.0
2011-01-21 00:00:00+00:00,437.61431884765625,437.61431884765625,437.61431884765625,437.61431884765625,88381,0.0,0.0
2011-01-24 00:00:00+00:00,442.79760768194296,444.27850734897714,430.5799050875089,432.8013000488281,191723,0.0,0.0
2011-01-25 00:00:00+00:00,436.87384353985186,436.87384353985186,415.03009984066443,435.3929138183594,708125,0.0,0.0
2011-01-26 00:00:00+00:00,433.1714575239831,459.08772758442154,433.1714575239831,456.8663330078125,453901,0.0,0.0
2011-01-27 00:00:00+00:00,452.4236819413492,462.79010081913583,452.4236819413492,456.1259765625,239842,0.0,0.0
2011-01-28 00:00:00+00:00,457.60691402653816,462.7901390471727,452.4237193130846,453.1641540527344,418662,0.0,0.0
2011-01-31 00:00:00+00:00,456.12593916206026,465.3817810311215,451.6831799195314,459.0877685546875,121215,0.0,0.0
2011-02-01 00:00:00+00:00,460.9389308924879,466.1222463225895,458.3473337917932,462.41986083984375,519558,0.0,0.0
2011-02-02 00:00:00+00:00,464.27099272216714,464.27099272216714,454.27477684968324,459.0877685546875,111171,0.0,0.0
2011-02-03 00:00:00+00:00,459.0877717903459,462.419833668933,452.634676901409,460.93890380859375,661552,0.0,0.0
2011-02-04 00:00:00+00:00,455.3855312866943,460.5687561035156,455.3855312866943,460.5687561035156,160759,0.0,0.0
2011-02-07 00:00:00+00:00,457.97705844362775,473.8970538877769,457.97705844362775,468.3435974121094,326648,0.0,0.0
2011-02-08 00:00:00+00:00,470.1947430951482,481.3017162692292,464.6412868152819,479.0802307128906,1340101,0.0,0.0
2011-02-09 00:00:00+00:00,481.3017272949219,487.59564859724185,479.0802416876934,481.3017272949219,449334,0.0,0.0
2011-02-10 00:00:00+00:00,479.8206955911627,487.5956374273676,474.26726961847044,479.0802307128906,254404,0.0,0.0
2011-02-11 00:00:00+00:00,486.48491380179684,486.48491380179684,479.0802048051603,484.2635192871094,182906,0.0,0.0
2011-02-14 00:00:00+00:00,487.22541614962455,492.4086098019177,480.56126239968717,481.3017272949219,10429,0.0,0.0
2011-02-15 00:00:00+00:00,483.5231018066406,491.6681547000373,480.56124234927927,483.5231018066406,227514,0.0,0.0
2011-02-16 00:00:00+00:00,488.33608318530173,495.3705603043809,480.56126239968717,481.3017272949219,758675,0.0,0.0
2011-02-17 00:00:00+00:00,481.3017273860538,503.51561363295076,480.5612624906789,487.9658508300781,984783,0.0,0.0
2011-02-18 00:00:00+00:00,488.7063360474408,495.74081346036814,487.2254365022853,492.40863037109375,202575,0.0,0.0
2011-02-21 00:00:00+00:00,491.6682434082031,493.14914309689834,488.7063834164546,491.6682434082031,76283,0.0,0.0
2011-02-22 00:00:00+00:00,490.1872217188806,492.4085859899889,486.4849277289178,488.3360595703125,281953,0.0,0.0
2011-02-23 00:00:00+00:00,489.446729613195,489.8169620222987,479.450424260223,486.8551330566406,64712,0.0,0.0
2011-02-24 00:00:00+00:00,485.004069317033,485.004069317033,476.1184593903398,480.5613098144531,158594,0.0,0.0
2011-02-25 00:00:00+00:00,487.2254740862547,488.70637374564495,481.3017845271582,486.1147766113281,118259,0.0,0.0
2011-02-28 00:00:00+00:00,488.70643071891163,495.74090949454757,486.11483328246703,490.9278259277344,611179,0.0,0.0
2011-03-01 00:00:00+00:00,496.48130258126616,496.48130258126616,484.26360039695606,488.70635986328125,161133,0.0,0.0
2011-03-02 00:00:00+00:00,485.00406535920655,492.7788868484812,485.00406535920655,488.70635986328125,68418,0.0,0.0
2011-03-03 00:00:00+00:00,487.5956486895655,493.1490747905275,483.52312207217847,487.9658508300781,70573,0.0,0.0
2011-03-04 00:00:00+00:00,485.7444864511283,489.4467806208279,482.41242472911614,487.9658508300781,62470,0.0,0.0
2011-03-07 00:00:00+00:00,488.70637374564495,488.70637374564495,479.8207636390542,486.1147766113281,70259,0.0,0.0
2011-03-08 00:00:00+00:00,487.2254602459579,489.8170573066569,481.67200333625703,488.70635986328125,147431,0.0,0.0
2011-03-09 00:00:00+00:00,489.4468387289293,492.40866835488833,483.893381661475,486.1147766113281,799925,0.0,0.0
2011-03-10 00:00:00+00:00,487.9659194695546,487.9659194695546,476.1184794770423,481.6720275878906,212309,0.0,0.0
2011-03-11 00:00:00+00:00,492.7788066032102,492.7788066032102,475.3779131311049,479.450439453125,262407,0.0,0.0
2011-03-14 00:00:00+00:00,476.8589174707613,478.66567984990235,470.19479346673876,473.52685546875,108935,0.0,0.0
2011-03-15 00:00:00+00:00,470.19474926676384,478.7315832654002,465.75199024599146,466.1221923828125,174879,0.0,0.0
2011-03-16 00:00:00+00:00,466.1222468578204,473.1566338086601,465.7520446777344,465.7520446777344,130566,0.0,0.0
2011-03-17 00:00:00+00:00,470.19471899070294,475.0076798383875,462.79000997323504,469.4542541503906,151076,0.0,0.0
2011-03-18 00:00:00+00:00,469.45428897116693,481.67195974253923,469.45428897116693,481.3017272949219,362067,0.0,0.0
2011-03-21 00:00:00+00:00,485.00404172378785,500.92403763635275,481.3017474001349,492.40863037109375,95058,0.0,0.0
2011-03-22 00:00:00+00:00,494.2597893453458,500.5538017895602,485.0040384451936,493.8895568847656,254235,0.0,0.0
2011-03-23 00:00:00+00:00,494.6300090304178,496.48126220703125,488.7063201213106,496.48126220703125,48642,0.0,0.0
2011-03-24 00:00:00+00:00,492.408594177046,498.7026062011719,492.408594177046,498.7026062011719,166026,0.0,0.0
2011-03-25 00:00:00+00:00,504.2560864093431,504.9965513162907,496.85149795421756,498.3323974609375,105271,0.0,0.0
2011-03-28 00:00:00+01:00,488.7063233571006,502.7751565889226,488.7063233571006,501.6644592285156,155371,0.0,0.0
2011-03-29 00:00:00+01:00,503.5156181777262,515.7333193688646,499.07285907255095,499.8133239746094,311813,0.0,0.0
2011-03-30 00:00:00+01:00,496.1110297714925,503.5156181777262,496.1110297714925,499.8133239746094,362048,0.0,0.0
2011-03-31 00:00:00+01:00,499.8133197679462,499.8133197679462,491.29794315876904,494.6300048828125,387614,0.0,0.0
2011-04-01 00:00:00+01:00,493.14907924173366,503.5156181777262,492.4086143396753,499.8133239746094,212744,0.0,0.0
2011-04-04 00:00:00+01:00,500.92401123046875,514.9928440859898,496.8514846584135,500.92401123046875,202870,0.0,0.0
2011-04-05 00:00:00+01:00,503.88585062875535,509.43930708701816,496.4812622225217,499.8133239746094,265840,0.0,0.0
2011-04-06 00:00:00+01:00,498.48749579419007,498.48749579419007,484.78463153578224,489.59912109375,82790,13.201633,0.0
2011-04-07 00:00:00+01:00,487.3770119177359,499.96883174861426,484.4142307810586,491.4508056640625,301103,0.0,0.0
2011-04-08 00:00:00+01:00,490.339851710235,503.672369244475,489.9695040009505,495.5247802734375,770217,0.0,0.0
2011-04-11 00:00:00+01:00,499.598540734485,514.4124480969821,496.26544189453125,496.26544189453125,571751,0.0,0.0
2011-04-12 00:00:00+01:00,497.37647921810816,499.2281873004849,485.154975468203,487.0067138671875,364693,0.0,0.0
2011-04-13 00:00:00+01:00,492.9322308531619,497.74681146772963,483.67362953115986,494.04327392578125,62720,0.0,0.0
2011-04-14 00:00:00+01:00,495.5247479201683,495.5247479201683,479.9700541959715,488.8584289550781,126410,0.0,0.0
2011-04-15 00:00:00+01:00,482.1922067800035,493.30254581933355,481.8218591136985,484.0439147949219,142041,0.0,0.0
2011-04-18 00:00:00+01:00,486.63638619575033,487.3770815857983,464.7859328225542,465.1562805175781,127796,0.0,0.0
2011-04-19 00:00:00+01:00,470.34105303154996,470.34105303154996,465.15621633325026,465.89691162109375,233056,0.0,0.0
2011-04-20 00:00:00+01:00,469.6004399071435,479.5997370927391,465.1562977191199,468.1190490722656,302271,0.0,0.0
2011-04-21 00:00:00+01:00,472.1927690250204,475.15551991055287,467.00793223788463,471.08172607421875,103143,0.0,0.0
2011-04-26 00:00:00+01:00,482.93292100469296,482.93292100469296,473.6741986682652,479.5997009277344,78615,0.0,0.0
2011-04-27 00:00:00+01:00,478.4886643126933,481.0811585820242,473.3038273570627,478.1183166503906,45481,0.0,0.0
2011-04-28 00:00:00+01:00,479.2294327682006,498.117228256008,479.2294327682006,495.8951721191406,223564,0.0,0.0
2011-04-29 00:00:00+01:00,495.8951721191406,495.8951721191406,495.8951721191406,495.8951721191406,0,0.0,0.0
2011-05-03 00:00:00+01:00,491.0805142007659,508.11647736894116,491.0805142007659,499.5985412597656,182371,0.0,0.0
2011-05-04 00:00:00+01:00,497.74683178768004,500.7096134356172,490.7101950572195,492.9322509765625,100904,0.0,0.0
2011-05-05 00:00:00+01:00,492.5618896484375,498.1171657179044,488.8584430075473,492.5618896484375,257856,0.0,0.0
2011-05-06 00:00:00+01:00,491.0805506564383,498.4875352119448,489.22881209671425,498.1171875,132212,0.0,0.0
2011-05-09 00:00:00+01:00,497.3764686832513,506.26472186029275,495.1542917017144,499.9688720703125,104162,0.0,0.0
2011-05-10 00:00:00+01:00,497.3765164766893,512.5607421692076,497.3765164766893,506.2647705078125,94847,0.0,0.0
2011-05-11 00:00:00+01:00,508.8571497411462,511.44964404836287,501.82057437117265,504.7833557128906,63105,0.0,0.0
2011-05-12 00:00:00+01:00,502.1909290428295,508.8571568380607,502.1909290428295,506.63507080078125,70977,0.0,0.0
2011-05-13 00:00:00+01:00,497.37652661700525,508.85721483497025,497.37652661700525,507.3758239746094,159285,0.0,0.0
2011-05-16 00:00:00+01:00,508.11644870124087,509.59783935546875,504.7833500458346,509.59783935546875,93200,0.0,0.0
2011-05-17 00:00:00+01:00,505.524114965579,509.96825722345596,495.89513502074374,497.37652587890625,354985,0.0,0.0
2011-05-18 00:00:00+01:00,497.7468023141729,505.1537256788134,494.0432648403325,496.26544189453125,134093,0.0,0.0
2011-05-19 00:00:00+01:00,506.63512120398883,510.33859830123276,499.22822764272127,502.19097900390625,26421,0.0,0.0
2011-05-20 00:00:00+01:00,498.85786639499935,502.5613130751291,498.85786639499935,501.82061767578125,27975,0.0,0.0
2011-05-23 00:00:00+01:00,494.04329585056405,505.1537573864291,491.4508922160145,502.9316711425781,65529,0.0,0.0
2011-05-24 00:00:00+01:00,502.19095517857005,506.63509716781016,490.7101767217939,500.7095947265625,198094,0.0,0.0
2011-05-25 00:00:00+01:00,498.8578886811936,505.9833532752937,488.85847002667043,493.3026123046875,60336,0.0,0.0
2011-05-26 00:00:00+01:00,497.37652813292834,505.1537695403055,491.4509040402033,493.3026123046875,122841,0.0,0.0
2011-05-27 00:00:00+01:00,496.2653865501534,496.2653865501534,490.92487410308195,494.7839050292969,200178,0.0,0.0
2011-05-31 00:00:00+01:00,492.93223734418746,494.78397582293707,485.525344062407,492.5618896484375,118421,0.0,0.0
2011-06-01 00:00:00+01:00,492.5618896484375,492.5618896484375,483.30328820451643,492.5618896484375,126569,0.0,0.0
2011-06-02 00:00:00+01:00,480.340506638517,492.6034234027906,480.340506638517,492.5618896484375,60550,0.0,0.0
2011-06-03 00:00:00+01:00,490.71025937249686,492.5619678285432,482.56266940602,492.191650390625,121407,0.0,0.0
2011-06-06 00:00:00+01:00,489.5991243252863,492.191558121015,485.15498242064524,488.8584289550781,129221,0.0,0.0
2011-06-07 00:00:00+01:00,488.1177271510861,490.3398132324219,488.1177271510861,490.3398132324219,123332,0.0,0.0
2011-06-08 00:00:00+01:00,479.22938520851375,488.48810816243986,478.11837240864566,486.26605224609375,165120,0.0,0.0
2011-06-09 00:00:00+01:00,487.3770446777344,488.8584050290409,485.1549586758646,487.3770446777344,107728,0.0,0.0
2011-06-10 00:00:00+01:00,481.8218392017472,485.28608737890045,481.8218392017472,485.1549377441406,165174,0.0,0.0
2011-06-13 00:00:00+01:00,487.00671980405235,489.228775593314,479.5997054846038,482.1922302246094,176244,0.0,0.0
2011-06-14 00:00:00+01:00,480.34051088380204,482.93294477696367,477.0073209593757,477.7480163574219,120538,0.0,0.0
2011-06-15 00:00:00+01:00,481.08119084003323,481.08119084003323,465.5266182969459,467.3783264160156,80471,0.0,0.0
2011-06-16 00:00:00+01:00,468.11906798408364,468.11906798408364,452.194146182396,457.00860595703125,191342,0.0,0.0
2011-06-17 00:00:00+01:00,463.3044312212383,465.156260566759,450.34235340117726,452.194091796875,547194,0.0,0.0
2011-06-20 00:00:00+01:00,451.8237478822437,455.5271943878879,446.63881969787496,454.7864990234375,198121,0.0,0.0
2011-06-21 00:00:00+01:00,454.78648216548714,457.3788855283609,453.3050914914983,455.1568298339844,95639,0.0,0.0
2011-06-22 00:00:00+01:00,454.04582377285004,458.11961814118524,449.60168170588355,453.67547607421875,74830,0.0,0.0
2011-06-23 00:00:00+01:00,451.4533977342815,452.9347581384836,440.01333485220584,444.7870788574219,139383,0.0,0.0
2011-06-24 00:00:00+01:00,447.3794908092465,456.2678650174079,439.23187255859375,439.23187255859375,122809,0.0,0.0
2011-06-27 00:00:00+01:00,441.4540271235293,446.6388648826043,441.4540271235293,444.4167785644531,90218,0.0,0.0
2011-06-28 00:00:00+01:00,443.6759931113607,444.41668840047095,432.82483137917944,437.0097961425781,148903,0.0,0.0
2011-06-29 00:00:00+01:00,440.3429839644537,455.3390955840982,438.49127568260536,444.4167785644531,192245,0.0,0.0
2011-06-30 00:00:00+01:00,448.4905878887183,455.1569076952538,442.19473708048145,451.4534606933594,132332,0.0,0.0
2011-07-01 00:00:00+01:00,452.1941697644795,453.6755304198472,447.74990589869924,451.8238220214844,238890,0.0,0.0
2011-07-04 00:00:00+01:00,455.1569103678613,455.1569103678613,446.26853443464296,447.37957763671875,58120,0.0,0.0
2011-07-05 00:00:00+01:00,454.0458495930524,454.0458495930524,444.4167785644531,444.4167785644531,118434,0.0,0.0
2011-07-06 00:00:00+01:00,448.12022544476076,448.4905731644526,444.4167785644531,444.4167785644531,160000,0.0,0.0
2011-07-07 00:00:00+01:00,450.3424336619992,450.3424336619992,439.6023187362226,441.0837097167969,201212,0.0,0.0
2011-07-08 00:00:00+01:00,448.49044970302543,452.9346817491318,430.7137943680236,433.6766662597656,142187,0.0,0.0
2011-07-11 00:00:00+01:00,430.3435392270233,438.3882333635351,425.1587320976781,426.2697448730469,183907,0.0,0.0
2011-07-12 00:00:00+01:00,424.41801613641076,429.23250565173674,417.0110019156052,424.04766845703125,120758,0.0,0.0
2011-07-13 00:00:00+01:00,423.3069757719856,427.75111763600233,417.75169991298907,419.973876953125,52063,0.0,0.0
2011-07-14 00:00:00+01:00,418.12213337274704,418.12213337274704,409.60410648196876,414.0482482910156,157602,0.0,0.0
2011-07-15 00:00:00+01:00,414.78896768872704,427.7511371399103,410.7151733206787,415.5296630859375,142496,0.0,0.0
2011-07-18 00:00:00+01:00,417.38141892171996,417.38141892171996,408.1227860325957,415.15936279296875,58564,0.0,0.0
2011-07-19 00:00:00+01:00,419.23322563693887,422.56632480599563,414.7889923561597,420.3442687988281,77931,0.0,0.0
2011-07-20 00:00:00+01:00,418.49249267578125,422.19593923343564,417.7517063511037,418.49249267578125,83525,0.0,0.0
2011-07-21 00:00:00+01:00,418.1221951048752,422.5663375700612,414.7890048853027,417.38140869140625,165253,0.0,0.0
2011-07-22 00:00:00+01:00,423.67735810704954,432.9359902740822,417.3813863696565,425.8994140625,184701,0.0,0.0
2011-07-25 00:00:00+01:00,425.5290966671002,428.8621957585811,421.8256195469989,425.8994140625,71670,0.0,0.0
2011-07-26 00:00:00+01:00,422.5662504897869,427.0103920391472,421.08489018440395,423.30694580078125,60813,0.0,0.0
2011-07-27 00:00:00+01:00,425.8994137865872,425.8994137865872,420.7146064550249,422.5663146972656,45031,0.0,0.0
2011-07-28 00:00:00+01:00,427.7511526225507,427.7511526225507,419.23321587953825,425.8994140625,59013,0.0,0.0
2011-07-29 00:00:00+01:00,423.30697252734933,438.86157504030996,420.34422141291685,420.7145690917969,51073,0.0,0.0
2011-08-01 00:00:00+01:00,429.60285604459597,431.27317987170585,416.64065686783294,419.973876953125,121019,0.0,0.0
2011-08-02 00:00:00+01:00,416.2703041010502,422.19592756937936,399.97503662109375,399.97503662109375,133338,0.0,0.0
2011-08-03 00:00:00+01:00,401.08610021784756,402.5675819524097,375.90254782718085,381.45770263671875,190238,0.0,0.0
2011-08-04 00:00:00+01:00,387.383324268439,396.2716082945194,359.31093267289157,371.4582824707031,193111,0.0,0.0
2011-08-05 00:00:00+01:00,362.94039515544284,362.94039515544284,352.3484081141205,357.0148620605469,165544,0.0,0.0
2011-08-08 00:00:00+01:00,348.4227053377444,365.68092065820696,346.4228701576804,347.7561340332031,107642,0.0,0.0
2011-08-09 00:00:00+01:00,350.34849759669675,350.8669722019755,318.4986286667049,339.2380676269531,195362,0.0,0.0
2011-08-10 00:00:00+01:00,344.2007870911469,352.8669106490219,339.0159499041967,342.0527038574219,247970,0.0,0.0
2011-08-11 00:00:00+01:00,340.42318662337175,379.235595703125,339.97874519451864,379.235595703125,386212,0.0,0.0
2011-08-12 00:00:00+01:00,368.34743663506725,404.78963781290304,362.86625435161716,381.45770263671875,111488,0.0,0.0
2011-08-15 00:00:00+01:00,392.19782983686474,399.5365716464154,368.3474494965021,378.4949645996094,77930,0.0,0.0
2011-08-16 00:00:00+01:00,378.4949335084269,390.7164069052985,375.1618347167969,375.1618347167969,48364,0.0,0.0
2011-08-17 00:00:00+01:00,381.45765763409395,382.5687005915694,370.7175757118313,377.75421142578125,39044,0.0,0.0
2011-08-18 00:00:00+01:00,380.71706771548804,380.71706771548804,368.86591018233383,374.7915344238281,83491,0.0,0.0
2011-08-19 00:00:00+01:00,366.2734263814543,382.5686924267119,357.3851435445572,372.56939697265625,114599,0.0,0.0
2011-08-22 00:00:00+01:00,370.3473154420705,401.8268430148029,370.3473154420705,395.1606140136719,83119,0.0,0.0
2011-08-23 00:00:00+01:00,382.19840003298765,395.9012648636312,379.9763441608439,391.4571228027344,61847,0.0,0.0
2011-08-24 00:00:00+01:00,382.93914789130343,396.2716668503557,381.45775689585315,386.2722473144531,81802,0.0,0.0
2011-08-25 00:00:00+01:00,396.271617164824,416.64068016511396,392.9385181595867,400.71575927734375,53366,0.0,0.0
2011-08-26 00:00:00+01:00,408.86348038903384,408.86348038903384,385.5315424603184,395.1606140136719,59860,0.0,0.0
2011-08-30 00:00:00+01:00,401.0860578325006,404.048899722086,388.86467609977666,394.4198303222656,65175,0.0,0.0
2011-08-31 00:00:00+01:00,397.0123083589659,398.49369915296404,385.16115169037175,394.79022216796875,118059,0.0,0.0
2011-09-01 00:00:00+01:00,398.4936545497795,409.97443191822754,394.4198303222656,394.4198303222656,46859,0.0,0.0
2011-09-02 00:00:00+01:00,405.9005836495427,417.381268530692,385.1610569991306,388.8646240234375,78408,0.0,0.0
2011-09-05 00:00:00+01:00,392.56814897760864,400.893544257355,390.3460628846265,391.82745361328125,166786,0.0,0.0
2011-09-06 00:00:00+01:00,385.1611633300781,407.0117388351009,385.1611633300781,385.1611633300781,158123,0.0,0.0
2011-09-07 00:00:00+01:00,383.83480461988563,388.2808331836693,359.45610486469747,374.2019348144531,155628,15.657701,0.0
2011-09-08 00:00:00+01:00,376.7953880297641,383.0937814365493,361.01219100719067,370.86737060546875,156816,0.0,0.0
2011-09-09 00:00:00+01:00,372.71989849344175,379.38878831088266,368.71849181373386,377.90679931640625,110333,0.0,0.0
2011-09-12 00:00:00+01:00,366.79189285463247,373.8906033668441,358.27051653861645,372.71990966796875,203678,0.0,0.0
2011-09-13 00:00:00+01:00,364.4948431606191,389.0218202210145,364.4948431606191,384.9462890625,120039,0.0,0.0
2011-09-14 00:00:00+01:00,384.57582573181156,388.6513572505083,371.6083881180243,381.6118469238281,74919,0.0,0.0
2011-09-15 00:00:00+01:00,379.7593731081666,401.9891524924006,377.5363891039715,385.3167724609375,62884,0.0,0.0
2011-09-16 00:00:00+01:00,385.3167004752173,396.0611514837164,382.3527526855469,382.3527526855469,728584,0.0,0.0
2011-09-19 00:00:00+01:00,385.3166836310853,387.1691698741808,368.299104456669,377.90679931640625,37895,0.0,0.0
2011-09-20 00:00:00+01:00,381.9823179923572,381.9823179923572,369.0149115996581,374.2019348144531,91073,0.0,0.0
2011-09-21 00:00:00+01:00,373.0903845930775,379.018310546875,369.31131852865843,379.018310546875,56690,0.0,0.0
2011-09-22 00:00:00+01:00,367.9775242803342,370.4968511636171,360.5031299510498,369.0148620605469,48073,0.0,0.0
2011-09-23 00:00:00+01:00,369.0149101618373,369.6077180118797,360.78990596228795,368.71856689453125,46650,0.0,0.0
2011-09-26 00:00:00+01:00,364.19842148556256,369.45950697326487,364.19842148556256,364.7912292480469,51010,0.0,0.0
2011-09-27 00:00:00+01:00,363.0869803773347,370.4968655221474,356.86258950859025,364.5689392089844,53253,0.0,0.0
2011-09-28 00:00:00+01:00,354.41729064856764,364.3465927819197,353.4391548491409,363.0869445800781,50646,0.0,0.0
2011-09-29 00:00:00+01:00,369.97823934051826,369.97823934051826,353.3800127375698,355.6029968261719,65851,0.0,0.0
2011-09-30 00:00:00+01:00,355.6770324707031,355.6770324707031,341.9456715324245,355.6770324707031,183752,0.0,0.0
2011-10-03 00:00:00+01:00,344.1175026638991,355.676981983361,344.1175026638991,351.8238525390625,28033,0.0,0.0
2011-10-04 00:00:00+01:00,339.9679868113477,349.74913506578156,337.2263488769531,337.2263488769531,106982,0.0,0.0
2011-10-05 00:00:00+01:00,351.6757024476978,351.8980129623823,333.81770807219334,334.2623291015625,31932,0.0,0.0
2011-10-06 00:00:00+01:00,327.37107730557545,366.79198333314855,327.37107730557545,355.6770324707031,184629,0.0,0.0
2011-10-07 00:00:00+01:00,355.67699538720365,355.67699538720365,348.8599176266283,355.52880859375,47326,0.0,0.0
2011-10-10 00:00:00+01:00,355.60298671882873,355.60298671882873,349.8232464500572,351.9720764160156,34189,0.0,0.0
2011-10-11 00:00:00+01:00,341.0794792969977,359.3079429063062,341.0794792969977,355.6770324707031,204202,0.0,0.0
2011-10-12 00:00:00+01:00,354.12091951162273,369.3853397399725,354.12091951162273,368.5703125,100782,0.0,0.0
2011-10-13 00:00:00+01:00,370.49689137176773,373.8314278732634,366.4955749511719,366.4955749511719,76991,0.0,0.0
2011-10-14 00:00:00+01:00,359.0856360914362,387.1692810058594,359.0856360914362,387.1692810058594,51174,0.0,0.0
2011-10-17 00:00:00+01:00,390.8743152132328,390.8743152132328,381.982348365205,387.1692810058594,18603,0.0,0.0
2011-10-18 00:00:00+01:00,381.98217278353206,390.13317150380664,379.3887228197384,384.5756530761719,13874,0.0,0.0
2011-10-19 00:00:00+01:00,383.09375,389.02176693784423,374.9428707725156,383.09375,31520,0.0,0.0
2011-10-20 00:00:00+01:00,368.79261825384486,387.9102582266585,365.38404960711233,374.5723571777344,43932,0.0,0.0
2011-10-21 00:00:00+01:00,382.72331264336856,382.72331264336856,370.99490074490313,374.2019348144531,33662,0.0,0.0
2011-10-24 00:00:00+01:00,369.82988938966815,384.5756530761719,369.82988938966815,384.5756530761719,15328,0.0,0.0
2011-10-25 00:00:00+01:00,379.3887999448601,389.0217590332031,379.3887999448601,389.0217590332031,36280,0.0,0.0
2011-10-26 00:00:00+01:00,381.6118634727789,389.0218714717988,376.7687083031769,381.98236083984375,43054,0.0,0.0
2011-10-27 00:00:00+01:00,388.6513056148089,396.43168829435444,385.3167389122744,392.72674560546875,116064,0.0,0.0
2011-10-28 00:00:00+01:00,392.72674560546875,392.72674560546875,385.3167389122744,392.72674560546875,73450,0.0,0.0
2011-10-31 00:00:00+00:00,385.31677773343483,392.726785173197,378.2773889482101,386.79876708984375,163244,0.0,0.0
2011-11-01 00:00:00+00:00,380.12981460143794,383.83475706865164,368.348025373026,368.42205810546875,36066,0.0,0.0
2011-11-02 00:00:00+00:00,377.53636646029724,377.53636646029724,364.6431146012155,370.49688720703125,45693,0.0,0.0
2011-11-03 00:00:00+00:00,368.2738952636719,374.20191278042034,368.2738952636719,368.2738952636719,47573,0.0,0.0
2011-11-04 00:00:00+00:00,359.53017231261475,383.09375,359.38198553715245,383.09375,47938,0.0,0.0
2011-11-07 00:00:00+00:00,370.4969403696132,373.831477312098,348.41534594336014,359.382080078125,44523,0.0,0.0
2011-11-08 00:00:00+00:00,353.1576737482006,384.9462890625,353.1576737482006,384.9462890625,86285,0.0,0.0
2011-11-09 00:00:00+00:00,380.5003449547854,380.5003449547854,365.423354765234,370.49688720703125,107414,0.0,0.0
2011-11-10 00:00:00+00:00,362.197763302983,367.9775022618049,355.6769388504092,363.0869445800781,107843,0.0,0.0
2011-11-11 00:00:00+00:00,356.26980036942274,366.347412109375,355.97345711374203,366.347412109375,107712,0.0,0.0
2011-11-14 00:00:00+00:00,356.86261224617766,363.0870035115108,349.2304161094602,354.19500732421875,38806,0.0,0.0
2011-11-15 00:00:00+00:00,355.6030255488937,365.0136771480742,348.04486083984375,348.04486083984375,74035,0.0,0.0
2011-11-16 00:00:00+00:00,350.63828669279354,357.75182976851636,349.0081408082713,355.6770324707031,150193,0.0,0.0
2011-11-17 00:00:00+00:00,366.71786584115813,369.16316012723945,348.26709442750047,361.9754943847656,91851,0.0,0.0
2011-11-18 00:00:00+00:00,364.4947581409279,374.2018402069292,354.98781615620345,364.6430358886719,158806,0.0,0.0
2011-11-21 00:00:00+00:00,408.28755589447985,414.95647624527487,381.24125591590985,389.0217590332031,1264230,0.0,0.0
2011-11-22 00:00:00+00:00,391.6153057296319,396.43174096374526,374.942955263585,381.6118469238281,452912,0.0,0.0
2011-11-23 00:00:00+00:00,387.1692359096707,388.2808188316735,361.9755096930908,370.49688720703125,454778,0.0,0.0
2011-11-24 00:00:00+00:00,378.2772965650254,403.100642551356,367.9774973164957,377.90679931640625,199825,0.0,0.0
2011-11-25 00:00:00+00:00,391.2447314912939,395.3201712225067,383.83475559868265,394.2087097167969,128993,0.0,0.0
2011-11-28 00:00:00+00:00,390.87426909946504,414.9565336733624,389.0218128720438,403.8417053222656,455447,0.0,0.0
2011-11-29 00:00:00+00:00,415.3270309846179,422.3665102273298,401.6186304681628,403.8417053222656,134658,0.0,0.0
2011-11-30 00:00:00+00:00,392.72675185922276,412.363048508228,392.72675185922276,411.2515869140625,1655367,0.0,0.0
2011-12-01 00:00:00+00:00,423.4780196148179,423.4780196148179,400.13665771484375,400.13665771484375,469591,0.0,0.0
2011-12-02 00:00:00+00:00,407.54663879725365,415.3270214981965,403.1895347113124,409.76959228515625,353393,0.0,0.0
2011-12-05 00:00:00+00:00,416.06799882995114,421.6255187988281,410.1400725602266,421.6255187988281,132952,0.0,0.0
2011-12-06 00:00:00+00:00,416.06798462885416,420.14351530898176,411.2515503857562,417.9204406738281,87913,0.0,0.0
2011-12-07 00:00:00+00:00,411.2515869140625,424.2189926826496,407.91714147385346,411.2515869140625,92439,0.0,0.0
2011-12-08 00:00:00+00:00,420.1435767942519,420.1435767942519,384.2053055538134,400.8776550292969,347044,0.0,0.0
2011-12-09 00:00:00+00:00,402.3596984510922,407.5467224121094,394.9497812038212,407.5467224121094,197675,0.0,0.0
2011-12-12 00:00:00+00:00,412.3630886277863,417.17952376729073,392.3562927246094,392.3562927246094,77283,0.0,0.0
2011-12-13 00:00:00+00:00,393.8381959078082,404.2121192616379,389.76275634765625,389.76275634765625,80741,0.0,0.0
2011-12-14 00:00:00+00:00,396.06114915477633,396.06114915477633,377.1658190891534,389.76275634765625,82934,0.0,0.0
2011-12-15 00:00:00+00:00,382.35279082693694,398.65467210499935,381.9822935251628,392.72674560546875,174160,0.0,0.0
2011-12-16 00:00:00+00:00,379.7592618231741,400.13654856586726,379.7592618231741,387.53973388671875,291576,0.0,0.0
2011-12-19 00:00:00+00:00,387.91032151986246,394.57921247474775,366.4214471059666,370.49688720703125,179454,0.0,0.0
2011-12-20 00:00:00+00:00,366.8660486844335,382.7232781969267,366.8660486844335,377.5363464355469,117719,0.0,0.0
2011-12-21 00:00:00+00:00,374.2018924838697,402.3595950504645,374.2018924838697,383.4642639160156,202391,0.0,0.0
2011-12-22 00:00:00+00:00,387.9103701867495,391.24481608252876,374.5724652881911,374.9429626464844,121634,0.0,0.0
2011-12-23 00:00:00+00:00,376.0543625750416,387.16918961374216,374.572373505007,383.09375,7923,0.0,0.0
2011-12-28 00:00:00+00:00,374.2018970437235,405.3236389160156,374.2018970437235,405.3236389160156,69331,0.0,0.0
2011-12-29 00:00:00+00:00,407.17614536798,409.02860157071217,396.80219046222936,398.2841796875,136444,0.0,0.0
2011-12-30 00:00:00+00:00,391.24471226423327,391.24471226423327,385.31669544684206,389.0217590332031,83882,0.0,0.0
2012-01-03 00:00:00+00:00,385.6871927068225,391.98570678419406,382.35274769585106,389.0217590332031,60160,0.0,0.0
2012-01-04 00:00:00+00:00,392.35634181893965,402.3597106933594,387.91040346684895,402.3597106933594,73840,0.0,0.0
2012-01-05 00:00:00+00:00,393.0972429072429,397.91367750145105,392.72674560546875,392.72674560546875,93875,0.0,0.0
2012-01-06 00:00:00+00:00,386.79877504419056,407.91718446502597,386.79877504419056,401.9891662597656,60003,0.0,0.0
2012-01-09 00:00:00+00:00,397.54310312134186,408.65802001953125,394.5791252818247,408.65802001953125,65298,0.0,0.0
2012-01-10 00:00:00+00:00,410.51067111370054,412.7336250576784,406.8057276544961,407.5467224121094,61108,0.0,0.0
2012-01-11 00:00:00+00:00,403.84170141829657,416.27183149881535,402.73020949527483,411.2515869140625,83884,0.0,0.0
2012-01-12 00:00:00+00:00,400.50711890457006,408.28759238845316,400.50711890457006,406.8056335449219,58476,0.0,0.0
2012-01-13 00:00:00+00:00,396.0611790552173,407.91712268350517,396.0611790552173,406.06463623046875,85537,0.0,0.0
2012-01-16 00:00:00+00:00,401.2481330434312,403.5304401536733,393.83824747812895,399.7661437988281,99751,0.0,0.0
2012-01-17 00:00:00+00:00,401.618597078848,411.9925512604017,400.1366079570338,407.1761169433594,45870,0.0,0.0
2012-01-18 00:00:00+00:00,407.9171447753906,408.2876117572067,399.76614328288065,407.9171447753906,58435,0.0,0.0
2012-01-19 00:00:00+00:00,408.2875696925853,424.95994695514787,407.54660547643584,413.10400390625,180171,0.0,0.0
2012-01-20 00:00:00+00:00,416.43846579273065,421.99598576166403,410.1400725643856,413.4745178222656,420596,0.0,0.0
2012-01-23 00:00:00+00:00,410.8810531109907,417.9204406738281,407.7873887351574,417.9204406738281,80906,0.0,0.0
2012-01-24 00:00:00+00:00,420.14355874067724,429.77642822265625,417.71306482495925,429.77642822265625,125962,0.0,0.0
2012-01-25 00:00:00+00:00,423.1075700105577,429.77649231134893,412.36311600058986,417.550048828125,84300,0.0,0.0
2012-01-26 00:00:00+00:00,419.03211360870137,427.1829947488994,419.03211360870137,426.0715026855469,345152,0.0,0.0
2012-01-27 00:00:00+00:00,407.9171268929497,423.8484802246094,406.790834528348,423.8484802246094,71131,0.0,0.0
2012-01-30 00:00:00+00:00,425.3304639128938,438.07774222281387,415.32700676352056,422.3664855957031,112459,0.0,0.0
2012-01-31 00:00:00+00:00,418.6615475461283,440.15032991995105,418.6615475461283,431.9993591308594,291347,0.0,0.0
2012-02-01 00:00:00+00:00,438.6683293657125,447.5602029100954,414.9194126405777,437.18634033203125,207697,0.0,0.0
2012-02-02 00:00:00+00:00,430.146831764341,437.18634033203125,423.1074445120596,437.18634033203125,120329,0.0,0.0
2012-02-03 00:00:00+00:00,430.88790035234007,439.03890209647733,427.92395210431664,432.7403869628906,257553,0.0,0.0
2012-02-06 00:00:00+00:00,438.6683288536941,438.6683288536941,427.0198962757099,433.1108093261719,49194,0.0,0.0
2012-02-07 00:00:00+00:00,431.6288790406198,433.11086827427584,416.9720952931762,428.29443359375,125239,0.0,0.0
2012-02-08 00:00:00+00:00,432.74028134344275,432.74028134344275,426.81235596537437,429.03533935546875,33442,0.0,0.0
2012-02-09 00:00:00+00:00,425.7010367867367,429.77647736762293,420.514104139556,421.9960632324219,72924,0.0,0.0
2012-02-10 00:00:00+00:00,392.7267669806719,416.80900192016406,389.0218240901348,415.6975402832031,309413,0.0,0.0
2012-02-13 00:00:00+00:00,412.3630368890697,429.9838895586925,412.3630368890697,420.5140380859375,321852,0.0,0.0
2012-02-14 00:00:00+00:00,420.51407989283115,426.8124739142825,418.29109588841885,419.402587890625,262443,0.0,0.0
2012-02-15 00:00:00+00:00,424.2189583778625,426.81240899300235,410.88105638018095,418.6615295410156,165123,0.0,0.0
2012-02-16 00:00:00+00:00,420.884521078566,423.10747445756556,414.5860065819379,416.8089599609375,155536,0.0,0.0
2012-02-17 00:00:00+00:00,418.6615295410156,427.22733804149584,417.1794494436008,418.6615295410156,221017,0.0,0.0
2012-02-20 00:00:00+00:00,418.6615795164335,423.10751705084954,413.15892393265483,415.6975402832031,289503,0.0,0.0
2012-02-21 00:00:00+00:00,409.7695587825908,421.6255018314887,408.53951147734864,413.10400390625,221054,0.0,0.0
2012-02-22 00:00:00+00:00,416.43846307781735,423.4779721505174,413.4745151266754,420.884521484375,138193,0.0,0.0
2012-02-23 00:00:00+00:00,422.36651542133455,426.44195556640625,418.6615725920745,426.44195556640625,120347,0.0,0.0
2012-02-24 00:00:00+00:00,422.3665168187114,422.3665168187114,418.29107666015625,418.29107666015625,178027,0.0,0.0
2012-02-27 00:00:00+00:00,422.36648862616966,422.36648862616966,414.9565124511719,414.9565124511719,37755,0.0,0.0
2012-02-28 00:00:00+00:00,421.2550390005973,422.3665005801207,408.2876030739839,409.76959228515625,275072,0.0,0.0
2012-02-29 00:00:00+00:00,414.9566093305183,416.43856851688287,406.43523027568943,407.5467224121094,114328,0.0,0.0
2012-03-01 00:00:00+00:00,409.7696134610293,418.6615795164335,406.61295565448216,415.6975402832031,65179,0.0,0.0
2012-03-02 00:00:00+00:00,419.40254865999566,420.766649596119,415.69751500815806,417.1794738769531,42717,0.0,0.0
2012-03-05 00:00:00+00:00,416.8089858714588,420.1435526270928,409.028603068019,411.2515869140625,70746,0.0,0.0
2012-03-06 00:00:00+00:00,411.6219978590484,411.6219978590484,397.9136003512815,408.65802001953125,88373,0.0,0.0
2012-03-07 00:00:00+00:00,406.06465759575326,416.43849129201686,406.06465759575326,411.9925842285156,42236,0.0,0.0
2012-03-08 00:00:00+00:00,408.65802570804965,411.62200358882535,401.24805067726004,410.1400146484375,80112,0.0,0.0
2012-03-09 00:00:00+00:00,407.9171199327779,409.91776282816943,399.8031807970258,405.3236389160156,58061,0.0,0.0
2012-03-12 00:00:00+00:00,407.1761468585056,413.8450377389237,400.1366373549887,411.2515869140625,52455,0.0,0.0
2012-03-13 00:00:00+00:00,411.25163883637396,426.0715026855469,409.39915206411985,426.0715026855469,169772,0.0,0.0
2012-03-14 00:00:00+00:00,419.0320403177184,426.8124227426344,418.29104573842073,422.3664855957031,230458,0.0,0.0
2012-03-15 00:00:00+00:00,425.70097794548354,429.40592065883357,417.1794792906979,422.73699951171875,106813,0.0,0.0
2012-03-16 00:00:00+00:00,421.254971640811,426.0713751492536,420.51397715371183,424.58941650390625,501831,0.0,0.0
2012-03-19 00:00:00+00:00,421.25501876937454,422.5043249386363,419.77302962937637,420.884521484375,200608,0.0,0.0
2012-03-20 00:00:00+00:00,420.1435659328315,422.36651952041865,414.215548164599,419.0320739746094,75680,0.0,0.0
2012-03-21 00:00:00+00:00,419.0320403177184,422.3664855957031,410.1364052458667,422.3664855957031,85506,0.0,0.0
2012-03-22 00:00:00+00:00,419.03214115511554,419.03214115511554,407.5467224121094,407.5467224121094,41006,0.0,0.0
2012-03-23 00:00:00+00:00,411.2515698569555,420.5140324934889,409.7695806877269,414.9565124511719,234909,0.0,0.0
2012-03-26 00:00:00+01:00,411.9925696562514,423.84848316014285,404.58265404517465,416.4384765625,276183,0.0,0.0
2012-03-27 00:00:00+01:00,420.14354325882096,424.5153264710947,415.69751500815806,417.1794738769531,515164,0.0,0.0
2012-03-28 00:00:00+01:00,410.8811493922008,417.55004124298495,410.8811493922008,415.32708740234375,94193,0.0,0.0
2012-03-29 00:00:00+01:00,416.80897385949663,417.25659743565683,410.88107776526164,416.4384765625,232267,0.0,0.0
2012-03-30 00:00:00+01:00,414.9564961061743,419.66480802388713,414.9564961061743,418.6615295410156,636719,0.0,0.0
2012-04-02 00:00:00+01:00,417.5499053039962,419.7729797363281,413.1039687412877,419.7729797363281,272002,0.0,0.0
2012-04-03 00:00:00+01:00,416.8089741270273,420.8845353831719,414.9565179697106,420.5140380859375,406580,0.0,0.0
2012-04-04 00:00:00+01:00,403.2444956993243,409.91576542067116,392.8668402918998,404.3563537597656,393632,15.0842,0.0
2012-04-05 00:00:00+01:00,403.244499141161,415.10455115793775,401.39126077279195,413.25140380859375,287479,0.0,0.0
2012-04-10 00:00:00+01:00,412.88071119001194,420.5898090521375,409.915706224224,411.3982238769531,304162,0.0,0.0
2012-04-11 00:00:00+01:00,407.6919685194551,415.1044962571163,407.6919685194551,408.4331970214844,347196,0.0,0.0
2012-04-12 00:00:00+01:00,411.39828937312666,412.51014745001515,402.1325222287537,409.915771484375,123931,0.0,0.0
2012-04-13 00:00:00+01:00,408.8039052563772,413.25142882435426,404.72701118070466,407.6920471191406,136077,0.0,0.0
2012-04-16 00:00:00+01:00,404.72689652630714,407.2145066052431,393.9786442943311,394.3492736816406,180749,0.0,0.0
2012-04-17 00:00:00+01:00,391.75491987998646,395.46118390451215,388.78991472830035,392.12554931640625,255265,0.0,0.0
2012-04-18 00:00:00+01:00,395.46122780994324,397.31437519778484,388.41932841549635,392.8668518066406,209751,0.0,0.0
2012-04-19 00:00:00+01:00,383.971737881023,393.23750573606026,378.41232571148464,387.307373046875,243595,0.0,0.0
2012-04-20 00:00:00+01:00,383.97164347195326,392.29821422230873,382.11849642452404,388.7898864746094,110494,0.0,0.0
2012-04-23 00:00:00+01:00,391.7548508791986,391.7548508791986,376.55907700212987,386.56597900390625,134089,0.0,0.0
2012-04-24 00:00:00+01:00,386.56609000862784,397.6850046753532,383.97171400532517,392.8668518066406,112530,0.0,0.0
2012-04-25 00:00:00+01:00,395.83174336093134,396.20237273182676,388.04858725146215,395.0904846191406,127644,0.0,0.0
2012-04-26 00:00:00+01:00,398.796857864331,401.02060419354143,389.1605529785156,389.1605529785156,94617,0.0,0.0
2012-04-27 00:00:00+01:00,381.37725269199893,403.61507882016923,381.37725269199893,396.57305908203125,199134,0.0,0.0
2012-04-30 00:00:00+01:00,393.6080538878379,395.46117066823996,391.38427734375,391.38427734375,49805,0.0,0.0
2012-05-01 00:00:00+01:00,389.5311628357163,394.3493150363428,387.3072952596415,393.2374267578125,79516,0.0,0.0
2012-05-02 00:00:00+01:00,392.8668544634185,393.2374839434932,386.19546314272185,389.5312194824219,151692,0.0,0.0
2012-05-03 00:00:00+01:00,386.1954307358651,392.8668214967447,383.9716843816941,387.67803955078125,431078,0.0,0.0
2012-05-04 00:00:00+01:00,383.97163526623063,388.78987816591774,372.11158543515074,372.85284423828125,165881,0.0,0.0
2012-05-08 00:00:00+01:00,376.5590284496812,376.92965777303317,350.170166015625,350.170166015625,296183,0.0,0.0
2012-05-09 00:00:00+01:00,355.95220076371123,360.72363048341145,347.2794528730229,351.28228759765625,454070,0.0,0.0
2012-05-10 00:00:00+01:00,355.0626429021299,367.0710267914225,352.17178735934425,363.216552734375,329152,0.0,0.0
2012-05-11 00:00:00+01:00,357.4346695809887,363.43886016417696,353.9507044621722,362.6976013183594,502558,0.0,0.0
2012-05-14 00:00:00+01:00,363.2164838893239,372.8528795831801,362.47522501592516,365.885009765625,265271,0.0,0.0
2012-05-15 00:00:00+01:00,364.1059466120106,369.22066916951286,356.8416583049086,367.6639709472656,208103,0.0,0.0
2012-05-16 00:00:00+01:00,364.40248208536553,367.88635592976675,357.953482056053,358.47235107421875,66252,0.0,0.0
2012-05-17 00:00:00+01:00,363.6612758926869,363.6612758926869,355.80384661549374,356.5451965332031,368730,0.0,0.0
2012-05-18 00:00:00+01:00,356.10038998059275,359.28778480000295,343.94376923356424,344.6850280761719,492223,0.0,0.0
2012-05-21 00:00:00+01:00,346.61222446822944,346.7605551156798,337.2723693847656,337.2723693847656,169434,0.0,0.0
2012-05-22 00:00:00+01:00,341.5716523458927,344.4626284971711,337.2723693847656,337.2723693847656,289724,0.0,0.0
2012-05-23 00:00:00+01:00,337.2723598984346,340.16330562873037,324.819290929976,327.11712646484375,226409,0.0,0.0
2012-05-24 00:00:00+01:00,332.2318491887572,334.60383509626445,324.0780623013732,329.85986328125,94513,0.0,0.0
2012-05-25 00:00:00+01:00,331.4905160355649,336.5103046851148,323.04019108632104,326.079345703125,151254,0.0,0.0
2012-05-29 00:00:00+01:00,326.0794422353976,329.7116473658834,319.4081726074219,319.4081726074219,93412,0.0,0.0
2012-05-30 00:00:00+01:00,318.7409717539029,325.523527284406,312.0697021484375,312.0697021484375,236534,0.0,0.0
2012-05-31 00:00:00+01:00,313.62628825327,314.88650733797436,302.72979394045086,303.91583251953125,261234,0.0,0.0
2012-06-01 00:00:00+01:00,305.62066575629296,312.8108939464159,300.431884765625,300.431884765625,279708,0.0,0.0
2012-06-06 00:00:00+01:00,303.02630390726915,310.142382978461,300.9507972788273,306.3619384765625,226280,0.0,0.0
2012-06-07 00:00:00+01:00,306.80678061541676,321.0389099121094,305.6948921957107,321.0389099121094,270921,0.0,0.0
2012-06-08 00:00:00+01:00,316.88781922699235,324.44867757167526,307.6962035760271,321.48358154296875,315089,0.0,0.0
2012-06-11 00:00:00+01:00,330.00805634741846,331.41639338969395,323.3367578012447,324.522705078125,308886,0.0,0.0
2012-06-12 00:00:00+01:00,322.37313541948924,329.0444345067938,313.1073697645761,315.3311462402344,176837,0.0,0.0
2012-06-13 00:00:00+01:00,315.77590259280674,326.52418510799777,306.6583772373451,318.14788818359375,1987011,0.0,0.0
2012-06-14 00:00:00+01:00,319.63047908199417,320.1494392237434,309.0305247713377,309.1046142578125,188198,0.0,0.0
2012-06-15 00:00:00+01:00,313.626262451771,343.8533141928864,308.43748062370446,343.647216796875,2080924,0.0,0.0
2012-06-18 00:00:00+01:00,336.16063133964377,346.98294724520315,332.824965453489,337.8655090332031,184798,0.0,0.0
2012-06-19 00:00:00+01:00,341.20105560115087,353.7283965178562,337.1983125489525,349.79962158203125,198398,0.0,0.0
2012-06-20 00:00:00+01:00,350.61511456496527,364.69903564453125,349.87983247727334,364.69903564453125,201007,0.0,0.0
2012-06-21 00:00:00+01:00,364.1800977299322,373.96470178711405,353.2835751293253,356.6933898925781,326065,0.0,0.0
2012-06-22 00:00:00+01:00,355.06257955546874,360.62208184719736,353.2094626910136,359.2136535644531,118541,0.0,0.0
2012-06-25 00:00:00+01:00,360.473858558312,360.473858558312,335.86407470703125,335.86407470703125,226276,0.0,0.0
2012-06-26 00:00:00+01:00,341.6458075266017,346.31571955250047,337.27234439594827,340.9787292480469,119961,0.0,0.0
2012-06-27 00:00:00+01:00,342.4612512411424,354.32130169321243,342.4612512411424,352.6164245605469,182997,0.0,0.0
2012-06-28 00:00:00+01:00,350.3186023183782,361.88220428807637,349.0583833556525,355.8038330078125,123825,0.0,0.0
2012-06-29 00:00:00+01:00,363.66125480557184,368.92418661315776,348.3171176092892,355.7297668457031,204935,0.0,0.0
2012-07-02 00:00:00+01:00,355.8038034407177,366.12220372795866,355.8038034407177,360.99267578125,220903,0.0,0.0
2012-07-03 00:00:00+01:00,360.9926763731565,368.9982229772236,352.7647399902344,352.7647399902344,253038,0.0,0.0
2012-07-04 00:00:00+01:00,363.88354872439095,372.1116068640454,353.13535613937825,362.6976013183594,329171,0.0,0.0
2012-07-05 00:00:00+01:00,369.36886015837604,369.36886015837604,356.9898499073471,360.7702941894531,295468,0.0,0.0
2012-07-06 00:00:00+01:00,358.62067674822026,366.3297760973157,353.5801339604982,355.35919189453125,636251,0.0,0.0
2012-07-09 00:00:00+01:00,351.2081494299013,355.6556733119596,347.7309491611343,349.8739013671875,77978,0.0,0.0
2012-07-10 00:00:00+01:00,355.35921325498117,364.2542607424131,349.87389048419294,363.216552734375,113702,0.0,0.0
2012-07-11 00:00:00+01:00,366.55218505859375,366.6040659076337,360.32557298346774,366.55218505859375,115876,0.0,0.0
2012-07-12 00:00:00+01:00,363.3647620616055,366.92281746419195,361.3634051996275,363.216552734375,244310,0.0,0.0
2012-07-13 00:00:00+01:00,363.2165013926742,366.1815066894801,359.28781703846914,365.143798828125,215455,0.0,0.0
2012-07-16 00:00:00+01:00,370.1101379331563,391.0136560880629,358.42278054831706,378.0416259765625,457613,0.0,0.0
2012-07-17 00:00:00+01:00,382.4891594021959,382.4891594021959,371.7408752441406,371.7408752441406,321241,0.0,0.0
2012-07-18 00:00:00+01:00,366.9227135662989,377.3003368223556,366.8486240935019,367.0709228515625,55591,0.0,0.0
2012-07-19 00:00:00+01:00,374.7060241699219,376.22561710876766,369.5171509926062,374.7060241699219,132267,0.0,0.0
2012-07-20 00:00:00+01:00,378.4122434522709,385.08354267344606,357.2864271889334,363.5870666503906,191295,0.0,0.0
2012-07-23 00:00:00+01:00,356.3227661666263,362.6975859017591,341.71997966058535,343.9437561035156,167207,0.0,0.0
2012-07-24 00:00:00+01:00,351.0598745054691,351.0598745054691,338.08784378245036,346.16754150390625,47010,0.0,0.0
2012-07-25 00:00:00+01:00,346.1675113806021,346.76056092330447,340.68218994140625,340.68218994140625,131556,0.0,0.0
2012-07-26 00:00:00+01:00,338.97735645375946,352.69064787421286,335.86411114736694,351.2081298828125,49435,0.0,0.0
2012-07-27 00:00:00+01:00,349.132577467122,362.030427702529,349.132577467122,361.4374084472656,46866,0.0,0.0
2012-07-30 00:00:00+01:00,369.2206528062344,370.2583605560608,362.17863324709606,365.3660583496094,63978,0.0,0.0
2012-07-31 00:00:00+01:00,366.6262399300577,369.36885507132916,359.09799695480433,359.806640625,65210,0.0,0.0
2012-08-01 00:00:00+01:00,358.32417203099203,363.0682655060904,356.0262451171875,356.0262451171875,85034,0.0,0.0
2012-08-02 00:00:00+01:00,355.65560239090024,363.4388814062398,345.27806896192754,347.6500549316406,44279,0.0,0.0
2012-08-03 00:00:00+01:00,356.91584826001116,362.84588947998606,348.53957970646013,361.6598205566406,90820,0.0,0.0
2012-08-06 00:00:00+01:00,362.4010461024565,373.9647391894713,362.4010461024565,370.48077392578125,177630,0.0,0.0
2012-08-07 00:00:00+01:00,361.06674500291757,373.9647153826635,361.06674500291757,365.3660583496094,36912,0.0,0.0
2012-08-08 00:00:00+01:00,366.4780143164125,371.74082424436017,359.732565465127,368.18280029296875,30699,0.0,0.0
2012-08-09 00:00:00+01:00,365.29197360655627,371.74085269112646,356.69340748112086,361.14093017578125,79318,0.0,0.0
2012-08-10 00:00:00+01:00,355.8038179911103,363.2164670610042,355.8038179911103,361.14093017578125,60000,0.0,0.0
2012-08-13 00:00:00+01:00,366.8486424492227,367.73814092266696,358.84300448986994,360.8444519042969,43812,0.0,0.0
2012-08-14 00:00:00+01:00,363.1422909998151,373.5940953695223,361.8821934335741,364.8471984863281,41603,0.0,0.0
2012-08-15 00:00:00+01:00,369.9618772423335,375.81785833844754,353.43182373046875,353.43182373046875,217651,0.0,0.0
2012-08-16 00:00:00+01:00,360.5479360570005,363.2164923350246,352.54235824194745,357.73114013671875,129455,0.0,0.0
2012-08-17 00:00:00+01:00,360.32547003335725,371.3702321654018,359.454478811897,365.8108215332031,126949,0.0,0.0
2012-08-20 00:00:00+01:00,368.0345454189983,368.0345454189983,360.1031799316406,360.1031799316406,88821,0.0,0.0
2012-08-21 00:00:00+01:00,370.6290452749648,371.740903345381,361.4374283502755,364.9954833984375,91905,0.0,0.0
2012-08-22 00:00:00+01:00,380.6361092213235,380.6361092213235,361.8822743734856,363.216552734375,66026,0.0,0.0
2012-08-23 00:00:00+01:00,368.33121088100035,368.3385834220614,354.1731407936372,359.5102233886719,104303,0.0,0.0
2012-08-24 00:00:00+01:00,359.51014227221077,369.36883544921875,353.35774297508146,369.36883544921875,57152,0.0,0.0
2012-08-28 00:00:00+01:00,363.14232407537423,367.20441201069633,360.2514689158644,363.9577331542969,185289,0.0,0.0
2012-08-29 00:00:00+01:00,361.73403470657695,368.1088561581728,356.545251948962,363.216552734375,92909,0.0,0.0
2012-08-30 00:00:00+01:00,359.5842892134833,368.8056081126003,359.5842892134833,367.5157775878906,365209,0.0,0.0
2012-08-31 00:00:00+01:00,363.216552734375,370.33260286019174,362.475293720476,363.216552734375,497266,0.0,0.0
2012-09-03 00:00:00+01:00,363.2164181097176,376.1884460449219,362.10453000098585,376.1884460449219,409818,0.0,0.0
2012-09-04 00:00:00+01:00,381.74787021957724,381.74787021957724,372.852855336259,376.92974853515625,362427,0.0,0.0
2012-09-05 00:00:00+01:00,364.6248196327935,367.4415851362824,353.6542368952363,355.8038330078125,306484,0.0,0.0
2012-09-06 00:00:00+01:00,362.475201295368,367.1451136883754,356.1744406044588,366.255615234375,450410,0.0,0.0
2012-09-07 00:00:00+01:00,370.62900866157906,372.4822468476801,365.8850065252513,369.5171203613281,308125,0.0,0.0
2012-09-10 00:00:00+01:00,370.62898044740695,375.44722339438255,368.77583342139303,371.3702392578125,281301,0.0,0.0
2012-09-11 00:00:00+01:00,376.5591125488281,376.5591125488281,367.58988698849265,376.5591125488281,100228,0.0,0.0
2012-09-12 00:00:00+01:00,376.55909504819294,382.8745397383548,370.6289641464276,377.3003234863281,451259,0.0,0.0
2012-09-13 00:00:00+01:00,375.817849831099,385.8247526735231,370.62897751990613,383.2303771972656,258822,0.0,0.0
2012-09-14 00:00:00+01:00,380.265452140878,392.4962249833438,373.9647813192836,389.5312194824219,469286,0.0,0.0
2012-09-17 00:00:00+01:00,385.4541320800781,389.1605172065418,382.11849772304043,385.4541320800781,281717,0.0,0.0
2012-09-18 00:00:00+01:00,382.4891203626663,382.4891203626663,375.66733666566296,379.8947448730469,72960,0.0,0.0
2012-09-19 00:00:00+01:00,378.41220752919975,385.0835061170615,377.30031937461143,378.7828369140625,318033,0.0,0.0
2012-09-20 00:00:00+01:00,381.3772389015498,385.4541320800781,377.30034572302145,385.4541320800781,211302,0.0,0.0
2012-09-21 00:00:00+01:00,383.6010111871128,388.7898835603606,378.7828592395823,386.9366455078125,230690,0.0,0.0
2012-09-24 00:00:00+01:00,379.89477313534826,385.82478336411896,378.0416259765625,378.0416259765625,191482,0.0,0.0
2012-09-25 00:00:00+01:00,376.9297722989269,382.48915315903656,374.7059956831452,381.7478942871094,277999,0.0,0.0
2012-09-26 00:00:00+01:00,375.07662086217715,381.74788995446215,374.70599143042,378.0416259765625,115027,0.0,0.0
2012-09-27 00:00:00+01:00,375.0765774925858,379.6056225086697,373.5940599369786,377.3003234863281,216394,0.0,0.0
2012-09-28 00:00:00+01:00,378.0415822641317,379.15347043083705,376.1884656592911,377.3003234863281,222113,0.0,0.0
2012-10-01 00:00:00+01:00,372.8528292230351,380.2653562764897,372.8528292230351,375.44720458984375,165615,0.0,0.0
2012-10-02 00:00:00+01:00,378.41221598853997,378.41221598853997,374.3353230035794,375.8178405761719,135988,0.0,0.0
2012-10-03 00:00:00+01:00,376.55910791426436,376.55910791426436,371.370235613012,372.85284423828125,100307,0.0,0.0
2012-10-04 00:00:00+01:00,378.0416524207483,378.0416524207483,371.5186225090085,374.33538818359375,165222,0.0,0.0
2012-10-05 00:00:00+01:00,378.7828937032952,381.3772694466297,372.11162445490777,375.0766296386719,100373,0.0,0.0
2012-10-08 00:00:00+01:00,375.4472372131301,375.65102878208694,370.6289940888138,372.1116027832031,518493,0.0,0.0
2012-10-09 00:00:00+01:00,372.1115991962484,372.1115991962484,363.6612424601232,367.81219482421875,61515,0.0,0.0
2012-10-10 00:00:00+01:00,372.85295025474005,372.85295025474005,362.8459232274255,363.216552734375,107383,0.0,0.0
2012-10-11 00:00:00+01:00,369.22069539548687,369.7395341604124,364.698991742517,369.1465148925781,136898,0.0,0.0
2012-10-12 00:00:00+01:00,370.03609174534114,377.30038031855634,367.29338531086853,373.5941162109375,72303,0.0,0.0
2012-10-15 00:00:00+01:00,371.370235613012,375.81784911113385,370.33249756036486,372.85284423828125,199038,0.0,0.0
2012-10-16 00:00:00+01:00,372.8528746113061,379.5241437035911,372.8528746113061,378.0416259765625,221208,0.0,0.0
2012-10-17 00:00:00+01:00,378.0416259765625,378.0416259765625,375.4472502939343,378.0416259765625,401820,0.0,0.0
2012-10-18 00:00:00+01:00,378.0416064332771,378.0416064332771,373.2234544091857,376.92974853515625,95293,0.0,0.0
2012-10-19 00:00:00+01:00,370.62900639648075,371.74086435026453,366.8486529460095,367.6639709472656,196983,0.0,0.0
2012-10-22 00:00:00+01:00,370.03611753661426,373.5941422502026,366.92278144041495,369.8877868652344,195747,0.0,0.0
2012-10-23 00:00:00+01:00,369.4430766699933,372.71199442898654,361.7339780646336,366.9227600097656,93237,0.0,0.0
2012-10-24 00:00:00+01:00,368.99820606123086,370.5549041021829,365.8849616776684,369.36883544921875,139036,0.0,0.0
2012-10-25 00:00:00+01:00,369.8137102708278,372.85289605778786,368.03462214878226,370.6290283203125,209912,0.0,0.0
2012-10-26 00:00:00+01:00,369.2206924886108,369.7395312494515,361.28920395722344,365.143798828125,179697,0.0,0.0
2012-10-29 00:00:00+00:00,361.8821770494082,362.54925537109375,356.54515606021545,362.54925537109375,221484,0.0,0.0
2012-10-30 00:00:00+00:00,362.40103036366605,368.4052209357689,359.80665474776555,360.2514343261719,122391,0.0,0.0
2012-10-31 00:00:00+00:00,367.515757911049,369.5912948402507,363.21647475723336,366.40386962890625,192119,0.0,0.0
2012-11-01 00:00:00+00:00,365.5144198956514,374.3353764400352,361.2151061855377,370.5549621582031,213799,0.0,0.0
2012-11-02 00:00:00+00:00,370.62896597200285,370.62896597200285,367.663930846184,368.4793701171875,98998,0.0,0.0
2012-11-05 00:00:00+00:00,370.62902437117623,370.62902437117623,360.9185692116672,361.7339782714844,65298,0.0,0.0
2012-11-06 00:00:00+00:00,359.51020967750003,372.9417653914999,359.51020967750003,369.1465148925781,379259,0.0,0.0
2012-11-07 00:00:00+00:00,369.14644659082046,377.3003234863281,369.07238746031055,377.3003234863281,317789,0.0,0.0
2012-11-08 00:00:00+00:00,377.3003671130482,382.1185193862193,375.07662086217715,378.0416259765625,390186,0.0,0.0
2012-11-09 00:00:00+00:00,375.44721118302374,377.3003278090956,371.37022717905694,375.8178405761719,302523,0.0,0.0
2012-11-12 00:00:00+00:00,375.8178928793126,377.67100976328555,370.99964941848737,373.5941162109375,84756,0.0,0.0
2012-11-13 00:00:00+00:00,375.0766580848801,375.0766580848801,370.6290437830681,373.2235107421875,73026,0.0,0.0
2012-11-14 00:00:00+00:00,374.33538818359375,382.1185461155857,371.7408909607918,374.33538818359375,256256,0.0,0.0
2012-11-15 00:00:00+00:00,372.4822578266959,372.4822578266959,366.7745158403618,368.4052429199219,152406,0.0,0.0
2012-11-16 00:00:00+00:00,369.294808262588,370.55493615487944,363.5870666503906,363.5870666503906,114270,0.0,0.0
2012-11-19 00:00:00+00:00,365.6626844858463,368.99831966501324,363.2165479758335,364.69903564453125,270371,0.0,0.0
2012-11-20 00:00:00+00:00,363.66124899001477,365.7367858886719,361.3633223023333,365.7367858886719,59844,0.0,0.0
2012-11-21 00:00:00+00:00,362.4752276823769,367.6639791549933,362.4752276823769,367.44158935546875,37641,0.0,0.0
2012-11-22 00:00:00+00:00,369.8877497947451,372.1116174142631,364.9954473415753,369.5171203613281,56925,0.0,0.0
2012-11-23 00:00:00+00:00,369.51717686386036,373.9647914242889,369.51717686386036,370.99969482421875,68604,0.0,0.0
2012-11-26 00:00:00+00:00,369.07240007058016,373.59407270174233,367.81218122211783,372.85284423828125,33147,0.0,0.0
2012-11-27 00:00:00+00:00,372.4822712348535,374.33538818359375,369.8877740120515,374.33538818359375,29097,0.0,0.0
2012-11-28 00:00:00+00:00,369.66549457138444,370.7566003248533,366.848698409675,370.2584228515625,44503,0.0,0.0
2012-11-29 00:00:00+00:00,369.9618771470715,372.4822238862201,368.25700006225276,369.5912780761719,67515,0.0,0.0
2012-11-30 00:00:00+00:00,373.2234998105452,374.33538818359375,370.25840346973433,374.33538818359375,164408,0.0,0.0
2012-12-03 00:00:00+00:00,369.5170802133163,377.67095720224376,369.5170802133163,375.8178405761719,187069,0.0,0.0
2012-12-04 00:00:00+00:00,373.2234737033914,381.74788995446215,371.7408649573471,378.0416259765625,294440,0.0,0.0
2012-12-05 00:00:00+00:00,372.48225830156326,389.1605529785156,372.48225830156326,389.1605529785156,349772,0.0,0.0
2012-12-06 00:00:00+00:00,385.82483105349115,398.79689310805816,385.82483105349115,392.8668518066406,122367,0.0,0.0
2012-12-07 00:00:00+00:00,391.75491763731645,396.57306994351916,384.71292804598113,395.461181640625,130390,0.0,0.0
2012-12-10 00:00:00+00:00,395.46122389598213,396.5731123176825,383.9717102050781,383.9717102050781,171468,0.0,0.0
2012-12-11 00:00:00+00:00,383.97164059382055,388.04862474694517,383.97164059382055,386.9366455078125,125211,0.0,0.0
2012-12-12 00:00:00+00:00,385.4541208761097,402.1324438748613,385.4541208761097,400.279296875,154305,0.0,0.0
2012-12-13 00:00:00+00:00,398.42621505004473,402.50310846652155,392.86680390405917,398.7968444824219,110928,0.0,0.0
2012-12-14 00:00:00+00:00,394.7198968537246,399.16741943359375,389.1605163836408,399.16741943359375,180528,0.0,0.0
2012-12-17 00:00:00+00:00,390.6430208838755,406.5800862139353,390.6430208838755,398.42620849609375,411168,0.0,0.0
2012-12-18 00:00:00+00:00,398.0555508148357,400.279296875,393.6080283548379,400.279296875,163421,0.0,0.0
2012-12-19 00:00:00+00:00,402.8737936938137,414.3632140739458,396.943662614919,400.279296875,199900,0.0,0.0
2012-12-20 00:00:00+00:00,400.27936266312025,406.2094947166649,400.27936266312025,403.9857482910156,135637,0.0,0.0
2012-12-21 00:00:00+00:00,398.79687515924553,403.9857482910156,392.9706261504028,403.9857482910156,258273,0.0,0.0
2012-12-24 00:00:00+00:00,401.7618178543908,410.65695386821756,401.7618178543908,407.3213195800781,13928,0.0,0.0
2012-12-27 00:00:00+00:00,412.5101698397453,412.82154594317694,404.72701118070466,407.6920471191406,31570,0.0,0.0
2012-12-28 00:00:00+00:00,403.615162502585,403.98579200357557,396.9437708053999,399.53814697265625,26951,0.0,0.0
2012-12-31 00:00:00+00:00,400.27936266312025,403.9857482910156,397.55901644901303,403.9857482910156,19887,0.0,0.0
2013-01-02 00:00:00+00:00,403.9857198356869,412.51010581664326,401.37641701319944,405.8388366699219,396094,0.0,0.0
2013-01-03 00:00:00+00:00,407.32130515991605,415.4750910598906,404.3562700401664,415.1044616699219,190148,0.0,0.0
2013-01-04 00:00:00+00:00,411.39820828417743,411.39820828417743,405.0975388385563,408.8038024902344,61436,0.0,0.0
2013-01-07 00:00:00+00:00,408.80382889812006,417.69887437261673,407.32134154548476,415.4751281738281,251509,0.0,0.0
2013-01-08 00:00:00+00:00,408.803874057729,414.73391514236164,408.803874057729,412.8807678222656,77444,0.0,0.0
2013-01-09 00:00:00+00:00,412.51005059200236,420.31996658833987,412.51005059200236,419.9226989746094,187836,0.0,0.0
2013-01-10 00:00:00+00:00,416.58694889012827,423.62896797887055,409.1744217700911,415.1044616699219,135746,0.0,0.0
2013-01-11 00:00:00+00:00,418.44025278540147,420.2934000272135,413.2513798289813,413.62200927734375,70447,0.0,0.0
2013-01-14 00:00:00+00:00,412.88074425966823,418.8108760248991,410.28636849926625,418.44024658203125,209771,0.0,0.0
2013-01-15 00:00:00+00:00,415.4750963020601,418.8108215332031,415.4750963020601,418.8108215332031,148578,0.0,0.0
2013-01-16 00:00:00+00:00,417.69884233026147,418.8108215332031,412.8806905395448,418.8108215332031,189338,0.0,0.0
2013-01-17 00:00:00+00:00,415.10448229800875,422.51710080541187,415.10448229800875,421.4052429199219,180539,0.0,0.0
2013-01-18 00:00:00+00:00,418.8108866954716,430.67093815039715,418.06953677182923,422.51715087890625,115632,0.0,0.0
2013-01-21 00:00:00+00:00,427.7059049904868,434.7479248046875,420.74404258862825,434.7479248046875,134714,0.0,0.0
2013-01-22 00:00:00+00:00,423.6290692105515,439.44383755476804,420.66406372194365,427.7059631347656,317826,0.0,0.0
2013-01-23 00:00:00+00:00,432.1533979924716,433.2652862002602,417.69885129121934,421.03460693359375,124415,0.0,0.0
2013-01-24 00:00:00+00:00,423.9997108077112,434.27575926611627,423.2584518294539,433.6360168457031,123789,0.0,0.0
2013-01-25 00:00:00+00:00,427.33526630947836,432.5240478515625,425.4821495485225,432.5240478515625,44932,0.0,0.0
2013-01-28 00:00:00+00:00,433.2653334445698,436.2304296679999,426.59403381005274,434.0066833496094,51782,0.0,0.0
2013-01-29 00:00:00+00:00,418.44025702397397,441.975166554036,418.44025702397397,438.0835876464844,218920,0.0,0.0
2013-01-30 00:00:00+00:00,452.40122275055717,492.31130443859723,452.14266804716056,479.01300048828125,1234601,0.0,0.0
2013-01-31 00:00:00+00:00,482.8146509651639,486.6163330078125,468.1705113002582,486.6163330078125,325551,0.0,0.0
2013-02-01 00:00:00+00:00,486.6163330078125,486.6163330078125,479.39309465124177,486.6163330078125,216685,0.0,0.0
2013-02-04 00:00:00+00:00,483.1948139067357,486.6163399296569,478.63275898306034,480.53363037109375,502347,0.0,0.0
2013-02-05 00:00:00+00:00,479.0130147960142,486.6164104307169,479.0130147960142,482.8147277832031,161089,0.0,0.0
2013-02-06 00:00:00+00:00,485.09573877513327,485.09573877513327,475.3025768174563,478.252685546875,251274,0.0,0.0
2013-02-07 00:00:00+00:00,477.4922984594855,479.0129835551832,471.4096490957139,474.4510192871094,228414,0.0,0.0
2013-02-08 00:00:00+00:00,471.40962993618035,479.01296408662677,471.40962993618035,477.4922790527344,436692,0.0,0.0
2013-02-11 00:00:00+00:00,471.4096657600343,486.2362397783502,471.4096657600343,479.01300048828125,488668,0.0,0.0
2013-02-12 00:00:00+00:00,479.01300048828125,482.814713361916,475.211378633669,479.01300048828125,213533,0.0,0.0
2013-02-13 00:00:00+00:00,472.9303509094882,482.05437078718904,472.9303509094882,479.01300048828125,234526,0.0,0.0
2013-02-14 00:00:00+00:00,475.2113172195369,486.6163330078125,475.2113172195369,486.6163330078125,787362,0.0,0.0
2013-02-15 00:00:00+00:00,480.1534889419316,487.2931422773803,479.0129902739978,484.33538818359375,139324,0.0,0.0
2013-02-18 00:00:00+00:00,481.2939932887489,489.2775745742392,481.2939932887489,485.85601806640625,442908,0.0,0.0
2013-02-19 00:00:00+00:00,485.0956726074219,488.13704266721226,483.57501791719847,485.0956726074219,351150,0.0,0.0
2013-02-20 00:00:00+00:00,483.1948517658868,498.40167236328125,483.1948517658868,498.40167236328125,214362,0.0,0.0
2013-02-21 00:00:00+00:00,493.4594146046795,498.021469457071,489.6577022276866,494.2197570800781,305669,0.0,0.0
2013-02-22 00:00:00+00:00,497.6412949930036,499.54207537794355,488.51721540891157,497.2611389160156,251304,0.0,0.0
2013-02-25 00:00:00+00:00,498.0215396573378,508.28605833324195,493.07932804043645,496.5008544921875,245210,0.0,0.0
2013-02-26 00:00:00+00:00,494.2197623956424,494.2197623956424,483.5749979652431,487.7568664550781,250692,0.0,0.0
2013-02-27 00:00:00+00:00,485.095648054885,489.2775468452709,480.53362353577256,486.6163330078125,314377,0.0,0.0
2013-02-28 00:00:00+00:00,485.85603706835866,496.50083275844776,475.2113627369623,490.79827880859375,14942503,0.0,0.0
2013-03-01 00:00:00+00:00,490.4180453901314,490.4180453901314,479.7732810593088,486.6163330078125,215403,0.0,0.0
2013-03-04 00:00:00+00:00,482.8147277832031,485.8560678332791,476.37467665016254,482.8147277832031,215010,0.0,0.0
2013-03-05 00:00:00+00:00,480.9138315004453,486.61638551946135,480.9138315004453,484.33538818359375,206036,0.0,0.0
2013-03-06 00:00:00+00:00,483.5749556458423,485.0956101402466,481.29392839473405,484.7154541015625,344032,0.0,0.0
2013-03-07 00:00:00+00:00,479.39317092489557,484.33541297807864,479.0130147960142,482.8147277832031,188499,0.0,0.0
2013-03-08 00:00:00+00:00,479.77324356066185,488.136979808391,479.77324356066185,484.7154541015625,393295,0.0,0.0
2013-03-11 00:00:00+00:00,480.15343712770556,486.6163330078125,479.01293858284504,486.6163330078125,348561,0.0,0.0
2013-03-12 00:00:00+00:00,486.6163633126471,486.6163633126471,476.732031861736,478.6327819824219,388517,0.0,0.0
2013-03-13 00:00:00+00:00,478.63281782512007,481.6741881481363,469.88898433530886,471.78985595703125,159975,0.0,0.0
2013-03-14 00:00:00+00:00,471.0295237117804,486.6164104307169,469.8889946457862,482.8147277832031,310678,0.0,0.0
2013-03-15 00:00:00+00:00,479.77333197180604,490.41809743222785,475.9717102050781,475.9717102050781,787893,0.0,0.0
2013-03-18 00:00:00+00:00,475.97169958537836,486.6163737892798,475.21135704519315,481.29400634765625,317773,0.0,0.0
2013-03-19 00:00:00+00:00,475.2113409671539,486.2362012379753,475.2113409671539,477.1120910644531,174836,0.0,0.0
2013-03-20 00:00:00+00:00,475.21129354200457,476.3518223697082,458.8639462823796,464.9466857910156,588481,0.0,0.0
2013-03-21 00:00:00+00:00,462.2855761593115,470.6493139780144,458.82685336999054,460.38470458984375,260516,0.0,0.0
2013-03-22 00:00:00+00:00,462.28555206613015,494.59997264717833,462.28555206613015,493.8396301269531,878013,0.0,0.0
2013-03-25 00:00:00+00:00,494.2197513749069,504.8644245489262,492.81311326070687,500.68255615234375,719413,0.0,0.0
2013-03-26 00:00:00+00:00,501.06273725794773,508.2860062216902,494.4859156724414,507.1454772949219,481131,0.0,0.0
2013-03-27 00:00:00+00:00,509.80664129723306,516.9097042099406,493.8396010122139,494.2197570800781,543560,0.0,0.0
2013-03-28 00:00:00+00:00,499.162050073153,508.6662263894775,494.6000248103381,507.9058837890625,432474,0.0,0.0
2013-04-02 00:00:00+01:00,513.2280620556679,528.8150037568623,511.70743809593694,521.5918579101562,879310,0.0,0.0
2013-04-03 00:00:00+01:00,512.667377833287,512.667377833287,502.3987731933594,502.3987731933594,355222,20.4201,0.0
2013-04-04 00:00:00+01:00,513.4280012472258,513.4280012472258,486.045166015625,486.045166015625,406753,0.0,0.0
2013-04-05 00:00:00+01:00,500.49728003463514,500.49728003463514,471.59322423228366,475.01611328125,529447,0.0,0.0
2013-04-08 00:00:00+01:00,487.9468035827781,487.9468035827781,477.67819808895,478.0585021972656,236987,0.0,0.0
2013-04-09 00:00:00+01:00,478.8191758730229,486.4255621118964,478.8191758730229,484.1436462402344,210958,0.0,0.0
2013-04-10 00:00:00+01:00,484.5239727900595,491.36968994140625,483.7633341786335,491.36968994140625,307339,0.0,0.0
2013-04-11 00:00:00+01:00,492.1303092890071,499.13576604131595,490.98936659227235,495.9335021972656,191809,0.0,0.0
2013-04-12 00:00:00+01:00,495.93344740538544,498.2153628982292,490.6089779220832,494.41217041015625,133585,0.0,0.0
2013-04-15 00:00:00+01:00,491.3696662721224,497.9757277652519,486.3950881719329,487.9468078613281,145562,0.0,0.0
2013-04-16 00:00:00+01:00,491.75002590189735,491.75002590189735,479.5798080824777,485.6649169921875,204524,0.0,0.0
2013-04-17 00:00:00+01:00,486.8058490265014,486.8058490265014,475.67019223525506,479.1994934082031,324820,0.0,0.0
2013-04-18 00:00:00+01:00,479.96011992911826,486.805836778196,477.6782041955972,478.4388427734375,311736,0.0,0.0
2013-04-19 00:00:00+01:00,479.1994934082031,481.702003801223,473.9967630407135,479.1994934082031,798979,0.0,0.0
2013-04-22 00:00:00+01:00,477.29785074665705,487.5664559633307,477.29785074665705,483.0026550292969,96713,0.0,0.0
2013-04-23 00:00:00+01:00,482.2419854920559,489.84834012763844,481.849510474029,486.8057861328125,299788,0.0,0.0
2013-04-24 00:00:00+01:00,486.80580454309774,486.80580454309774,484.1435848726849,486.045166015625,262664,0.0,0.0
2013-04-25 00:00:00+01:00,486.80582301109575,486.80582301109575,482.24202202460555,485.2845458984375,294616,0.0,0.0
2013-04-26 00:00:00+01:00,484.143566563081,486.8057861328125,479.19943149722997,486.8057861328125,314258,0.0,0.0
2013-04-29 00:00:00+01:00,486.8057861328125,488.7073975553199,481.48134699334946,486.8057861328125,351922,0.0,0.0
2013-04-30 00:00:00+01:00,491.3696424635832,491.74997690829036,478.81912176347276,482.622314453125,402359,0.0,0.0
2013-05-01 00:00:00+01:00,486.80580454309774,490.60899718046136,481.4813652022721,486.045166015625,224011,0.0,0.0
2013-05-02 00:00:00+01:00,486.42547607421875,489.0876956111943,482.6222836274808,486.42547607421875,334427,0.0,0.0
2013-05-03 00:00:00+01:00,490.60897862634494,496.31375219090245,485.28450913539956,486.8057861328125,662757,0.0,0.0
2013-05-07 00:00:00+01:00,486.80586624809644,486.80586624809644,479.5798144969103,484.1436462402344,449103,0.0,0.0
2013-05-08 00:00:00+01:00,486.8057744077877,486.8057744077877,480.6142542702087,482.2419738769531,290485,0.0,0.0
2013-05-09 00:00:00+01:00,486.0451475402378,494.09272167291726,484.52390089460096,488.7073974609375,428602,0.0,0.0
2013-05-10 00:00:00+01:00,490.6089725898895,496.6940805046702,483.3829221168284,486.42547607421875,438402,0.0,0.0
2013-05-13 00:00:00+01:00,483.3829463452122,487.5664430705704,483.3829463452122,486.045166015625,199513,0.0,0.0
2013-05-14 00:00:00+01:00,484.5239009881754,489.087701628932,483.51222537910616,486.8057861328125,361336,0.0,0.0
2013-05-15 00:00:00+01:00,488.32714154799487,492.1303346522612,485.28458706458184,491.7500305175781,358471,0.0,0.0
2013-05-16 00:00:00+01:00,494.41223703170164,505.4413905030925,491.3696826312621,496.69415283203125,483953,0.0,0.0
2013-05-17 00:00:00+01:00,497.4547353569429,507.0995564474449,495.5531542467656,500.87750244140625,295759,0.0,0.0
2013-05-20 00:00:00+01:00,502.01849365234375,502.779132240371,500.1169123580187,502.01849365234375,192872,0.0,0.0
2013-05-21 00:00:00+01:00,502.0185132089441,508.4839566347857,494.7925829228792,499.35638427734375,430139,0.0,0.0
2013-05-22 00:00:00+01:00,501.6381724383417,503.2088617799052,495.34014827520247,498.9760437011719,391256,0.0,0.0
2013-05-23 00:00:00+01:00,492.8908996582031,500.87749775413187,487.3154233457582,492.8908996582031,531848,0.0,0.0
2013-05-24 00:00:00+01:00,502.01850816426696,502.01850816426696,490.2287462907233,495.1728820800781,321149,0.0,0.0
2013-05-28 00:00:00+01:00,502.0185087125681,502.0185087125681,488.3271351232897,493.27130126953125,266612,0.0,0.0
2013-05-29 00:00:00+01:00,490.98931234663166,494.41217041015625,486.8057854340102,494.41217041015625,455787,0.0,0.0
2013-05-30 00:00:00+01:00,490.98937850695035,501.25786302674504,490.98937850695035,496.69415283203125,166971,0.0,0.0
2013-05-31 00:00:00+01:00,494.03192169143955,498.21541872132326,490.6090328929114,492.13031005859375,242818,0.0,0.0
2013-06-03 00:00:00+01:00,488.7074516115513,495.55319885712197,486.4255358630277,492.13031005859375,101701,0.0,0.0
2013-06-04 00:00:00+01:00,495.5532279941846,502.3988542363151,490.2287576012332,497.8351135253906,138185,0.0,0.0
2013-06-05 00:00:00+01:00,493.2713081618297,494.475412363223,486.42556056856375,489.8484191894531,252112,0.0,0.0
2013-06-06 00:00:00+01:00,491.36967789942565,492.89095508499565,488.6465729193339,490.6090393066406,263860,0.0,0.0
2013-06-07 00:00:00+01:00,489.0877525381688,505.8216798456199,489.0877525381688,505.4413757324219,322324,0.0,0.0
2013-06-10 00:00:00+01:00,504.30034231749454,504.6045855716305,499.7365417480469,499.7365417480469,213987,0.0,0.0
2013-06-11 00:00:00+01:00,500.11692030232336,500.49725477812154,490.6090440311522,496.69415283203125,243526,0.0,0.0
2013-06-12 00:00:00+01:00,496.69408590300003,502.0184339803731,492.1302549173124,494.41217041015625,121752,0.0,0.0
2013-06-13 00:00:00+01:00,489.0877071219564,495.87636254829397,489.0877071219564,492.8908996582031,121780,0.0,0.0
2013-06-14 00:00:00+01:00,495.9334536872005,499.223159839598,492.5105955803198,492.8908996582031,117527,0.0,0.0
2013-06-17 00:00:00+01:00,494.79253500178527,498.2153932739986,492.13028492207786,496.31378173828125,237550,0.0,0.0
2013-06-18 00:00:00+01:00,496.69409777331384,499.7365607820361,496.3137633396759,497.07440185546875,200829,0.0,0.0
2013-06-19 00:00:00+01:00,496.3137270375834,499.7883342073024,492.51056508827867,494.79248046875,174536,0.0,0.0
2013-06-20 00:00:00+01:00,492.89097523919526,493.14808268833735,483.002703480147,484.1436462402344,250067,0.0,0.0
2013-06-21 00:00:00+01:00,487.1861208196109,494.03186731164664,483.04071536056546,484.9042053222656,745232,0.0,0.0
2013-06-24 00:00:00+01:00,483.76335741291757,485.2846043573454,472.3538687480115,475.39642333984375,290707,0.0,0.0
2013-06-25 00:00:00+01:00,475.396417424753,478.8191850677677,469.56234547329956,475.01611328125,323164,0.0,0.0
2013-06-26 00:00:00+01:00,473.1144866320465,492.13033059048263,473.1144866320465,483.7633361816406,331020,0.0,0.0
2013-06-27 00:00:00+01:00,484.5239807279217,486.3494709331691,479.5798144969103,484.1436462402344,275373,0.0,0.0
2013-06-28 00:00:00+01:00,487.18619477148627,488.11491992081756,479.9601431087639,483.7633361816406,179268,0.0,0.0
2013-07-01 00:00:00+01:00,479.19943149722997,487.1861205579069,479.19943149722997,486.8057861328125,115111,0.0,0.0
2013-07-02 00:00:00+01:00,492.51062169838417,492.51062169838417,481.8236819738544,483.0026550292969,146423,0.0,0.0
2013-07-03 00:00:00+01:00,483.7633672052254,484.9043100245132,474.25549014350077,481.86175537109375,102965,0.0,0.0
2013-07-04 00:00:00+01:00,484.5239009881754,492.13025562375793,481.10101256825504,486.8057861328125,185661,0.0,0.0
2013-07-05 00:00:00+01:00,486.8058417039531,491.9020686295245,479.86891857078933,484.5239562988281,238416,0.0,0.0
2013-07-08 00:00:00+01:00,492.1302306824597,503.1593821245551,486.7905553694825,494.79248046875,240521,0.0,0.0
2013-07-09 00:00:00+01:00,500.11686486419103,502.0184459779316,496.3137633396759,497.07440185546875,237351,0.0,0.0
2013-07-10 00:00:00+01:00,497.45477983165,498.21541841402205,492.5106442219747,494.03192138671875,239427,0.0,0.0
2013-07-11 00:00:00+01:00,497.83509555645287,498.97606863236086,494.79257150749976,496.69415283203125,115756,0.0,0.0
2013-07-12 00:00:00+01:00,515.7099663983096,546.8958740234375,512.2871080728762,546.8958740234375,1612926,0.0,0.0
2013-07-15 00:00:00+01:00,546.1353044903955,547.6565817097492,540.0503170189276,541.5715942382812,402284,0.0,0.0
2013-07-16 00:00:00+01:00,540.8109252771176,544.9944528060838,540.8109252771176,541.5715942382812,298067,0.0,0.0
2013-07-17 00:00:00+01:00,541.5715268941454,541.9518309759499,537.3879998853987,541.191162109375,255107,0.0,0.0
2013-07-18 00:00:00+01:00,551.4596313997963,553.7780595922989,543.8533682676742,549.9383544921875,200415,0.0,0.0
2013-07-19 00:00:00+01:00,547.276275105464,551.079437785161,546.8959102751157,549.1778564453125,112773,0.0,0.0
2013-07-22 00:00:00+01:00,544.6141222904267,549.9384405427677,539.289621929174,547.6565551757812,107610,0.0,0.0
2013-07-23 00:00:00+01:00,551.4596314353963,553.7415771484375,546.2873749333378,553.7415771484375,130205,0.0,0.0
2013-07-24 00:00:00+01:00,554.5021792310173,556.4038208722272,548.3106593766265,553.3612670898438,829491,0.0,0.0
2013-07-25 00:00:00+01:00,552.600635000109,556.2174390283575,547.6564999510541,551.8400268554688,97967,0.0,0.0
2013-07-26 00:00:00+01:00,552.2203926060536,553.9699129400614,547.6565611195782,548.036865234375,185253,0.0,0.0
2013-07-29 00:00:00+01:00,552.6007379172194,559.0661511626464,549.9384875092285,554.5023193359375,183684,0.0,0.0
2013-07-30 00:00:00+01:00,555.2630112466136,559.8268432617188,548.0369287136192,559.8268432617188,172742,0.0,0.0
2013-07-31 00:00:00+01:00,557.9250368047045,559.8266784450428,551.8399899456873,557.1644287109375,128087,0.0,0.0
2013-08-01 00:00:00+01:00,558.6857358442498,563.7819317542773,556.4038507364652,562.8692626953125,95590,0.0,0.0
2013-08-02 00:00:00+01:00,565.9119571568618,569.3346946139585,552.9810693254659,564.0103149414062,235023,0.0,0.0
2013-08-05 00:00:00+01:00,567.4331711318003,571.6165771484375,564.3906167704636,571.6165771484375,114049,0.0,0.0
2013-08-06 00:00:00+01:00,571.616645177035,578.0820587885872,567.0528737948633,568.1937255859375,198842,0.0,0.0
2013-08-07 00:00:00+01:00,563.249718710511,571.9969574339196,562.4890496674016,564.77099609375,118554,0.0,0.0
2013-08-08 00:00:00+01:00,568.1936017682284,583.4063720703125,568.1936017682284,583.4063720703125,177696,0.0,0.0
2013-08-09 00:00:00+01:00,586.0686800133013,586.0686800133013,571.6165771484375,571.6165771484375,230374,0.0,0.0
2013-08-12 00:00:00+01:00,573.8985654413112,578.0820936138047,571.6166796127585,574.2788696289062,90205,0.0,0.0
2013-08-13 00:00:00+01:00,575.8000568888826,578.082003062974,567.0528191324348,568.5740356445312,110573,0.0,0.0
2013-08-14 00:00:00+01:00,567.8133498347455,572.3771813445159,563.6299438476562,563.6299438476562,146564,0.0,0.0
2013-08-15 00:00:00+01:00,561.7283512436906,566.9386085924855,555.6432426865953,559.0661010742188,181512,0.0,0.0
2013-08-16 00:00:00+01:00,560.2070853910714,567.4331671239506,557.0732337820187,563.6299438476562,103734,0.0,0.0
2013-08-19 00:00:00+01:00,562.4890755955646,574.2788696289062,560.6787912408228,574.2788696289062,148353,0.0,0.0
2013-08-20 00:00:00+01:00,572.3772042969673,572.3772042969673,563.2496623173532,568.954345703125,141730,0.0,0.0
2013-08-21 00:00:00+01:00,572.3772916785484,573.518264951673,563.6300524955315,566.672607421875,139412,0.0,0.0
2013-08-22 00:00:00+01:00,559.0661010742188,589.4915224537547,559.0661010742188,559.0661010742188,375112,0.0,0.0
2013-08-23 00:00:00+01:00,562.869395543377,570.0953566396676,557.0505294773459,567.4332275390625,177857,0.0,0.0
2013-08-27 00:00:00+01:00,567.8132762753881,573.5180800992952,562.1085938574086,562.8692626953125,243701,0.0,0.0
2013-08-28 00:00:00+01:00,563.249718710511,564.77099609375,557.9252175176849,564.77099609375,139841,0.0,0.0
2013-08-29 00:00:00+01:00,563.6299819645125,577.70166015625,561.348096406795,577.70166015625,364251,0.0,0.0
2013-08-30 00:00:00+01:00,576.9411038461279,576.9411038461279,567.8134393870245,569.334716796875,438897,0.0,0.0
2013-09-02 00:00:00+01:00,580.7440974591472,589.1111511218835,576.5606313307424,585.688232421875,274531,0.0,0.0
2013-09-03 00:00:00+01:00,580.3639794423574,585.6884201776357,572.3772879879484,574.2788696289062,299343,0.0,0.0
2013-09-04 00:00:00+01:00,552.4158542846797,568.3492232162885,542.5241437944347,554.6985473632812,307140,20.4201,0.0
2013-09-05 00:00:00+01:00,546.3284087483684,560.4051834031301,546.3284087483684,558.5029296875,166722,0.0,0.0
2013-09-06 00:00:00+01:00,559.2637904118592,560.7856054844283,554.3179066071184,555.8397216796875,178587,0.0,0.0
2013-09-09 00:00:00+01:00,554.6983380537848,557.7419681597438,548.2306392597305,548.9915771484375,263403,0.0,0.0
2013-09-10 00:00:00+01:00,552.4156475173434,566.1119830358322,552.4156475173434,563.4487915039062,183060,0.0,0.0
2013-09-11 00:00:00+01:00,560.7856602168633,579.9147700637993,560.7856602168633,577.9059448242188,233934,0.0,0.0
2013-09-12 00:00:00+01:00,580.949649780059,581.7105878504276,571.057879936409,577.1451416015625,141194,0.0,0.0
2013-09-13 00:00:00+01:00,577.9060680365767,589.7001536957492,572.9601826946331,588.5587768554688,170829,0.0,0.0
2013-09-16 00:00:00+01:00,592.3631657182195,611.5851254222247,588.9087340383212,591.9827270507812,251827,0.0,0.0
2013-09-17 00:00:00+01:00,591.9827749473118,614.4956372139278,589.7001427579972,592.74365234375,445565,0.0,0.0
2013-09-18 00:00:00+01:00,591.9827051624178,593.5045205003505,588.5586965576265,589.7000732421875,188048,0.0,0.0
2013-09-19 00:00:00+01:00,599.2111808016734,599.2111808016734,584.7540893554688,584.7540893554688,133621,0.0,0.0
2013-09-20 00:00:00+01:00,587.7978589417454,587.7978589417454,579.0474049766491,580.1887817382812,784898,0.0,0.0
2013-09-23 00:00:00+01:00,578.6669577419704,597.0808575052083,567.6339325900835,569.91650390625,229238,0.0,0.0
2013-09-24 00:00:00+01:00,571.4382421333484,595.9394002596886,570.6773648892575,574.4818725585938,302547,0.0,0.0
2013-09-25 00:00:00+01:00,575.2429236340365,576.0038010277347,569.1556615866403,571.4383544921875,216371,0.0,0.0
2013-09-26 00:00:00+01:00,571.4383519317676,571.8188513513645,568.0142822265625,568.0142822265625,149040,0.0,0.0
2013-09-27 00:00:00+01:00,568.0142251254764,569.5360404775223,562.6879624799853,564.2097778320312,111991,0.0,0.0
2013-09-30 00:00:00+01:00,566.1120475513884,582.6235090190697,559.6442872761381,566.8729248046875,272821,0.0,0.0
2013-10-01 00:00:00+01:00,563.8294636210593,584.1454996280419,562.307647933125,567.634033203125,295852,0.0,0.0
2013-10-02 00:00:00+01:00,567.634033203125,569.1557274421397,561.8131079322258,567.634033203125,166199,0.0,0.0
2013-10-03 00:00:00+01:00,567.2534673370818,569.9165382114323,560.7857666015625,560.7857666015625,115264,0.0,0.0
2013-10-04 00:00:00+01:00,561.1660385552741,567.633798093442,561.1660385552741,563.4487915039062,131135,0.0,0.0
2013-10-07 00:00:00+01:00,563.4488655066141,564.9934524300945,553.1765973374912,555.4593505859375,129980,0.0,0.0
2013-10-08 00:00:00+01:00,553.9376349050941,558.5030814982354,553.1766967773438,553.1766967773438,171427,0.0,0.0
2013-10-09 00:00:00+01:00,553.9375353284541,560.4052349916475,552.316799953879,555.4593505859375,369916,0.0,0.0
2013-10-10 00:00:00+01:00,555.8397635651743,561.9270243141583,547.8502490132429,556.9811401367188,317076,0.0,0.0
2013-10-11 00:00:00+01:00,557.3617485518854,571.818906148415,555.8399329010203,568.394775390625,258229,0.0,0.0
2013-10-14 00:00:00+01:00,567.2534204905154,571.8188059184183,567.1773327575319,570.6774291992188,285551,0.0,0.0
2013-10-15 00:00:00+01:00,570.6774291992188,571.057867864136,568.0142370959022,570.6774291992188,128353,0.0,0.0
2013-10-16 00:00:00+01:00,570.6774291992188,574.1014986323698,568.3946757608195,570.6774291992188,466346,0.0,0.0
2013-10-17 00:00:00+01:00,570.6774291992188,571.057867864136,565.7316051063984,570.6774291992188,384775,0.0,0.0
2013-10-18 00:00:00+01:00,570.6774291992188,572.4991019061388,568.3946757608195,570.6774291992188,707911,0.0,0.0
2013-10-21 00:00:00+01:00,571.4382392043601,583.6127608429393,571.4382392043601,578.2864379882812,415318,0.0,0.0
2013-10-22 00:00:00+01:00,582.4714098260332,583.9932250976562,574.1014561943277,583.9932250976562,275817,0.0,0.0
2013-10-23 00:00:00+01:00,583.6127319335938,586.1617616486276,580.5691016747156,583.6127319335938,364541,0.0,0.0
2013-10-24 00:00:00+01:00,585.8955045351327,591.6022057846002,585.1346272283893,589.7000732421875,487940,0.0,0.0
2013-10-25 00:00:00+01:00,597.3089599609375,617.0924356356528,589.3195669833202,597.3089599609375,424902,0.0,0.0
2013-10-28 00:00:00+00:00,601.1135364655682,601.1135364655682,572.9601045249275,589.7000732421875,426072,0.0,0.0
2013-10-29 00:00:00+00:00,590.4608988450842,602.6352990336002,589.7000216049672,599.97216796875,236499,0.0,0.0
2013-10-30 00:00:00+00:00,599.591713068187,601.1134675071014,594.265329634231,597.3089599609375,193179,0.0,0.0
2013-10-31 00:00:00+00:00,595.7872351740606,598.2601775990818,588.5587183193884,591.9827270507812,233471,0.0,0.0
2013-11-01 00:00:00+00:00,591.9827205164485,595.802470434042,589.7000885370145,592.3631591796875,128279,0.0,0.0
2013-11-04 00:00:00+00:00,591.982685143186,601.6842044605382,591.982685143186,598.0699462890625,254136,0.0,0.0
2013-11-05 00:00:00+00:00,596.1676289533021,598.0699435961559,583.2323508876675,587.4172973632812,207889,0.0,0.0
2013-11-06 00:00:00+00:00,586.6563557978207,596.1675636231565,586.2759172007171,591.2216796875,430715,0.0,0.0
2013-11-07 00:00:00+00:00,591.2217661780292,614.0488747613252,591.2217661780292,596.9285888671875,438112,0.0,0.0
2013-11-08 00:00:00+00:00,593.1239530806062,601.1134675071014,592.7435144708776,597.3089599609375,264618,0.0,0.0
2013-11-11 00:00:00+00:00,598.4505004882812,602.6354477908372,596.9286849079548,598.4505004882812,243867,0.0,0.0
2013-11-12 00:00:00+00:00,596.928605311898,597.309043975137,592.3631591796875,592.3631591796875,161114,0.0,0.0
2013-11-13 00:00:00+00:00,591.2216796875,595.6204971712323,590.4608632177298,591.2216796875,346518,0.0,0.0
2013-11-14 00:00:00+00:00,544.04579550295,579.8082394319496,540.2412879434104,542.9044189453125,1420206,0.0,0.0
2013-11-15 00:00:00+00:00,541.0022455341375,559.263908822565,538.1412131601334,541.76318359375,901574,0.0,0.0
2013-11-18 00:00:00+00:00,545.9480811478143,549.3721506769895,541.7022883691525,548.2307739257812,219198,0.0,0.0
2013-11-19 00:00:00+00:00,547.8503499319536,550.4373937197194,539.8609553571871,540.2413940429688,230185,0.0,0.0
2013-11-20 00:00:00+00:00,541.0021519374496,544.4262208022009,536.0562679412047,536.4367065429688,231215,0.0,0.0
2013-11-21 00:00:00+00:00,533.7735945880925,534.2681344257535,524.5773032527651,528.0667724609375,6267299,0.0,0.0
2013-11-22 00:00:00+00:00,528.8278057930364,537.197760461251,527.3059903329564,536.8173217773438,173323,0.0,0.0
2013-11-25 00:00:00+00:00,539.480336805956,544.0610240342825,534.1540142079471,536.4367065429688,312341,0.0,0.0
2013-11-26 00:00:00+00:00,536.0561880250685,539.0998178343065,533.3929967608782,537.5780029296875,392850,0.0,0.0
2013-11-27 00:00:00+00:00,538.7194889154333,541.0021813746616,536.4367357317641,538.3390502929688,321531,0.0,0.0
2013-11-28 00:00:00+00:00,536.4367357317641,541.2076728827893,536.1323848337923,538.3390502929688,130552,0.0,0.0
2013-11-29 00:00:00+00:00,539.4804559469545,540.2413940429688,534.7628340699097,540.2413940429688,219617,0.0,0.0
2013-12-02 00:00:00+00:00,539.1000172611729,542.2957629461893,539.1000172611729,540.2413940429688,347947,0.0,0.0
2013-12-03 00:00:00+00:00,536.4367993498065,544.0458763236915,536.4367993498065,541.76318359375,350181,0.0,0.0
2013-12-04 00:00:00+00:00,541.0021650118867,541.4435102352616,534.914904338801,535.6758422851562,321894,0.0,0.0
2013-12-05 00:00:00+00:00,532.6322074558872,534.1540226113223,498.39160935635374,503.33740234375,1767651,0.0,0.0
2013-12-06 00:00:00+00:00,505.6201250769025,512.8487318841092,500.5661818643824,503.33740234375,1829420,0.0,0.0
2013-12-09 00:00:00+00:00,509.42475190005547,520.0774598478334,506.76155973199866,519.6969604492188,583940,0.0,0.0
2013-12-10 00:00:00+00:00,520.4579182298079,525.7841813187089,511.1596080446361,518.5556640625,242571,0.0,0.0
2013-12-11 00:00:00+00:00,516.6531736556459,527.3058176634826,516.6531736556459,525.4035034179688,311352,0.0,0.0
2013-12-12 00:00:00+00:00,525.403645087297,527.3059598457492,520.457881758,524.2623291015625,186457,0.0,0.0
2013-12-13 00:00:00+00:00,529.2080711845655,529.2080711845655,521.2186185409034,525.4035034179688,112764,0.0,0.0
2013-12-16 00:00:00+00:00,518.5555420616356,532.6321952981112,518.5555420616356,525.7840576171875,206337,0.0,0.0
2013-12-17 00:00:00+00:00,523.5013588627369,532.4039873507195,523.5013588627369,526.16455078125,168359,0.0,0.0
2013-12-18 00:00:00+00:00,532.2517011080704,532.2517011080704,524.642626299308,525.4035034179688,130748,0.0,0.0
2013-12-19 00:00:00+00:00,532.632080078125,533.7734563528534,529.5884504951322,532.632080078125,391506,0.0,0.0
2013-12-20 00:00:00+00:00,529.2080790158301,535.6757775178801,529.2080790158301,532.251708984375,2375759,0.0,0.0
2013-12-23 00:00:00+00:00,531.8711423201647,532.632080078125,526.8264000665293,532.632080078125,422755,0.0,0.0
2013-12-24 00:00:00+00:00,535.6758489641546,558.1224559838233,535.6758489641546,556.9811401367188,57419,0.0,0.0
2013-12-27 00:00:00+00:00,560.0247482258748,561.927001953125,553.9374877191241,561.927001953125,171720,0.0,0.0
2013-12-30 00:00:00+00:00,556.981224280085,559.2639170435813,551.2744012846706,552.0353393554688,189613,0.0,0.0
2013-12-31 00:00:00+00:00,554.6983837114451,558.4268035721385,549.3720609498203,553.5570678710938,99244,0.0,0.0
2014-01-02 00:00:00+00:00,555.4592830926541,565.3510507021356,552.7960915345493,555.8397216796875,178748,0.0,0.0
2014-01-03 00:00:00+00:00,560.7856702287357,562.3074854770027,551.6547787391336,559.2638549804688,165636,0.0,0.0
2014-01-06 00:00:00+00:00,560.7856702287357,562.6879241079589,557.3296600446002,559.2638549804688,164706,0.0,0.0
2014-01-07 00:00:00+00:00,559.2638103003122,563.0683784792501,555.4212893479743,561.927001953125,950508,0.0,0.0
2014-01-08 00:00:00+00:00,560.4052315977796,562.3074854770027,558.1224783631579,559.2638549804688,168937,0.0,0.0
2014-01-09 00:00:00+00:00,558.5029777185564,563.4488620943137,556.4484876625083,559.2638549804688,358184,0.0,0.0
2014-01-10 00:00:00+00:00,558.5029777185564,561.1661088596919,556.9811624702893,559.2638549804688,443496,0.0,0.0
2014-01-13 00:00:00+00:00,559.2638549804688,561.1661088596919,557.2093649244207,559.2638549804688,464150,0.0,0.0
2014-01-14 00:00:00+00:00,559.2638549804688,561.1661088596919,557.3616011012455,559.2638549804688,306894,0.0,0.0
2014-01-15 00:00:00+00:00,558.8834163495126,559.6442936114249,556.5968981994688,559.2638549804688,384717,0.0,0.0
2014-01-16 00:00:00+00:00,559.2638549804688,560.7856702287357,556.0110287802405,559.2638549804688,523422,0.0,0.0
2014-01-17 00:00:00+00:00,559.2638549804688,559.2638549804688,556.6007238393331,559.2638549804688,181368,0.0,0.0
2014-01-20 00:00:00+00:00,559.2638614877702,569.1966193534039,558.5029842170047,566.112060546875,786809,0.0,0.0
2014-01-21 00:00:00+00:00,559.2638390531871,566.4924764577015,559.1497378293709,563.8292846679688,676268,0.0,0.0
2014-01-22 00:00:00+00:00,566.4923667064468,566.4923667064468,560.0246685196569,563.0682983398438,105386,0.0,0.0
2014-01-23 00:00:00+00:00,556.6006793719368,564.2096942809377,556.6006793719368,561.927001953125,402282,0.0,0.0
2014-01-24 00:00:00+00:00,562.3074205569974,563.6177324214839,553.8004736940918,555.8397216796875,290376,0.0,0.0
2014-01-27 00:00:00+00:00,556.9813011663402,557.2476386365524,552.948529225104,554.6985473632812,218991,0.0,0.0
2014-01-28 00:00:00+00:00,556.9812659671883,559.6443976031804,551.6548812462967,553.1766967773438,210815,0.0,0.0
2014-01-29 00:00:00+00:00,556.9812139355719,561.1661607116652,550.8939523800384,556.2202758789062,324853,0.0,0.0
2014-01-30 00:00:00+00:00,555.0788863337713,559.2638325553678,552.7961331906823,556.9811401367188,246296,0.0,0.0
2014-01-31 00:00:00+00:00,559.2638614869447,560.7856767529165,553.5570997828827,558.8834228515625,268956,0.0,0.0
2014-02-03 00:00:00+00:00,556.6007272101606,561.9270502491307,554.6984125949745,555.4593505859375,493827,0.0,0.0
2014-02-04 00:00:00+00:00,551.2743051802904,561.1660733050778,551.2743051802904,557.7420043945312,401229,0.0,0.0
2014-02-05 00:00:00+00:00,557.7420108768989,561.9270177742285,555.8397570960906,557.361572265625,372723,0.0,0.0
2014-02-06 00:00:00+00:00,559.2638549804688,559.6442936114249,555.4593472220223,559.2638549804688,434720,0.0,0.0
2014-02-07 00:00:00+00:00,559.2638549804688,559.6442936114249,557.7420397322016,559.2638549804688,538662,0.0,0.0
2014-02-10 00:00:00+00:00,556.9811624702893,564.8564546666304,556.6768115655244,559.2638549804688,759391,0.0,0.0
2014-02-11 00:00:00+00:00,558.5029777185564,560.4052315977796,557.7420397322016,559.2638549804688,2696055,0.0,0.0
2014-02-12 00:00:00+00:00,559.2638549804688,559.2638549804688,556.6463886199364,559.2638549804688,604146,0.0,0.0
2014-02-13 00:00:00+00:00,559.2638549804688,559.2638549804688,555.8397858529785,559.2638549804688,191011,0.0,0.0
2014-02-14 00:00:00+00:00,559.2638195463785,559.2638195463785,556.2201892426841,557.7420043945312,233441,0.0,0.0
2014-02-17 00:00:00+00:00,558.8834163495126,563.3262594453271,557.255029705024,559.2638549804688,230688,0.0,0.0
2014-02-18 00:00:00+00:00,556.98103869947,563.0682983398438,556.98103869947,563.0682983398438,397921,0.0,0.0
2014-02-19 00:00:00+00:00,558.8834388864043,570.2589491195848,558.8834388864043,561.546630859375,274721,0.0,0.0
2014-02-20 00:00:00+00:00,554.6983809887033,566.112025131709,554.6983809887033,564.5902099609375,243773,0.0,0.0
2014-02-21 00:00:00+00:00,564.5902891116465,570.6774291992188,561.1661589540477,570.6774291992188,518128,0.0,0.0
2014-02-24 00:00:00+00:00,567.2535070686812,570.6775162999807,567.2535070686812,569.1557006835938,282361,0.0,0.0
2014-02-25 00:00:00+00:00,569.1556138151018,570.6774291992188,565.4423745619449,570.6774291992188,960565,0.0,0.0
2014-02-26 00:00:00+00:00,570.6774291992188,570.6774291992188,564.5521541584832,570.6774291992188,258252,0.0,0.0
2014-02-27 00:00:00+00:00,566.112123677076,570.6774485352162,563.8293701613313,569.5360717773438,270184,0.0,0.0
2014-02-28 00:00:00+00:00,568.7751751501845,570.6774291992188,568.7751751501845,570.6774291992188,414578,0.0,0.0
2014-03-03 00:00:00+00:00,564.5901132499372,567.9570399290418,557.3614772458862,563.0682983398438,218378,0.0,0.0
2014-03-04 00:00:00+00:00,563.4489250089413,570.6774419775709,557.6013427366576,569.91650390625,341821,0.0,0.0
2014-03-05 00:00:00+00:00,568.394618586844,570.6773717956245,566.8729248046875,566.8729248046875,897732,0.0,0.0
2014-03-06 00:00:00+00:00,568.394618586844,569.1555565645847,564.9706709469982,566.8729248046875,305082,0.0,0.0
2014-03-07 00:00:00+00:00,568.3946444053496,568.3946444053496,563.0684426658794,565.3511352539062,261983,0.0,0.0
2014-03-10 00:00:00+00:00,566.4926015955856,567.2534790039062,562.6880323806201,567.2534790039062,265564,0.0,0.0
2014-03-11 00:00:00+00:00,564.2097329692575,567.6338627824282,562.3074791115682,566.8729248046875,244076,0.0,0.0
2014-03-12 00:00:00+00:00,562.3074568425607,568.2804948555129,560.7856416717892,564.5902099609375,1500632,0.0,0.0
2014-03-13 00:00:00+00:00,566.1120797943976,566.8729570910325,559.2638805024575,564.970703125,228276,0.0,0.0
2014-03-14 00:00:00+00:00,560.0247574845213,564.1716293858677,555.8397506358319,557.7420043945312,165285,0.0,0.0
2014-03-17 00:00:00+00:00,555.0788390492693,566.8728602024198,555.0788390492693,563.4487915039062,146812,0.0,0.0
2014-03-18 00:00:00+00:00,563.0683529206125,566.8728602024198,557.7419698567605,563.4487915039062,183835,0.0,0.0
2014-03-19 00:00:00+00:00,566.4924899810742,566.4924899810742,521.272759023751,534.154052734375,1697391,0.0,0.0
2014-03-20 00:00:00+00:00,532.6321346864148,542.1434629273136,528.4471283996244,533.0125732421875,745262,0.0,0.0
2014-03-21 00:00:00+00:00,529.5886037004138,537.1976798591342,523.5013427734375,523.5013427734375,785683,0.0,0.0
2014-03-24 00:00:00+00:00,525.4036544459445,555.3680727421025,523.6490822363562,527.3059692382812,1551621,0.0,0.0
2014-03-25 00:00:00+00:00,531.490939923286,541.6109733117825,530.7300625517228,540.2413940429688,1187745,0.0,0.0
2014-03-26 00:00:00+00:00,555.459385101102,568.7751631637226,540.0891168423292,564.2097778320312,6025676,0.0,0.0
2014-03-27 00:00:00+00:00,566.4925899444103,566.873028640746,556.2203200721748,560.7857666015625,686447,0.0,0.0
2014-03-28 00:00:00+00:00,542.9044143163061,547.4697990590519,426.5014647060185,496.10888671875,5917623,0.0,0.0
2014-03-31 00:00:00+01:00,504.4788049492921,532.487682120153,496.4893807575018,501.8156433105469,4749342,0.0,0.0
2014-04-01 00:00:00+01:00,502.95700251761457,521.7817936031278,502.5765638575648,520.8383178710938,1379348,0.0,0.0
2014-04-02 00:00:00+01:00,521.2186849771673,521.2642890305551,492.920701881209,496.10888671875,1697474,0.0,0.0
2014-04-03 00:00:00+01:00,495.72849334057435,504.4787946543907,485.07657569631175,486.2171325683594,516509,0.0,0.0
2014-04-04 00:00:00+01:00,494.9676291481321,499.9134230219365,480.89085161856246,492.6849060058594,713498,0.0,0.0
2014-04-07 00:00:00+01:00,493.06529829546344,493.82620593797014,482.0321526602277,482.7930603027344,331545,0.0,0.0
2014-04-08 00:00:00+01:00,484.31486156315344,486.7345787657218,470.23817685218364,470.99908447265625,541767,0.0,0.0
2014-04-09 00:00:00+01:00,475.564567747899,483.5539921259636,473.966664654952,483.1735534667969,716080,0.0,0.0
2014-04-10 00:00:00+01:00,483.9344353775401,487.35850457660024,483.1735277375021,484.6953430175781,525458,0.0,0.0
2014-04-11 00:00:00+01:00,479.74939961503145,492.30435974710605,478.98849202029294,490.0216369628906,1286867,0.0,0.0
2014-04-14 00:00:00+01:00,485.8366618810308,505.2054507550852,485.8366618810308,502.5765075683594,1249826,0.0,0.0
2014-04-15 00:00:00+01:00,496.4893397839579,509.62865129284944,487.73891756482544,493.44573974609375,828726,0.0,0.0
2014-04-16 00:00:00+01:00,491.92398426273536,507.0735498468309,485.4562536963014,488.11944580078125,476263,0.0,0.0
2014-04-17 00:00:00+01:00,492.6848497286796,492.6848497286796,481.2712353210417,486.97802734375,757899,0.0,0.0
2014-04-22 00:00:00+01:00,492.3044725600239,507.8573107695288,492.3044725600239,504.8593444824219,647034,0.0,0.0
2014-04-23 00:00:00+01:00,506.76149056205213,507.1419595465104,501.0928032796057,502.196044921875,391974,0.0,0.0
2014-04-24 00:00:00+01:00,506.38099509785695,517.3228094264944,503.33736501272386,512.8486938476562,846965,0.0,0.0
2014-04-25 00:00:00+01:00,511.7074428019721,513.6096968903063,507.1420269175252,509.0442810058594,491441,0.0,0.0
2014-04-28 00:00:00+01:00,514.370688029903,517.987254410154,508.8830493728165,511.3270568847656,833433,0.0,0.0
2014-04-29 00:00:00+01:00,513.6096913699264,529.5886619748576,510.35000298442407,527.3059692382812,526947,0.0,0.0
2014-04-30 00:00:00+01:00,531.1104850208785,531.1104850208785,516.1435478560596,519.6969604492188,269151,0.0,0.0
2014-05-01 00:00:00+01:00,521.2187270316288,547.6220186869882,517.8691667282523,526.16455078125,1050608,0.0,0.0
2014-05-02 00:00:00+01:00,525.0231913179834,525.0231913179834,511.09488598149875,514.37060546875,555592,0.0,0.0
2014-05-06 00:00:00+01:00,520.4577857210257,520.4577857210257,506.76144989948915,515.5119018554688,755114,0.0,0.0
2014-05-07 00:00:00+01:00,516.6533109078458,518.5737822683717,509.04426443990775,513.6096801757812,337441,0.0,0.0
2014-05-08 00:00:00+01:00,521.2187277842836,521.2187277842836,507.9028896213765,511.7073974609375,332258,0.0,0.0
2014-05-09 00:00:00+01:00,518.5555672970577,518.5555672970577,506.0005767592007,509.80511474609375,411649,0.0,0.0
2014-05-12 00:00:00+01:00,512.4684163293249,513.1722127415453,507.53245951576696,510.566162109375,645736,0.0,0.0
2014-05-13 00:00:00+01:00,513.6096904493072,515.5120052382341,506.7615515274047,509.42474365234375,203610,0.0,0.0
2014-05-14 00:00:00+01:00,511.32693304800085,511.32693304800085,504.8592336120909,506.0005798339844,299184,0.0,0.0
2014-05-15 00:00:00+01:00,507.9029037182791,507.9029037182791,490.0216799413809,496.4893798828125,542361,0.0,0.0
2014-05-16 00:00:00+01:00,498.39168446694543,500.9969454482825,479.5052274556768,488.11944580078125,757994,0.0,0.0
2014-05-19 00:00:00+01:00,489.26077794169885,496.10894697422754,482.79307792542215,483.5539855957031,460633,0.0,0.0
2014-05-20 00:00:00+01:00,485.075815031218,490.02169985064637,483.5539996464363,488.11944580078125,501312,0.0,0.0
2014-05-21 00:00:00+01:00,494.2066585456145,494.2066585456145,485.075767138441,487.3584899902344,236194,0.0,0.0
2014-05-22 00:00:00+01:00,488.88034588986125,488.88034588986125,483.1735534667969,483.1735534667969,545118,0.0,0.0
2014-05-23 00:00:00+01:00,484.6953268421324,487.3584883122784,481.65169638355366,482.0321350097656,488765,0.0,0.0
2014-05-27 00:00:00+01:00,488.11939912520734,488.8041886568758,481.65169953945986,485.4562072753906,517740,0.0,0.0
2014-05-28 00:00:00+01:00,486.9780035648106,498.77205602902694,485.2279555786479,493.826171875,357671,0.0,0.0
2014-05-29 00:00:00+01:00,494.587092319203,497.63072275839033,490.5162168713466,493.0652770996094,232036,0.0,0.0
2014-05-30 00:00:00+01:00,493.8261590800845,498.85265479740417,491.9239053354287,494.5870666503906,586770,0.0,0.0
2014-06-02 00:00:00+01:00,497.25028754428814,498.39166421761286,493.44577959913255,496.4893798828125,503053,0.0,0.0
2014-06-03 00:00:00+01:00,497.63070982510527,498.01870863173224,492.40324644479625,493.826171875,347416,0.0,0.0
2014-06-04 00:00:00+01:00,494.5871148165292,497.25027639084726,491.543484238896,495.3480224609375,261618,0.0,0.0
2014-06-05 00:00:00+01:00,496.10888671875,497.2502329044364,491.92391022160734,496.10888671875,652612,0.0,0.0
2014-06-06 00:00:00+01:00,496.48936974159295,500.6742858886719,492.85986972184577,500.6742858886719,376310,0.0,0.0
2014-06-09 00:00:00+01:00,502.19609244558575,503.71790780299017,491.6956211314969,497.6307678222656,386849,0.0,0.0
2014-06-10 00:00:00+01:00,500.2937381425247,502.1959917768485,495.8066882303927,499.9132995605469,400165,0.0,0.0
2014-06-11 00:00:00+01:00,500.29377212923475,500.29377212923475,496.10888671875,496.10888671875,291438,0.0,0.0
2014-06-12 00:00:00+01:00,498.3916303681872,649.4308952273502,493.0652770996094,493.0652770996094,834848,0.0,0.0
2014-06-13 00:00:00+01:00,494.58711668853084,495.01094294640154,482.52672592467775,486.2171325683594,278088,0.0,0.0
2014-06-16 00:00:00+01:00,486.217169628562,490.40217718874635,482.03219243060204,485.83673095703125,349793,0.0,0.0
2014-06-17 00:00:00+01:00,489.2607600829301,489.2607600829301,482.0321526602277,482.7930603027344,366339,0.0,0.0
2014-06-18 00:00:00+01:00,483.9344353775401,487.6027382886016,483.5098804303851,484.6953430175781,444022,0.0,0.0
2014-06-19 00:00:00+01:00,486.9780371554101,488.88032144278776,480.89080637757866,482.7930603027344,424233,0.0,0.0
2014-06-20 00:00:00+01:00,485.45619144388337,487.77246448140454,475.4883960746767,475.56451416015625,1561931,0.0,0.0
2014-06-23 00:00:00+01:00,475.5645233924516,481.5900882369643,475.5645233924516,478.6080627441406,431161,0.0,0.0
2014-06-24 00:00:00+01:00,480.51030725868986,482.03212244832173,473.6622603542264,475.56451416015625,719189,0.0,0.0
2014-06-25 00:00:00+01:00,472.5209683884886,476.3255070437927,467.84142075902366,475.945068359375,476541,0.0,0.0
2014-06-26 00:00:00+01:00,478.2275858174448,485.61371200506653,474.4231692815595,480.8907775878906,420464,0.0,0.0
2014-06-27 00:00:00+01:00,482.03217676484996,485.0758074870772,478.22763836206593,483.1735534667969,287383,0.0,0.0
2014-06-30 00:00:00+01:00,483.17349597692515,493.826171875,482.4125883869041,493.826171875,660282,0.0,0.0
2014-07-01 00:00:00+01:00,498.7721141592073,499.1525831796701,492.6087649979416,497.6307678222656,588565,0.0,0.0
2014-07-02 00:00:00+01:00,500.2937381425247,504.6309505125929,496.86976054250687,499.9132995605469,299189,0.0,0.0
2014-07-03 00:00:00+01:00,498.3916283372759,503.1974213145348,498.2774056639432,502.196044921875,697960,0.0,0.0
2014-07-04 00:00:00+01:00,502.1960257960641,509.3234656885844,500.67424100284836,503.33740234375,290919,0.0,0.0
2014-07-07 00:00:00+01:00,498.39159012669455,503.5657068035437,494.9675213401878,497.2502136230469,383382,0.0,0.0
2014-07-08 00:00:00+01:00,498.01114843900586,498.01114843900586,488.4998187448527,493.826171875,387907,0.0,0.0
2014-07-09 00:00:00+01:00,498.7721279029463,498.7721279029463,488.4998891385248,489.6412658691406,241747,0.0,0.0
2014-07-10 00:00:00+01:00,491.9239889681481,491.9239889681481,483.1735656030649,489.6412658691406,301378,0.0,0.0
2014-07-11 00:00:00+01:00,490.7825654796293,491.16303447432784,482.03214294821754,486.97802734375,456765,0.0,0.0
2014-07-14 00:00:00+01:00,488.11940075934785,490.7825622558594,486.13723351916383,490.7825622558594,698811,0.0,0.0
2014-07-15 00:00:00+01:00,490.02166112970997,494.20666828827706,488.7280786839719,490.4021301269531,267724,0.0,0.0
2014-07-16 00:00:00+01:00,492.3043439394723,494.5870666503906,491.1629977651226,494.5870666503906,386494,0.0,0.0
2014-07-17 00:00:00+01:00,494.5871424359285,498.7721195327663,491.9239807128906,491.9239807128906,1220049,0.0,0.0
2014-07-18 00:00:00+01:00,491.54350865852666,494.5871393873659,484.3149008586453,488.4998779296875,1122495,0.0,0.0
2014-07-21 00:00:00+01:00,492.6848129057348,494.5870666503906,488.8802750542042,494.5870666503906,1047607,0.0,0.0
2014-07-22 00:00:00+01:00,492.3043439394723,494.5870666503906,491.9239053354287,494.5870666503906,1314637,0.0,0.0
2014-07-23 00:00:00+01:00,494.5870666503906,500.67423612618256,488.4998060879417,494.5870666503906,7471890,0.0,0.0
2014-07-24 00:00:00+01:00,494.58720703542076,512.7575428766654,493.8262992491364,511.3270568847656,9513141,0.0,0.0
2014-07-25 00:00:00+01:00,511.70748320062705,520.8383764148422,510.94660579500265,517.414306640625,1328056,0.0,0.0
2014-07-28 00:00:00+01:00,519.3165847871212,525.7842252060431,516.8207488981917,523.1210327148438,794063,0.0,0.0
2014-07-29 00:00:00+01:00,526.1645251277129,532.2213022758364,523.5013333390457,527.6863403320312,3641955,0.0,0.0
2014-07-30 00:00:00+01:00,530.7298598911891,541.0020648315308,525.4034774263353,537.9584350585938,2536151,0.0,0.0
2014-07-31 00:00:00+01:00,539.480216277647,542.9651302503212,529.9688890119003,532.632080078125,492813,0.0,0.0
2014-08-01 00:00:00+01:00,533.0126760027213,533.3931146318395,525.0231611690295,526.9254150390625,641379,0.0,0.0
2014-08-04 00:00:00+01:00,529.5885688134662,537.1976444709344,527.6863150802085,536.4367065429688,606452,0.0,0.0
2014-08-05 00:00:00+01:00,540.6217814186471,545.4420878849122,536.0563354492188,536.0563354492188,494811,0.0,0.0
2014-08-06 00:00:00+01:00,536.4368223689856,537.5781991451584,529.588683160851,536.8173217773438,512850,0.0,0.0
2014-08-07 00:00:00+01:00,534.154106619865,543.6654376561092,534.154106619865,541.76318359375,500395,0.0,0.0
2014-08-08 00:00:00+01:00,539.8609772537808,543.7415127305974,537.1977848963894,542.5241088867188,411106,0.0,0.0
2014-08-11 00:00:00+01:00,547.089407901867,547.089407901867,541.0022675242317,544.0458984375,403989,0.0,0.0
2014-08-12 00:00:00+01:00,545.5674573890203,545.5674573890203,540.6216950093057,544.8067016601562,301495,0.0,0.0
2014-08-13 00:00:00+01:00,545.187229459809,550.1329926488153,541.7631601508375,546.7089233398438,368524,0.0,0.0
2014-08-14 00:00:00+01:00,546.3284846887237,548.9277945787786,543.6654141308833,546.7089233398438,438746,0.0,0.0
2014-08-15 00:00:00+01:00,547.0893200951986,547.4698194416256,544.2740742924999,545.5675048828125,420736,0.0,0.0
2014-08-18 00:00:00+01:00,547.469970703125,547.469970703125,544.3046476243169,547.469970703125,257455,0.0,0.0
2014-08-19 00:00:00+01:00,548.6110778418667,554.467038682778,545.9099335464821,548.9915771484375,431835,0.0,0.0
2014-08-20 00:00:00+01:00,558.5030541888484,558.5030541888484,542.14364429782,544.0458984375,649372,0.0,0.0
2014-08-21 00:00:00+01:00,549.7525784291387,559.6443481445312,535.6759226410003,559.6443481445312,1313845,0.0,0.0
2014-08-22 00:00:00+01:00,562.3075081519696,566.0998104504395,555.748478702247,561.546630859375,2060929,0.0,0.0
2014-08-26 00:00:00+01:00,561.5467463159325,572.960211673736,548.8396678458561,572.5797729492188,1101815,0.0,0.0
2014-08-27 00:00:00+01:00,570.6774291992188,574.4819372972872,568.3224743924897,570.6774291992188,716347,0.0,0.0
2014-08-28 00:00:00+01:00,569.9163136241922,570.6772514414533,561.9269219761665,563.0682983398438,639900,0.0,0.0
2014-08-29 00:00:00+01:00,563.0684074277254,569.1555467985532,560.3291279139684,563.8292846679688,892689,0.0,0.0
2014-09-01 00:00:00+01:00,567.6339198798803,574.8623759622045,562.0335469651695,570.6774291992188,696544,0.0,0.0
2014-09-02 00:00:00+01:00,568.3946500992504,574.0726286017912,565.7315795650602,572.19921875,643212,0.0,0.0
2014-09-03 00:00:00+01:00,559.8430425338839,566.6936735441225,557.9628928517922,561.7460327148438,594688,20.4201,0.0
2014-09-04 00:00:00+01:00,558.3206787109375,562.8877457359583,556.1056363210307,558.3206787109375,657389,0.0,0.0
2014-09-05 00:00:00+01:00,559.8431028370442,559.8431028370442,549.186672555058,552.2313842773438,1187672,0.0,0.0
2014-09-08 00:00:00+01:00,552.9923843030557,552.9923843030557,540.8136621550804,550.3282470703125,787477,0.0,0.0
2014-09-09 00:00:00+01:00,548.4253463783375,550.3664240979659,543.0971931285394,545.0001831054688,354895,0.0,0.0
2014-09-10 00:00:00+01:00,548.8060822011606,548.8060822011606,543.8585619327747,544.2391357421875,567847,0.0,0.0
2014-09-11 00:00:00+01:00,541.5749537579834,546.5225343720117,540.4332324221373,542.7167358398438,831296,0.0,0.0
2014-09-12 00:00:00+01:00,541.1944190831605,543.8585572179927,539.291489306574,541.9556274414062,405050,0.0,0.0
2014-09-15 00:00:00+01:00,537.7689649417596,559.0818203625399,537.7689649417596,556.037109375,693141,0.0,0.0
2014-09-16 00:00:00+01:00,552.6119580561259,556.037243557194,546.5225346115543,552.2313842773438,655491,0.0,0.0
2014-09-17 00:00:00+01:00,556.7985059150118,559.462583371131,548.8060913085938,548.8060913085938,309390,0.0,0.0
2014-09-18 00:00:00+01:00,546.9029983640647,556.79833984375,546.9029983640647,556.79833984375,419827,0.0,0.0
2014-09-19 00:00:00+01:00,557.5595637612656,570.1188621339701,557.5595637612656,563.6489868164062,2130391,0.0,0.0
2014-09-22 00:00:00+01:00,561.365452357617,569.3577446058274,559.4625227391853,567.8355102539062,675754,0.0,0.0
2014-09-23 00:00:00+01:00,568.9771076899794,568.9771076899794,555.6566018391804,558.3206787109375,545067,0.0,0.0
2014-09-24 00:00:00+01:00,559.8429510417479,561.0129189574601,553.7535899942542,557.5594482421875,680919,0.0,0.0
2014-09-25 00:00:00+01:00,560.6041732586226,567.454742575844,558.8153858192818,563.268310546875,761629,0.0,0.0
2014-09-26 00:00:00+01:00,562.1266868460758,567.0743283829494,558.7014012240877,561.365478515625,317092,0.0,0.0
2014-09-29 00:00:00+01:00,557.1789135459682,560.2236246557171,552.9924205835628,556.79833984375,447146,0.0,0.0
2014-09-30 00:00:00+01:00,558.701406163943,559.0819799595253,549.5672705938695,554.1343383789062,450791,0.0,0.0
2014-10-01 00:00:00+01:00,551.8506025253089,555.6565215357989,548.0447442608169,550.3282470703125,601749,0.0,0.0
2014-10-02 00:00:00+01:00,550.709077183186,552.2314331791382,544.6197139453967,546.5225830078125,641171,0.0,0.0
2014-10-03 00:00:00+01:00,550.3283346131154,562.1266064526327,546.7310775334053,561.7460327148438,487406,0.0,0.0
2014-10-06 00:00:00+01:00,562.5072606382931,567.8355367134003,557.9401928936369,561.365478515625,496250,0.0,0.0
2014-10-07 00:00:00+01:00,559.4623773661542,563.1921208789687,554.8953110210356,557.5594482421875,563977,0.0,0.0
2014-10-08 00:00:00+01:00,555.6566697784118,557.9401731971191,550.7090284162008,552.2313842773438,584416,0.0,0.0
2014-10-09 00:00:00+01:00,557.9400837107697,557.9400837107697,541.5748671337766,549.1865844726562,2085006,0.0,0.0
2014-10-10 00:00:00+01:00,544.6196438278135,554.8954391719897,544.6196438278135,551.4701538085938,903462,0.0,0.0
2014-10-13 00:00:00+01:00,548.0448244954122,551.4701095841216,545.7612606056014,549.94775390625,803808,0.0,0.0
2014-10-14 00:00:00+01:00,549.1867184160008,555.6567161796447,547.2837278711484,554.8955078125,755543,0.0,0.0
2014-10-15 00:00:00+01:00,554.1343850691909,556.4483832841339,545.8756596521174,547.2837524414062,996009,0.0,0.0
2014-10-16 00:00:00+01:00,546.9031005760223,552.2313763868976,527.4932306753232,539.2914428710938,948541,0.0,0.0
2014-10-17 00:00:00+01:00,539.2915007790895,548.0449414899908,537.7691447762311,547.6643676757812,462763,0.0,0.0
2014-10-20 00:00:00+01:00,545.7613771126933,553.753791687215,544.2391426018745,547.6643676757812,231367,0.0,0.0
2014-10-21 00:00:00+01:00,544.2391109632105,555.2761154097868,544.2391109632105,551.8507690429688,338836,0.0,0.0
2014-10-22 00:00:00+01:00,551.8507690429688,558.320766492487,550.8993041897469,551.8507690429688,482353,0.0,0.0
2014-10-23 00:00:00+01:00,554.1342682254405,561.7460469035163,549.1866272711934,559.0819091796875,991153,0.0,0.0
2014-10-24 00:00:00+01:00,560.2236770176804,566.6936735441225,557.2778601237721,561.7460327148438,471382,0.0,0.0
2014-10-27 00:00:00+00:00,564.4099976846392,566.3129874881747,554.8952916509442,557.9400024414062,782474,0.0,0.0
2014-10-28 00:00:00+00:00,559.081907831684,567.835468476868,558.7013340852002,567.454833984375,714684,0.0,0.0
2014-10-29 00:00:00+00:00,565.9324636002732,571.1176213035975,565.9324636002732,570.1188354492188,367041,0.0,0.0
2014-10-30 00:00:00+00:00,570.49953617021,574.297802218603,566.3131638352021,572.4024658203125,650757,0.0,0.0
2014-10-31 00:00:00+00:00,576.5889209040027,580.2729845857272,565.9325509043899,573.1636352539062,879084,0.0,0.0
2014-11-03 00:00:00+00:00,573.5442655641887,575.0666216415741,566.6938150810113,570.8801879882812,600142,0.0,0.0
2014-11-04 00:00:00+00:00,572.0219189095576,578.4919164714353,570.4995629687619,575.4472045898438,561476,0.0,0.0
2014-11-05 00:00:00+00:00,578.8725000651415,582.4690895752104,577.3501440985862,580.0142822265625,554803,0.0,0.0
2014-11-06 00:00:00+00:00,579.6336598335296,579.9000918757213,575.066591838067,576.2083740234375,518837,0.0,0.0
2014-11-07 00:00:00+00:00,578.1112547706199,579.2530368590872,572.4024658203125,572.4024658203125,571073,0.0,0.0
2014-11-10 00:00:00+00:00,570.1189549228184,578.491943359375,569.738381106435,578.491943359375,390950,0.0,0.0
2014-11-11 00:00:00+00:00,575.8278051526506,578.491943359375,575.8278051526506,578.491943359375,729148,0.0,0.0
2014-11-12 00:00:00+00:00,575.4472313362672,578.8344901671302,575.4472313362672,578.491943359375,716535,0.0,0.0
2014-11-13 00:00:00+00:00,577.3501611642046,578.491943359375,574.7469512157136,578.491943359375,860117,0.0,0.0
2014-11-14 00:00:00+00:00,577.3501124922861,584.20068359375,575.8277566090702,584.20068359375,681660,0.0,0.0
2014-11-17 00:00:00+00:00,578.872468375502,585.0791317174156,575.44718282477,584.20068359375,554427,0.0,0.0
2014-11-18 00:00:00+00:00,583.4395773942699,588.0066453677482,581.1560130345212,584.581298828125,520500,0.0,0.0
2014-11-19 00:00:00+00:00,586.103647583053,586.103647583053,581.156005859375,581.156005859375,391919,0.0,0.0
2014-11-20 00:00:00+00:00,578.1112578003215,583.8201075265616,578.1112578003215,583.0589599609375,336688,0.0,0.0
2014-11-21 00:00:00+00:00,580.3948873253089,586.1036769481829,580.3948873253089,585.342529296875,548806,0.0,0.0
2014-11-24 00:00:00+00:00,586.1036736125607,607.0359628566574,585.7230997890726,593.7153930664062,1916929,0.0,0.0
2014-11-25 00:00:00+00:00,593.7153611085258,600.5659325466501,592.1930051504962,597.9017944335938,1163109,0.0,0.0
2014-11-26 00:00:00+00:00,594.4764680634645,608.9388183027827,592.741015192833,607.035888671875,1232313,0.0,0.0
2014-11-27 00:00:00+00:00,608.9387648850849,614.2669187874159,607.035835421107,610.4611206054688,627101,0.0,0.0
2014-11-28 00:00:00+00:00,610.4611206054688,610.8417550950712,609.3193993746872,610.4611206054688,711072,0.0,0.0
2014-12-01 00:00:00+00:00,605.8940510557892,610.0805444568434,605.0111078249305,609.3193969726562,641722,0.0,0.0
2014-12-02 00:00:00+00:00,616.1699292093434,622.6399266845596,607.4164889725449,619.59521484375,1463459,0.0,0.0
2014-12-03 00:00:00+00:00,618.0728881235196,626.8264502659036,611.7933291134725,623.78173828125,1073311,0.0,0.0
2014-12-04 00:00:00+00:00,621.1174926757812,631.3934090331048,619.2145632010203,621.1174926757812,992765,0.0,0.0
2014-12-05 00:00:00+00:00,627.20695093601,629.1098805180044,623.7816655392178,627.5875854492188,856880,0.0,0.0
2014-12-08 00:00:00+00:00,627.2069702148438,631.3934640207239,623.4011109338721,627.2069702148438,559149,0.0,0.0
2014-12-09 00:00:00+00:00,615.0280904646936,627.2068747578766,610.4610843210031,612.364013671875,755216,0.0,0.0
2014-12-10 00:00:00+00:00,615.7893311033166,619.214616602487,608.3200012049714,617.6922607421875,432724,0.0,0.0
2014-12-11 00:00:00+00:00,619.5951163729442,619.5951163729442,608.9387481157355,611.9834594726562,633691,0.0,0.0
2014-12-12 00:00:00+00:00,607.0358804403901,610.2936891207743,592.5735303971832,594.0958862304688,398896,0.0,0.0
2014-12-15 00:00:00+00:00,586.8648192810878,599.4241185899747,583.0589599609375,583.0589599609375,604924,0.0,0.0
2014-12-16 00:00:00+00:00,583.0588286151977,604.7522583007812,582.2976204750363,604.7522583007812,993912,0.0,0.0
2014-12-17 00:00:00+00:00,603.9910501606198,607.7969693694249,599.4239835576543,604.7522583007812,752180,0.0,0.0
2014-12-18 00:00:00+00:00,616.9311498253213,616.9311498253213,604.7524237116443,615.7893676757812,699774,0.0,0.0
2014-12-19 00:00:00+00:00,615.0282078285522,623.0205612241732,613.505912654164,619.59521484375,1034016,0.0,0.0
2014-12-22 00:00:00+00:00,617.3116003727512,624.1621704101562,616.5504529223754,624.1621704101562,793695,0.0,0.0
2014-12-23 00:00:00+00:00,621.4982201434586,627.5876439704766,621.1175855947565,626.4458618164062,323791,0.0,0.0
2014-12-24 00:00:00+00:00,613.8863318977197,629.4904625109976,613.8863318977197,622.6398315429688,144709,0.0,0.0
2014-12-29 00:00:00+00:00,612.364053539486,626.4457681003228,612.364053539486,621.1174926757812,440816,0.0,0.0
2014-12-30 00:00:00+00:00,621.8787427166455,622.6398902593115,616.9311014512776,621.4981689453125,191939,0.0,0.0
2014-12-31 00:00:00+00:00,616.9310639232015,634.0575507975204,616.9310639232015,631.7739868164062,358497,0.0,0.0
2015-01-02 00:00:00+00:00,627.9682324466536,629.8711622505572,620.1586026998151,623.78173828125,385199,0.0,0.0
2015-01-05 00:00:00+00:00,623.4011380396147,627.2069974860666,610.1110637314646,611.222412109375,416491,0.0,0.0
2015-01-06 00:00:00+00:00,615.0281777104517,615.0281777104517,596.37939453125,596.37939453125,781658,0.0,0.0
2015-01-07 00:00:00+00:00,602.4688331886738,604.7294961406631,597.2167327230284,603.2300415039062,743617,0.0,0.0
2015-01-08 00:00:00+00:00,606.6552425542543,611.222309571441,604.3716786726576,610.8417358398438,453541,0.0,0.0
2015-01-09 00:00:00+00:00,610.0806299770327,615.408784605252,607.0359181214643,611.222412109375,404476,0.0,0.0
2015-01-12 00:00:00+00:00,615.0281048824169,616.550460548003,606.6552398407027,609.699951171875,361651,0.0,0.0
2015-01-13 00:00:00+00:00,610.841859392472,631.7740870702739,606.6553652600965,631.012939453125,727759,0.0,0.0
2015-01-14 00:00:00+00:00,624.1623988291761,626.4459635080102,608.9389582824307,616.1700439453125,621922,0.0,0.0
2015-01-15 00:00:00+00:00,619.975773371233,619.975773371233,600.5658440713555,612.7446899414062,652549,0.0,0.0
2015-01-16 00:00:00+00:00,614.2669635599207,623.7816723193234,611.9835209319227,621.4981689453125,591846,0.0,0.0
2015-01-19 00:00:00+00:00,624.1622949989573,629.1099366520141,621.8787914460149,625.3040771484375,518026,0.0,0.0
2015-01-20 00:00:00+00:00,628.7293728004805,628.7293728004805,619.9758715053233,620.3564453125,433035,0.0,0.0
2015-01-21 00:00:00+00:00,617.3117504285019,621.1176100975183,615.7893944116912,618.8341064453125,327332,0.0,0.0
2015-01-22 00:00:00+00:00,620.3563868853006,624.9234543793355,618.0728227652766,621.4981689453125,491585,0.0,0.0
2015-01-23 00:00:00+00:00,629.1098805180044,630.6322363328023,625.3040213540157,627.5875854492188,492788,0.0,0.0
2015-01-26 00:00:00+00:00,624.9235058596518,627.5876439704766,618.0728736812475,626.4458618164062,411293,0.0,0.0
2015-01-27 00:00:00+00:00,627.5876487005302,628.7293701171875,624.1623022125026,628.7293701171875,1701481,0.0,0.0
2015-01-28 00:00:00+00:00,627.9682346186131,634.438232421875,625.3040964363219,634.438232421875,731213,0.0,0.0
2015-01-29 00:00:00+00:00,628.7293696922147,638.2440185546875,628.3487958869196,638.2440185546875,411501,0.0,0.0
2015-01-30 00:00:00+00:00,643.5721528008881,643.5721528008881,634.4381396431111,638.62451171875,1138731,0.0,0.0
2015-02-02 00:00:00+00:00,642.0499082954213,642.0499082954213,629.8711814770954,632.9158935546875,428330,0.0,0.0
2015-02-03 00:00:00+00:00,631.7740186167946,639.7663107149589,630.7084120682459,637.1021728515625,527546,0.0,0.0
2015-02-04 00:00:00+00:00,638.244028794156,638.244028794156,632.5353001311046,633.2964477539062,521330,0.0,0.0
2015-02-05 00:00:00+00:00,624.9234304647674,632.1545748274249,622.6398664321309,629.10986328125,458669,0.0,0.0
2015-02-06 00:00:00+00:00,621.4981311394205,634.8186982938856,621.4981311394205,631.7739868164062,439701,0.0,0.0
2015-02-09 00:00:00+00:00,624.1622779881187,629.1099195063331,620.3564185882665,626.826416015625,700833,0.0,0.0
2015-02-10 00:00:00+00:00,625.3041157792171,634.8188258719875,625.3041157792171,634.0576782226562,732355,0.0,0.0
2015-02-11 00:00:00+00:00,633.677011827425,634.4382201845483,628.7293701171875,628.7293701171875,199611,0.0,0.0
2015-02-12 00:00:00+00:00,623.7817404387296,639.3857527355054,623.7817404387296,634.438232421875,356404,0.0,0.0
2015-02-13 00:00:00+00:00,633.677006981175,637.863379556254,631.7740772219476,635.9605712890625,589688,0.0,0.0
2015-02-16 00:00:00+00:00,635.5798619992879,637.4826698608562,629.9090401916968,630.2515869140625,211314,0.0,0.0
2015-02-17 00:00:00+00:00,639.3856396635595,643.5721331030838,628.7292710569753,639.0050659179688,434209,0.0,0.0
2015-02-18 00:00:00+00:00,636.7217014640296,641.6693434730128,629.4906164838542,637.4828491210938,451514,0.0,0.0
2015-02-19 00:00:00+00:00,635.1993629377607,641.2887260180852,634.438215332477,635.9605712890625,741047,0.0,0.0
2015-02-20 00:00:00+00:00,638.6245656437602,644.7139892578125,634.4381932146271,644.7139892578125,522164,0.0,0.0
2015-02-23 00:00:00+00:00,646.9973754882812,650.0420867435311,642.8109430718165,646.9973754882812,549153,0.0,0.0
2015-02-24 00:00:00+00:00,646.6169019043415,648.5198315470631,644.7756902121084,646.236328125,954426,0.0,0.0
2015-02-25 00:00:00+00:00,649.6615704090196,658.0344967275514,646.9974326388464,654.2286376953125,515601,0.0,0.0
2015-02-26 00:00:00+00:00,653.8481027843632,655.6291759097913,650.4227565566467,653.4674682617188,681663,0.0,0.0
2015-02-27 00:00:00+00:00,663.7432218266052,663.7432218266052,642.651113736299,653.0868530273438,838456,0.0,0.0
2015-03-02 00:00:00+00:00,644.7139628227983,656.8927488055239,642.9632627174441,651.1839599609375,552810,0.0,0.0
2015-03-03 00:00:00+00:00,648.9003951666087,653.08688891186,640.5274684221195,641.6692504882812,315495,0.0,0.0
2015-03-04 00:00:00+00:00,641.6691753943561,645.0944604459706,639.2418257325996,644.3333129882812,505363,0.0,0.0
2015-03-05 00:00:00+00:00,643.191570987016,653.0868530273438,643.191570987016,653.0868530273438,621926,0.0,0.0
2015-03-06 00:00:00+00:00,653.086911500184,654.2286936058366,647.1878051976707,651.9451293945312,545620,0.0,0.0
2015-03-09 00:00:00+00:00,647.7586625763903,656.8927367087256,647.7586625763903,654.9898071289062,2106910,0.0,0.0
2015-03-10 00:00:00+00:00,657.27342020372,657.27342020372,638.624575290489,639.766357421875,706134,0.0,0.0
2015-03-11 00:00:00+00:00,642.4304347337531,644.333425201402,635.1993503883648,639.766357421875,474115,0.0,0.0
2015-03-12 00:00:00+00:00,638.6244499093467,646.9973754882812,638.2438761889417,646.9973754882812,498648,0.0,0.0
2015-03-13 00:00:00+00:00,646.9973861667474,657.4939315025853,645.4750305139967,651.564453125,636554,0.0,0.0
2015-03-16 00:00:00+00:00,657.2733665517092,665.2655978349525,648.5198055023153,662.2208862304688,1010093,0.0,0.0
2015-03-17 00:00:00+00:00,650.8033497665027,664.5044300775589,648.9003595121236,653.0868530273438,998972,0.0,0.0
2015-03-18 00:00:00+00:00,650.8033768028887,666.7879610388351,635.2601123477197,656.131591796875,2083351,0.0,0.0
2015-03-19 00:00:00+00:00,662.2208489856197,662.2208489856197,650.4226984873213,654.6091918945312,2107209,0.0,0.0
2015-03-20 00:00:00+00:00,657.2734557461439,711.6972730262248,653.086961535353,675.9221801757812,8202773,0.0,0.0
2015-03-23 00:00:00+00:00,677.444364207615,684.3329611341566,668.6908041925217,672.1161499023438,1157390,0.0,0.0
2015-03-24 00:00:00+00:00,675.1607833182204,676.6831389020657,670.5937773126874,673.638427734375,1129576,0.0,0.0
2015-03-25 00:00:00+00:00,675.9220085852511,677.4518967121907,671.3549417181596,672.1161499023438,2534834,0.0,0.0
2015-03-26 00:00:00+00:00,658.034512839849,661.5967804583337,641.2886597927552,643.1915893554688,1695794,0.0,0.0
2015-03-27 00:00:00+00:00,640.9080246523512,646.8772314867998,629.8710817962889,633.6769409179688,910780,0.0,0.0
2015-03-30 00:00:00+01:00,632.1546437760172,640.7786951036692,629.8711402403314,632.5352783203125,1002994,0.0,0.0
2015-03-31 00:00:00+01:00,629.8710282534732,636.9027429798938,619.2145385742188,619.2145385742188,1173659,0.0,0.0
2015-04-01 00:00:00+01:00,617.6921961125863,629.1098334971897,613.5742849910805,624.9234008789062,913047,0.0,0.0
2015-04-02 00:00:00+01:00,629.109948918215,631.012939453125,624.1623071686906,631.012939453125,838296,0.0,0.0
2015-04-07 00:00:00+01:00,635.5800019176208,640.5275221324773,634.0576459504216,638.2440185546875,910224,0.0,0.0
2015-04-08 00:00:00+01:00,634.4382584928372,641.2964236432667,634.4382584928372,637.4828491210938,709042,0.0,0.0
2015-04-09 00:00:00+01:00,635.5799174933528,648.5197896306939,635.5799174933528,645.8556518554688,627449,0.0,0.0
2015-04-10 00:00:00+01:00,650.0421636040201,653.8480834960938,644.4704178880801,653.8480834960938,645378,0.0,0.0
2015-04-13 00:00:00+01:00,652.3257420282602,654.609245416892,650.0421778936148,651.1839599609375,491832,0.0,0.0
2015-04-14 00:00:00+01:00,646.6168703922184,653.8480755773733,646.6168703922184,650.4227294921875,2508814,0.0,0.0
2015-04-15 00:00:00+01:00,653.4674410705674,653.4674410705674,646.997444153013,650.4227294921875,448068,0.0,0.0
2015-04-16 00:00:00+01:00,647.3780494630244,649.6616136311018,645.018431285093,646.236328125,659662,0.0,0.0
2015-04-17 00:00:00+01:00,650.0421098900146,650.4226836239709,635.9604565115803,639.3856201171875,603402,0.0,0.0
2015-04-20 00:00:00+01:00,639.3857228807352,645.7309480634293,638.624575290489,639.766357421875,735505,0.0,0.0
2015-04-21 00:00:00+01:00,644.3333883939879,647.7586738464602,636.3410961688948,641.6692504882812,885471,0.0,0.0
2015-04-22 00:00:00+01:00,640.1469751145361,645.8557646709077,636.721689231509,641.2887573242188,588896,0.0,0.0
2015-04-23 00:00:00+01:00,643.1916871763426,643.1916871763426,638.6246190836329,641.2887573242188,589024,0.0,0.0
2015-04-24 00:00:00+01:00,637.4827399213162,657.6539390765085,635.7472871128771,643.1915893554688,690322,0.0,0.0
2015-04-27 00:00:00+01:00,639.3856550407878,652.32570941616,639.3856550407878,645.8556518554688,512102,0.0,0.0
2015-04-28 00:00:00+01:00,648.139247619843,648.139247619843,638.6245388091918,641.6692504882812,654643,0.0,0.0
2015-04-29 00:00:00+01:00,639.3856369719631,647.7586238157644,632.5351880881507,637.86328125,656396,0.0,0.0
2015-04-30 00:00:00+01:00,634.8186606278917,642.8109518495531,634.8186606278917,642.0497436523438,630963,0.0,0.0
2015-05-01 00:00:00+01:00,635.579882777624,640.5274020650636,629.0184635757785,639.3856201171875,312381,0.0,0.0
2015-05-05 00:00:00+01:00,639.3857181834904,643.5722121371383,627.9682006835938,627.9682006835938,946539,0.0,0.0
2015-05-06 00:00:00+01:00,626.0651983556395,634.0575507975204,624.9234163650824,631.7739868164062,934011,0.0,0.0
2015-05-07 00:00:00+01:00,630.2516728107158,643.191606327826,630.2516728107158,641.6692504882812,782426,0.0,0.0
2015-05-08 00:00:00+01:00,654.228649338168,665.2655921312694,648.519799942203,650.4227294921875,1058523,0.0,0.0
2015-05-11 00:00:00+01:00,652.3257291792338,653.8480849903399,644.7139501237031,645.47509765625,580602,0.0,0.0
2015-05-12 00:00:00+01:00,637.8632644353551,640.5274020650636,632.5351714139591,639.3856201171875,550355,0.0,0.0
2015-05-13 00:00:00+01:00,642.4303006264922,645.475011843927,638.6244419777007,643.5720825195312,850971,0.0,0.0
2015-05-14 00:00:00+01:00,640.5274515200626,647.3780222442364,639.7663039933819,643.1915893554688,792032,0.0,0.0
2015-05-15 00:00:00+01:00,642.0497709953835,650.8033315330487,641.6691972535741,645.094482421875,394179,0.0,0.0
2015-05-18 00:00:00+01:00,646.9974391718015,650.0421507267401,642.0497980815288,648.1392211914062,599688,0.0,0.0
2015-05-19 00:00:00+01:00,650.803242052568,658.7955932617188,649.8137504599111,658.7955932617188,3026188,0.0,0.0
2015-05-20 00:00:00+01:00,660.6984790397996,660.9116975247068,654.9897515309319,657.2733154296875,397008,0.0,0.0
2015-05-21 00:00:00+01:00,655.3704197033883,657.6919499759266,653.4674294412586,654.2286376953125,356033,0.0,0.0
2015-05-22 00:00:00+01:00,650.4226984873213,658.4150508130797,650.4226984873213,654.6091918945312,440088,0.0,0.0
2015-05-26 00:00:00+01:00,667.1684618871831,667.1684618871831,651.168632150844,651.564453125,358184,0.0,0.0
2015-05-27 00:00:00+01:00,642.0498348165156,657.6539672418667,642.0498348165156,655.7510375976562,821372,0.0,0.0
2015-05-28 00:00:00+01:00,653.4674099205633,654.6091918945312,650.4226984873213,654.6091918945312,311943,0.0,0.0
2015-05-29 00:00:00+01:00,653.0868087777509,657.6538757360034,649.6615237455629,651.564453125,576647,0.0,0.0
2015-06-01 00:00:00+01:00,650.0421338065522,655.3704092620087,643.9527108551787,649.6615600585938,444992,0.0,0.0
2015-06-02 00:00:00+01:00,650.8033366639708,653.0868398788383,642.0497760572927,647.3779907226562,502266,0.0,0.0
2015-06-03 00:00:00+01:00,646.2363403582985,653.4674852867297,646.2210931084306,651.9451293945312,604916,0.0,0.0
2015-06-04 00:00:00+01:00,645.4751028840274,650.042170354335,641.5627559382395,647.7586669921875,332592,0.0,0.0
2015-06-05 00:00:00+01:00,640.9081006635702,648.5731548142253,637.4828148986196,640.5275268554688,394170,0.0,0.0
2015-06-08 00:00:00+01:00,638.6246294879624,644.089888335404,635.5800388685959,636.3411865234375,442037,0.0,0.0
2015-06-09 00:00:00+01:00,632.154597117142,637.1021776216141,627.206955866657,629.87109375,489826,0.0,0.0
2015-06-10 00:00:00+01:00,629.4904766442245,638.6244894839858,629.1098421542273,637.86328125,3100380,0.0,0.0
2015-06-11 00:00:00+01:00,641.6692335560955,643.5721631188092,637.4827399213162,643.1915893554688,503686,0.0,0.0
2015-06-12 00:00:00+01:00,639.0051789226123,643.6103954157077,631.7740942395837,634.438232421875,404062,0.0,0.0
2015-06-15 00:00:00+01:00,627.9682177731607,630.6322951379676,620.698984784813,626.4458618164062,351558,0.0,0.0
2015-06-16 00:00:00+01:00,626.0651544853912,631.7739425461261,621.1174531216805,630.2515869140625,386344,0.0,0.0
2015-06-17 00:00:00+01:00,632.5352609897911,635.9605465724807,621.4981959200051,624.5429077148438,373156,0.0,0.0
2015-06-18 00:00:00+01:00,624.9234863156988,626.826416015625,616.5505591884144,626.826416015625,428953,0.0,0.0
2015-06-19 00:00:00+01:00,618.0728033129444,629.1098675563275,618.0728033129444,621.8787231445312,778858,0.0,0.0
2015-06-22 00:00:00+01:00,629.1098440244962,633.5535968061027,625.3039850812785,629.490478515625,485169,0.0,0.0
2015-06-23 00:00:00+01:00,631.7740820536442,634.0576463789959,627.9682225060826,628.7293701171875,572207,0.0,0.0
2015-06-24 00:00:00+01:00,632.1546338912252,633.6769898065503,625.3040626452708,627.9682006835938,561328,0.0,0.0
2015-06-25 00:00:00+01:00,623.0205009349108,631.7740010706557,623.0205009349108,629.10986328125,346503,0.0,0.0
2015-06-26 00:00:00+01:00,641.2887034202781,641.2887034202781,622.2593457525437,625.6846313476562,438561,0.0,0.0
2015-06-29 00:00:00+01:00,620.7369969705577,624.1622826049643,619.59521484375,619.59521484375,972070,0.0,0.0
2015-06-30 00:00:00+01:00,619.5951034698843,626.0651605281071,614.8987082836547,624.1621704101562,516180,0.0,0.0
2015-07-01 00:00:00+01:00,619.9759044841236,637.1022734322571,617.3726944601345,636.3411865234375,529576,0.0,0.0
2015-07-02 00:00:00+01:00,633.2964502371759,638.6246051097191,632.1546680524768,634.438232421875,294278,0.0,0.0
2015-07-03 00:00:00+01:00,627.9682006835938,634.438198137221,624.162280522273,627.9682006835938,385543,0.0,0.0
2015-07-06 00:00:00+01:00,620.3563283842973,626.4457511354308,620.3563283842973,622.6398315429688,332883,0.0,0.0
2015-07-07 00:00:00+01:00,624.9233916205587,624.9233916205587,609.6999563279692,611.9834594726562,482750,0.0,0.0
2015-07-08 00:00:00+01:00,616.5504565460128,618.8339596565668,610.0805209417757,616.9310302734375,333734,0.0,0.0
2015-07-09 00:00:00+01:00,610.0805209417757,622.6398184228253,610.0805209417757,616.9310302734375,408118,0.0,0.0
2015-07-10 00:00:00+01:00,629.871130391246,630.4952349630527,622.2593508146209,627.9682006835938,392771,0.0,0.0
2015-07-13 00:00:00+01:00,636.3411450917044,642.049873623369,630.6322950680039,635.9605712890625,814650,0.0,0.0
2015-07-14 00:00:00+01:00,642.8111191740522,642.8111191740522,629.8711839132695,634.0576782226562,288190,0.0,0.0
2015-07-15 00:00:00+01:00,636.3411425716505,637.1022294279022,631.7740747199803,634.8187866210938,442290,0.0,0.0
2015-07-16 00:00:00+01:00,646.6168354274324,646.9974091676481,640.3599966018585,643.9526977539062,595635,0.0,0.0
2015-07-17 00:00:00+01:00,640.1469046714793,646.997475683683,639.7663308921378,646.236328125,421155,0.0,0.0
2015-07-20 00:00:00+01:00,646.9974610253909,651.9451022827797,644.7139576550626,648.900390625,424690,0.0,0.0
2015-07-21 00:00:00+01:00,651.1839261711173,654.2286376953125,647.7586408929002,654.2286376953125,614975,0.0,0.0
2015-07-22 00:00:00+01:00,656.1315986329761,656.5121724052233,649.2810277484745,650.0421752929688,403712,0.0,0.0
2015-07-23 00:00:00+01:00,651.5645337347073,654.9898191906618,648.9003958262923,651.1839599609375,321918,0.0,0.0
2015-07-24 00:00:00+01:00,651.1839547413413,651.1839547413413,644.3333838843433,648.900390625,433878,0.0,0.0
2015-07-27 00:00:00+01:00,640.9081350699265,647.37813313906,635.1994061499014,637.4828491210938,502057,0.0,0.0
2015-07-28 00:00:00+01:00,637.4827038556463,647.3779856187394,637.4827038556463,645.094482421875,450487,0.0,0.0
2015-07-29 00:00:00+01:00,642.0497269108139,648.1391493456834,637.8632338003399,643.5720825195312,511889,0.0,0.0
2015-07-30 00:00:00+01:00,643.9527444574724,650.0421677265999,642.8110231540203,646.6168823242188,300693,0.0,0.0
2015-07-31 00:00:00+01:00,650.4227882801088,650.4227882801088,641.2887134654048,649.2810668945312,480383,0.0,0.0
2015-08-03 00:00:00+01:00,644.7139151138198,657.2733346869286,644.7139151138198,656.8927001953125,484945,0.0,0.0
2015-08-04 00:00:00+01:00,659.937363413936,662.8146589248829,657.2733471441946,662.6014404296875,376046,0.0,0.0
2015-08-05 00:00:00+01:00,660.3179566641693,665.2655978349525,659.5568091360543,662.2208862304688,336807,0.0,0.0
2015-08-06 00:00:00+01:00,658.4152682224653,685.4368633175154,658.4152682224653,682.3921508789062,1051990,0.0,0.0
2015-08-07 00:00:00+01:00,683.1531442411178,685.0560737295215,677.0638427734375,677.0638427734375,324905,0.0,0.0
2015-08-10 00:00:00+01:00,683.9143805571598,683.9143805571598,674.7803664234073,680.108642578125,369673,0.0,0.0
2015-08-11 00:00:00+01:00,672.1161874820328,681.6308954672967,672.1161874820328,679.7279052734375,238530,0.0,0.0
2015-08-12 00:00:00+01:00,674.3998120063951,674.3998120063951,667.549240463192,670.2133178710938,467750,0.0,0.0
2015-08-13 00:00:00+01:00,671.3550152894632,682.3919580825882,671.3550152894632,677.8250122070312,493518,0.0,0.0
2015-08-14 00:00:00+01:00,677.0638596841981,683.5337350619528,675.54150390625,675.54150390625,642687,0.0,0.0
2015-08-17 00:00:00+01:00,677.8249379267047,680.4890754523426,670.59379427998,672.1161499023438,247673,0.0,0.0
2015-08-18 00:00:00+01:00,673.2578540249144,675.5414177736841,667.7012956287808,673.638427734375,442246,0.0,0.0
2015-08-19 00:00:00+01:00,669.4520123767059,674.0190792437975,666.0267274128884,672.1161499023438,424064,0.0,0.0
2015-08-20 00:00:00+01:00,671.3550346752044,690.7649652423698,667.9297492371156,677.4444580078125,759027,0.0,0.0
2015-08-21 00:00:00+01:00,666.7879028320312,674.6127782565005,665.1361581504639,666.7879028320312,575521,0.0,0.0
2015-08-24 00:00:00+01:00,653.4674057353476,654.2148853639756,629.8710441438682,643.9526977539062,1017416,0.0,0.0
2015-08-25 00:00:00+01:00,660.3179735894688,664.8850411132578,649.2810304188423,660.6985473632812,900699,0.0,0.0
2015-08-26 00:00:00+01:00,659.1761622946601,662.9820821020728,646.9974375965782,656.5121459960938,887982,0.0,0.0
2015-08-27 00:00:00+01:00,642.2485811418849,648.1868837670228,629.2894506550616,631.9696044921875,1565744,20.4201,0.0
2015-08-28 00:00:00+01:00,631.9696193008463,642.6292877864604,627.0204462706835,642.2485961914062,834687,0.0,0.0
2015-09-01 00:00:00+01:00,638.8222508268783,640.7257695685198,629.6854094788544,630.0661010742188,709342,0.0,0.0
2015-09-02 00:00:00+01:00,634.6347199981486,635.3961033538209,623.594235987071,634.2540283203125,675931,0.0,0.0
2015-09-03 00:00:00+01:00,637.2995146766336,639.8502398770067,633.4925374145956,638.441650390625,415021,0.0,0.0
2015-09-04 00:00:00+01:00,635.0153210384245,635.0153210384245,617.8835295679073,618.2642211914062,881380,0.0,0.0
2015-09-07 00:00:00+01:00,624.3555298947289,624.3555298947289,617.1221459927987,622.8327026367188,453459,0.0,0.0
2015-09-08 00:00:00+01:00,624.3555745652072,633.1118471164529,622.8327471982441,630.8275756835938,472200,0.0,0.0
2015-09-09 00:00:00+01:00,640.7258610537791,640.7258610537791,632.3504017006043,638.441650390625,538802,0.0,0.0
2015-09-10 00:00:00+01:00,639.2029119519301,657.4768368361526,638.8222203747131,653.6697387695312,691951,0.0,0.0
2015-09-11 00:00:00+01:00,658.2382967047786,673.4984099841165,649.1013331978025,656.3347778320312,547291,0.0,0.0
2015-09-14 00:00:00+01:00,660.1418013677943,676.5730970213051,651.0049587461098,652.1470336914062,671362,0.0,0.0
2015-09-15 00:00:00+01:00,654.8118896484375,672.6365198960073,647.9591980382833,654.8118896484375,517408,0.0,0.0
2015-09-16 00:00:00+01:00,658.9997102231977,676.480108593394,653.136755697932,655.5733642578125,894807,0.0,0.0
2015-09-17 00:00:00+01:00,673.8470453428445,687.80369043901,655.5733031715703,658.618896484375,1408728,0.0,0.0
2015-09-18 00:00:00+01:00,656.334732112349,658.238250852499,649.4820403418812,651.3855590820312,2471658,0.0,0.0
2015-09-21 00:00:00+01:00,651.0047599776713,654.8117968292632,644.9134524032762,646.436279296875,437752,0.0,0.0
2015-09-22 00:00:00+01:00,647.5784771056873,648.7206126843984,629.6701728345738,629.6854248046875,531508,0.0,0.0
2015-09-23 00:00:00+01:00,628.162627448988,639.2029883316034,624.7362813149794,636.5381469726562,632008,0.0,0.0
2015-09-24 00:00:00+01:00,634.634723014763,638.060948131574,620.548583984375,620.548583984375,698725,0.0,0.0
2015-09-25 00:00:00+01:00,628.1626881832501,653.0744455098264,624.9494439765292,633.4925537109375,776772,0.0,0.0
2015-09-28 00:00:00+01:00,633.8732466589473,654.2424684006501,624.7363429878861,625.87841796875,460747,0.0,0.0
2015-09-29 00:00:00+01:00,622.071458529797,623.5942861284204,615.2187647184109,616.36083984375,725222,0.0,0.0
2015-09-30 00:00:00+01:00,628.1627055119097,628.5433971819257,619.7871241825687,622.4520874023438,435756,0.0,0.0
2015-10-01 00:00:00+01:00,622.0713193901257,628.9240116687595,620.929183755412,622.8327026367188,546269,0.0,0.0
2015-10-02 00:00:00+01:00,628.9240116687595,628.9240116687595,619.4063564974018,622.8327026367188,355145,0.0,0.0
2015-10-05 00:00:00+01:00,628.9240261590302,634.6346436993458,627.4011988659344,633.11181640625,398329,0.0,0.0
2015-10-06 00:00:00+01:00,632.7311711598767,636.0051802005017,627.4012448608903,628.924072265625,318880,0.0,0.0
2015-10-07 00:00:00+01:00,629.685439878566,634.4442369624132,625.2311353208905,629.3046875,1111889,0.0,0.0
2015-10-08 00:00:00+01:00,628.9240573747629,631.5890204611585,622.4520562490839,627.781982421875,376258,0.0,0.0
2015-10-09 00:00:00+01:00,627.4011536472652,637.6801307963807,627.4011536472652,629.6854248046875,507115,0.0,0.0
2015-10-12 00:00:00+01:00,627.7819975421493,631.5128973410998,624.355590306474,627.4012451171875,382846,0.0,0.0
2015-10-13 00:00:00+01:00,624.7363589521028,625.9546330609855,617.1222217276254,622.4520874023438,467524,0.0,0.0
2015-10-14 00:00:00+01:00,616.3607487639151,621.3099225368906,613.6959071985748,614.0765380859375,370083,0.0,0.0
2015-10-15 00:00:00+01:00,618.2643591508198,619.0258033325504,603.835687664418,616.36083984375,410828,0.0,0.0
2015-10-16 00:00:00+01:00,620.1678309386559,629.5635923337925,619.4063868898769,623.5941772460938,332895,0.0,0.0
2015-10-19 00:00:00+01:00,623.5941618830279,627.781952136073,619.3151028618805,623.974853515625,272327,0.0,0.0
2015-10-20 00:00:00+01:00,625.8783722965702,629.3047185187914,624.736297399047,625.4976806640625,282459,0.0,0.0
2015-10-21 00:00:00+01:00,631.588989549232,631.588989549232,623.213469813835,628.5433349609375,302335,0.0,0.0
2015-10-22 00:00:00+01:00,631.208373042573,637.6802530921166,626.2591989387561,635.77685546875,498940,0.0,0.0
2015-10-23 00:00:00+01:00,640.3450622981594,652.9083707562044,638.4415436031139,647.19775390625,1047516,0.0,0.0
2015-10-26 00:00:00+00:00,649.4821014778399,651.0049287662681,644.5329279816549,648.3399658203125,409090,0.0,0.0
2015-10-27 00:00:00+00:00,642.6292725792501,652.1469268192953,642.6292725792501,647.19775390625,504118,0.0,0.0
2015-10-28 00:00:00+00:00,644.1520847502029,654.2788452930786,644.1520847502029,653.6697387695312,232435,0.0,0.0
2015-10-29 00:00:00+00:00,653.6697540861373,655.5733335464606,643.2003404960415,653.2890625,465747,0.0,0.0
2015-10-30 00:00:00+00:00,652.1469422721634,654.8119049672651,643.9070504340558,651.3855590820312,360478,0.0,0.0
2015-11-02 00:00:00+00:00,647.1978294721755,655.9541015625,645.103934357218,655.9541015625,635519,0.0,0.0
2015-11-03 00:00:00+00:00,659.3802494471767,659.7610017981549,653.6697541251391,654.8118896484375,326454,0.0,0.0
2015-11-04 00:00:00+00:00,654.8119659061913,660.9031535237534,644.1521748985692,655.9541015625,403032,0.0,0.0
2015-11-05 00:00:00+00:00,657.8576195278947,665.090942791299,656.334792243295,660.5224609375,366622,0.0,0.0
2015-11-06 00:00:00+00:00,657.4769883767193,665.0910039704512,657.4769883767193,662.0453491210938,501402,0.0,0.0
2015-11-09 00:00:00+00:00,659.761108191844,666.233109259519,659.3803557794652,661.283935546875,713529,0.0,0.0
2015-11-10 00:00:00+00:00,662.4260407860558,663.1874848808105,657.8576800416813,662.0453491210938,347190,0.0,0.0
2015-11-11 00:00:00+00:00,660.9032125397529,668.5173496536804,660.1418292107754,666.6138305664062,926437,0.0,0.0
2015-11-12 00:00:00+00:00,668.8980124638234,668.8980124638234,651.7663414173667,656.7155151367188,253724,0.0,0.0
2015-11-13 00:00:00+00:00,654.8119049706286,655.9540405206523,647.5784608402379,652.9083862304688,249654,0.0,0.0
2015-11-16 00:00:00+00:00,648.7205812106034,655.1925812345976,634.5888720256502,654.8118896484375,205704,0.0,0.0
2015-11-17 00:00:00+00:00,659.7610620440303,666.9944459008589,649.1272178841751,665.4716186523438,463995,0.0,0.0
2015-11-18 00:00:00+00:00,666.6138754273271,670.0402221679688,651.7664133944367,670.0402221679688,345791,0.0,0.0
2015-11-19 00:00:00+00:00,670.0401298951595,677.2735748352507,668.0452206429484,675.3699951171875,496707,0.0,0.0
2015-11-20 00:00:00+00:00,673.0857990533995,681.0806274414062,665.2737512672861,681.0806274414062,292569,0.0,0.0
2015-11-23 00:00:00+00:00,676.5120545763021,680.3191528186779,675.3699190271075,675.7506713867188,260538,0.0,0.0
2015-11-24 00:00:00+00:00,668.5171366594166,677.6540982850295,666.0045117095004,676.511962890625,236843,0.0,0.0
2015-11-25 00:00:00+00:00,679.1770774153742,684.1261293507592,670.2989718967318,683.36474609375,393134,0.0,0.0
2015-11-26 00:00:00+00:00,685.2682644826427,689.4560546875,681.0805958074352,689.4560546875,1734786,0.0,0.0
2015-11-27 00:00:00+00:00,686.0296930411638,693.6437684931783,686.0296930411638,692.8823852539062,233734,0.0,0.0
2015-11-30 00:00:00+00:00,694.4052425435248,698.9737244713015,684.9866337185603,696.689453125,408851,0.0,0.0
2015-12-01 00:00:00+00:00,695.1666411571126,698.9737398966904,693.1717318691242,696.3087768554688,388494,0.0,0.0
2015-12-02 00:00:00+00:00,697.0701599299722,697.4508515411791,688.6945798944892,693.2630615234375,388337,0.0,0.0
2015-12-03 00:00:00+00:00,689.0753020410561,699.4533255726893,684.2022673369204,684.8875122070312,541438,0.0,0.0
2015-12-04 00:00:00+00:00,682.2227161858376,687.5526428703245,676.9386061864878,686.7911987304688,402377,0.0,0.0
2015-12-07 00:00:00+00:00,686.7911515166098,696.3088076390858,686.7911515166098,695.5474243164062,459645,0.0,0.0
2015-12-08 00:00:00+00:00,693.2630768735422,696.6894229799135,686.8367714277568,692.8823852539062,325580,0.0,0.0
2015-12-09 00:00:00+00:00,694.785842992374,699.141100573428,691.3594971874393,695.927978515625,673903,0.0,0.0
2015-12-10 00:00:00+00:00,692.8824307191235,699.3544317369065,691.7402950204478,694.7859497070312,380981,0.0,0.0
2015-12-11 00:00:00+00:00,694.4052278895723,698.7833335244911,692.1209565914756,692.501708984375,550652,0.0,0.0
2015-12-14 00:00:00+00:00,695.5473181131904,697.4508368940709,676.1313779363514,681.4612426757812,325588,0.0,0.0
2015-12-15 00:00:00+00:00,682.9841000905657,687.5525822322838,680.9892515180097,683.7454833984375,493180,0.0,0.0
2015-12-16 00:00:00+00:00,687.9331664927184,690.2173768245741,683.1515220771921,684.8875122070312,439986,0.0,0.0
2015-12-17 00:00:00+00:00,694.4052124972739,697.8315586036451,687.5525202845314,692.8823852539062,406391,0.0,0.0
2015-12-18 00:00:00+00:00,683.7454370770506,700.4965371285216,683.7454370770506,690.9788818359375,574758,0.0,0.0
2015-12-21 00:00:00+00:00,690.2174379439332,698.2122659606064,689.4560546875,689.4560546875,246966,0.0,0.0
2015-12-22 00:00:00+00:00,695.9281638197309,696.6895471947522,682.2227161858376,686.7911987304688,600924,0.0,0.0
2015-12-23 00:00:00+00:00,692.5017388807184,698.2122958428438,686.7911211537656,696.3087768554688,304708,0.0,0.0
2015-12-24 00:00:00+00:00,699.7350771809257,700.1158295652298,687.2708750466732,697.4508666992188,74846,0.0,0.0
2015-12-29 00:00:00+00:00,681.8420983896028,700.4965974226316,681.8420983896028,700.1159057617188,461988,0.0,0.0
2015-12-30 00:00:00+00:00,700.4965209023992,702.7807313831855,696.6894224146572,702.0193481445312,229407,0.0,0.0
2015-12-31 00:00:00+00:00,708.4912582701215,710.4747437263036,698.2122802734375,698.2122802734375,115965,0.0,0.0
2016-01-04 00:00:00+00:00,687.5525813068175,699.7351395701722,686.4104455817181,689.8367919921875,524377,0.0,0.0
2016-01-05 00:00:00+00:00,695.5473329057859,697.831543338458,685.648925658014,688.694580078125,278974,0.0,0.0
2016-01-06 00:00:00+00:00,686.0297713786101,689.8368095393415,676.892867639889,680.3192749023438,235641,0.0,0.0
2016-01-07 00:00:00+00:00,666.2330169191921,674.2278442338101,662.7000895428965,672.7050170898438,431398,0.0,0.0
2016-01-08 00:00:00+00:00,674.9892889353089,679.5577707835345,669.659423828125,669.659423828125,382236,0.0,0.0
2016-01-11 00:00:00+00:00,666.9945528028345,674.2279985838211,662.4260703250799,665.8524169921875,386030,0.0,0.0
2016-01-12 00:00:00+00:00,669.6594543123522,671.9436649580341,658.9997843775602,668.8980102539062,476832,0.0,0.0
2016-01-13 00:00:00+00:00,676.1314401057888,676.663679221373,663.3777537245255,669.2787475585938,1328003,0.0,0.0
2016-01-14 00:00:00+00:00,667.3751376223755,674.1365003291731,654.4312579201062,663.9487915039062,464638,0.0,0.0
2016-01-15 00:00:00+00:00,662.4258881047919,668.1365048223156,641.8678745220835,653.6697387695312,481058,0.0,0.0
2016-01-18 00:00:00+00:00,650.2435006890682,658.2383289582099,643.3908081054688,643.3908081054688,361337,0.0,0.0
2016-01-19 00:00:00+00:00,652.5277544142085,662.8066714819869,647.5785201656406,660.5224609375,466236,0.0,0.0
2016-01-20 00:00:00+00:00,644.9135903290743,651.4617291425375,630.0661312795204,633.8731689453125,469599,0.0,0.0
2016-01-21 00:00:00+00:00,641.8679809570312,642.6293642377185,631.5890028436189,641.8679809570312,477652,0.0,0.0
2016-01-22 00:00:00+00:00,652.9084167145116,655.8489480040037,641.4872429754832,650.6241455078125,529446,0.0,0.0
2016-01-25 00:00:00+00:00,656.7154081462952,656.7154081462952,641.1064454702503,647.19775390625,552389,0.0,0.0
2016-01-26 00:00:00+00:00,636.9187315762371,647.3044114902514,634.253890410816,646.8170776367188,278086,0.0,0.0
2016-01-27 00:00:00+00:00,648.7206881698047,649.9960203849186,639.2030323576497,646.0557250976562,323433,0.0,0.0
2016-01-28 00:00:00+00:00,647.1978762249353,661.6646453473886,643.0101464573293,645.675048828125,319050,0.0,0.0
2016-01-29 00:00:00+00:00,651.7663412107606,658.2383422851562,638.8223390619694,658.2383422851562,783057,0.0,0.0
2016-02-01 00:00:00+00:00,658.6189424475651,658.6189424475651,646.0556336918277,651.3855590820312,561991,0.0,0.0
2016-02-02 00:00:00+00:00,651.0049138784859,651.7662971228752,638.4416042274695,641.1065063476562,503648,0.0,0.0
2016-02-03 00:00:00+00:00,653.6698495797689,653.6698495797689,624.3555601628024,626.6398315429688,493626,0.0,0.0
2016-02-04 00:00:00+00:00,627.020522638178,633.4925236016294,625.8783869490903,631.2083129882812,675794,0.0,0.0
2016-02-05 00:00:00+00:00,628.9239655079515,636.918732069687,619.4063110351562,619.4063110351562,517738,0.0,0.0
2016-02-08 00:00:00+00:00,621.6907696722748,630.8276745410768,608.3661344616828,608.746826171875,876523,0.0,0.0
2016-02-09 00:00:00+00:00,608.7467673061018,617.5029188531544,594.1840499290764,598.0869750976562,753533,0.0,0.0
2016-02-10 00:00:00+00:00,606.0817107727611,622.832688706576,601.2277559634388,611.0309448242188,732045,0.0,0.0
2016-02-11 00:00:00+00:00,613.6958475907627,615.5993056668386,591.614883200762,597.3255004882812,1050026,0.0,0.0
2016-02-12 00:00:00+00:00,600.7519371083583,607.6046302744542,596.9448988527123,604.1782836914062,744933,0.0,0.0
2016-02-15 00:00:00+00:00,617.8835145028371,626.6397862187641,614.8378600594557,618.6449584960938,467567,0.0,0.0
2016-02-16 00:00:00+00:00,618.6449740735611,623.9748391012731,609.6146527798727,615.2186279296875,599687,0.0,0.0
2016-02-17 00:00:00+00:00,612.1730179981496,633.4924775456437,612.1730179981496,629.3046875,655063,0.0,0.0
2016-02-18 00:00:00+00:00,634.6346591080991,636.918808955963,620.9292131374725,632.7311401367188,598828,0.0,0.0
2016-02-19 00:00:00+00:00,646.0557121715536,646.0557121715536,625.878386768992,632.7311401367188,635028,0.0,0.0
2016-02-22 00:00:00+00:00,631.2082366337055,641.1064611725926,616.3606567660961,636.1574096679688,360413,0.0,0.0
2016-02-23 00:00:00+00:00,630.0661165148573,643.3907480328869,623.9748077804726,625.116943359375,458397,0.0,0.0
2016-02-24 00:00:00+00:00,626.639816473456,631.9696816242923,615.9800254069577,623.974853515625,603327,0.0,0.0
2016-02-25 00:00:00+00:00,631.2083112032752,642.6293642377185,621.1965160336125,641.8679809570312,611888,0.0,0.0
2016-02-26 00:00:00+00:00,644.5328673115635,653.2890778221812,641.4872130213956,651.3855590820312,469146,0.0,0.0
2016-02-29 00:00:00+00:00,647.1978762249353,650.3577081335396,639.5837392408838,645.675048828125,508367,0.0,0.0
2016-03-01 00:00:00+00:00,647.1978281382001,665.0909423828125,644.1521735708714,665.0909423828125,618415,0.0,0.0
2016-03-02 00:00:00+00:00,673.4665235865258,676.3218629822678,663.5681757208351,666.6138305664062,785761,0.0,0.0
2016-03-03 00:00:00+00:00,667.7560112624859,670.8016663130196,663.5682203767935,670.0402221679688,612515,0.0,0.0
2016-03-04 00:00:00+00:00,666.9944459008589,673.8471381367646,658.238295560339,665.4716186523438,636926,0.0,0.0
2016-03-07 00:00:00+00:00,662.4260868078202,672.7051878297451,657.515072841374,660.9032592773438,712504,0.0,0.0
2016-03-08 00:00:00+00:00,654.4312133721991,657.4768676623669,646.0556336918277,651.3855590820312,751908,0.0,0.0
2016-03-09 00:00:00+00:00,651.7663407380559,662.0453190492854,651.3856490903859,659.7611083984375,551205,0.0,0.0
2016-03-10 00:00:00+00:00,658.6189424441664,670.0400548850073,649.8627319335938,649.8627319335938,530479,0.0,0.0
2016-03-11 00:00:00+00:00,657.4768967805021,675.3699494244261,657.4768967805021,674.9892578125,502313,0.0,0.0
2016-03-14 00:00:00+00:00,673.0857692240411,683.7454386609292,673.0857692240411,678.79638671875,502184,0.0,0.0
2016-03-15 00:00:00+00:00,677.6541901254968,680.6998444134697,673.0857086935376,675.7506713867188,683958,0.0,0.0
2016-03-16 00:00:00+00:00,679.557754805809,680.6998904322179,674.2278898239407,676.1314086914062,535350,0.0,0.0
2016-03-17 00:00:00+00:00,677.2735131014502,693.6437381482364,666.9944144671944,689.0753173828125,1154329,0.0,0.0
2016-03-18 00:00:00+00:00,692.501708984375,698.212265699967,688.3139187810809,692.501708984375,2320814,0.0,0.0
2016-03-21 00:00:00+00:00,695.9281159777461,700.4965982083141,687.1718431779497,695.5474243164062,682798,0.0,0.0
2016-03-22 00:00:00+00:00,694.024641706584,698.9738159179688,687.933331672623,698.9738159179688,576340,0.0,0.0
2016-03-23 00:00:00+00:00,704.3036329698348,718.7704021499299,696.2897849041652,712.2984008789062,1061716,0.0,0.0
2016-03-24 00:00:00+00:00,704.6843089757333,724.4809432437305,704.6843089757333,715.7247314453125,1130563,0.0,0.0
2016-03-29 00:00:00+01:00,715.7246550113008,724.8616182498438,714.9632110256778,717.628173828125,1110543,0.0,0.0
2016-03-30 00:00:00+01:00,723.3387601503044,723.3387601503044,716.8667599906217,718.3895263671875,649439,0.0,0.0
2016-03-31 00:00:00+01:00,718.008834773046,720.2931058675338,696.156347326673,718.3895263671875,770590,0.0,0.0
2016-04-01 00:00:00+01:00,712.6790925384182,715.724747344174,706.1377585964444,712.2984008789062,668164,0.0,0.0
2016-04-04 00:00:00+01:00,710.7755273235657,719.9124303827207,710.7755273235657,714.9632568359375,581087,0.0,0.0
2016-04-05 00:00:00+01:00,712.6789550387609,718.3895111241729,709.2526092345502,711.1561279296875,458706,0.0,0.0
2016-04-06 00:00:00+01:00,711.1561279296875,714.5824737338983,707.6537045730821,711.1561279296875,1144978,0.0,0.0
2016-04-07 00:00:00+01:00,705.2664650029932,706.0280659274374,683.9409097321962,685.4641723632812,574778,20.4201,0.0
2016-04-08 00:00:00+01:00,684.3216331577247,693.0804074960042,684.3216331577247,688.5106201171875,520569,0.0,0.0
2016-04-11 00:00:00+01:00,681.2752792459629,687.0255787331956,665.6618530974199,667.94677734375,787066,0.0,0.0
2016-04-12 00:00:00+01:00,667.9468362381837,668.5561777892894,662.6153863814568,668.32763671875,882149,0.0,0.0
2016-04-13 00:00:00+01:00,676.3247637702672,679.0970399480365,671.7549755687056,677.0863647460938,1193683,0.0,0.0
2016-04-14 00:00:00+01:00,676.7054915354971,679.3712162288174,666.4235147735947,667.94677734375,580708,0.0,0.0
2016-04-15 00:00:00+01:00,669.4700729927268,669.4700729927268,654.9991690345292,661.853759765625,868891,0.0,0.0
2016-04-18 00:00:00+01:00,653.8567567575619,666.0427372865701,652.3334939958855,663.7578735351562,431644,0.0,0.0
2016-04-19 00:00:00+01:00,666.4235446362169,676.7055218588574,664.5194207515527,673.6589965820312,618978,0.0,0.0
2016-04-20 00:00:00+01:00,666.042766679665,683.1793975270286,666.042766679665,680.5137939453125,528340,0.0,0.0
2016-04-21 00:00:00+01:00,680.5137620541194,682.7985042348864,673.2782487603764,675.1823120117188,536384,0.0,0.0
2016-04-22 00:00:00+01:00,674.4205730070988,678.9903603444562,667.5658616099681,678.2286987304688,853188,0.0,0.0
2016-04-25 00:00:00+01:00,676.7055642581805,682.6081237763382,674.4207005485,677.0863647460938,260186,0.0,0.0
2016-04-26 00:00:00+01:00,678.6095644435591,683.240195197964,674.0397766664873,677.4671630859375,442445,0.0,0.0
2016-04-27 00:00:00+01:00,675.9439375495928,678.6096016457062,667.9468236968552,670.6124877929688,463728,0.0,0.0
2016-04-28 00:00:00+01:00,672.1356605044197,672.8973221315036,659.8735222084895,664.5193481445312,490841,0.0,0.0
2016-04-29 00:00:00+01:00,659.1881942533059,661.9528726537918,652.7143428350944,654.9992065429688,582964,0.0,0.0
2016-05-03 00:00:00+01:00,654.9992317330704,661.8538231203087,650.429443359375,650.429443359375,367784,0.0,0.0
2016-05-04 00:00:00+01:00,650.8102438616322,656.1416940220449,648.9061805681432,650.429443359375,372615,0.0,0.0
2016-05-05 00:00:00+01:00,653.0951176078631,655.3799812257737,647.3828673897893,648.5253295898438,337993,0.0,0.0
2016-05-06 00:00:00+01:00,644.3363460358044,651.571858971372,641.1985258091096,647.763671875,397003,0.0,0.0
2016-05-09 00:00:00+01:00,648.3348968315378,654.9991786003538,647.3828652620209,648.9061279296875,432726,0.0,0.0
2016-05-10 00:00:00+01:00,651.5719056483496,654.2376307285559,647.7637182791686,650.429443359375,279539,0.0,0.0
2016-05-11 00:00:00+01:00,654.2376329049042,654.2376329049042,645.0980561271105,650.0486450195312,331004,0.0,0.0
2016-05-12 00:00:00+01:00,643.9556488979288,651.9527640667677,635.1969934391271,640.1475219726562,304945,0.0,0.0
2016-05-13 00:00:00+01:00,636.3393221150889,642.8130514326301,628.7230090827575,642.4322509765625,471997,0.0,0.0
2016-05-16 00:00:00+01:00,640.5283465862278,642.0516095700381,632.9121532315984,635.9586791992188,474169,0.0,0.0
2016-05-17 00:00:00+01:00,635.9586878091204,637.4818292491301,631.3888987958219,634.4354248046875,821060,0.0,0.0
2016-05-18 00:00:00+01:00,633.6736533661013,633.6736533661013,626.8190014222458,632.150390625,1056563,0.0,0.0
2016-05-19 00:00:00+01:00,632.150342060644,634.4352663878594,627.481600772664,629.865478515625,2114798,0.0,0.0
2016-05-20 00:00:00+01:00,645.0980049640447,645.0980049640447,633.2928255978585,637.1008911132812,479124,0.0,0.0
2016-05-23 00:00:00+01:00,636.3393678243018,637.8625089757861,628.8372639988055,634.054443359375,485755,0.0,0.0
2016-05-24 00:00:00+01:00,649.2869493454967,649.2869493454967,630.1168512547332,645.0980224609375,533139,0.0,0.0
2016-05-25 00:00:00+01:00,645.0980077679583,650.048596289263,641.0461448369199,647.763671875,836126,0.0,0.0
2016-05-26 00:00:00+01:00,651.5718018055519,651.5718018055519,645.7240077620065,647.0020141601562,235529,0.0,0.0
2016-05-27 00:00:00+01:00,656.1416424887653,680.4930577224654,653.8415225406987,670.9933471679688,1512352,0.0,0.0
2016-05-31 00:00:00+01:00,669.4702104354686,677.086464443996,667.7641753726507,670.2318115234375,1255742,0.0,0.0
2016-06-01 00:00:00+01:00,666.4235985636406,670.2317250767309,661.092148506672,663.7578735351562,852835,0.0,0.0
2016-06-02 00:00:00+01:00,665.2811384580431,667.1852017207736,658.0457466854284,663.3770751953125,623296,0.0,0.0
2016-06-03 00:00:00+01:00,666.4235029095559,666.4235029095559,654.9991250100659,658.8072509765625,684610,0.0,0.0
2016-06-06 00:00:00+01:00,663.3770814218675,665.28114470247,656.9032905807004,662.234619140625,568634,0.0,0.0
2016-06-07 00:00:00+01:00,666.4235029095559,666.4235029095559,656.5223875531032,658.8072509765625,473657,0.0,0.0
2016-06-08 00:00:00+01:00,662.9961734765506,662.9961734765506,656.5224438732243,659.56884765625,586119,0.0,0.0
2016-06-09 00:00:00+01:00,657.6648433766426,661.0920473058194,641.0323434141723,659.9496459960938,465816,0.0,0.0
2016-06-10 00:00:00+01:00,652.3334005708915,666.4235031207096,647.0020120596683,647.3828125,943703,0.0,0.0
2016-06-13 00:00:00+01:00,643.5748385807598,643.5748385807598,631.0079956054688,631.0079956054688,912672,0.0,0.0
2016-06-14 00:00:00+01:00,627.961476040665,634.8161281195158,618.4410381346357,618.8218994140625,844920,0.0,0.0
2016-06-15 00:00:00+01:00,625.2957276852281,627.9614526308286,619.9642777940271,623.0108032226562,817715,0.0,0.0
2016-06-16 00:00:00+01:00,611.9672830144897,621.8683994471949,611.9672830144897,612.3480834960938,1262640,0.0,0.0
2016-06-17 00:00:00+01:00,615.0136891680548,632.1503795085437,615.0136891680548,623.0108032226562,2194600,0.0,0.0
2016-06-20 00:00:00+01:00,630.6270954118189,652.714312847178,630.6270954118189,649.2869262695312,611675,0.0,0.0
2016-06-21 00:00:00+01:00,648.525268205682,660.7112468692442,644.7171422755447,659.9496459960938,720221,0.0,0.0
2016-06-22 00:00:00+01:00,661.0921506542741,665.7243622756971,656.5224839188036,663.3770751953125,714218,0.0,0.0
2016-06-23 00:00:00+01:00,669.8508361394025,674.8014242656593,657.6648572193467,668.7083740234375,904454,0.0,0.0
2016-06-24 00:00:00+01:00,613.1097319963803,624.5340501087002,552.9411298257759,603.58935546875,2265529,0.0,0.0
2016-06-27 00:00:00+01:00,601.6853657785806,625.6766519048066,546.4674005710815,547.6098022460938,1823355,0.0,0.0
2016-06-28 00:00:00+01:00,561.3190174133831,580.7405092347059,558.6532926623214,575.0282592773438,1179533,0.0,0.0
2016-06-29 00:00:00+01:00,578.0748419841922,597.8771362304688,577.6940414910757,597.8771362304688,1987846,0.0,0.0
2016-06-30 00:00:00+01:00,598.6387302995794,610.4439697265625,592.1648187377173,610.4439697265625,747303,0.0,0.0
2016-07-01 00:00:00+01:00,618.0603724784278,619.2028350015524,602.4470624282784,616.537109375,720879,0.0,0.0
2016-07-04 00:00:00+01:00,616.9177268437243,622.6299156366457,602.0660238256903,605.112548828125,626055,0.0,0.0
2016-07-05 00:00:00+01:00,619.9643210763315,623.3917080094695,580.3597916501949,582.2638549804688,813397,0.0,0.0
2016-07-06 00:00:00+01:00,574.2666791250176,582.6445933540843,568.9352294301771,571.2201538085938,804277,0.0,0.0
2016-07-07 00:00:00+01:00,578.4556821912629,587.9760598660083,572.3626915364787,579.59814453125,618619,0.0,0.0
2016-07-08 00:00:00+01:00,577.3132451337841,590.6417487459594,576.9323838557376,586.0719604492188,571589,0.0,0.0
2016-07-11 00:00:00+01:00,600.1620296439548,606.6358808201676,584.1678627223101,603.58935546875,595699,0.0,0.0
2016-07-12 00:00:00+01:00,602.0660976453864,625.6765173536646,602.0660976453864,613.871337890625,567337,0.0,0.0
2016-07-13 00:00:00+01:00,614.6329480635698,614.6329480635698,601.3045043945312,601.3045043945312,688881,0.0,0.0
2016-07-14 00:00:00+01:00,604.3509417798371,619.58344660364,598.2578912245583,606.2550048828125,510797,0.0,0.0
2016-07-15 00:00:00+01:00,608.1592329077905,610.0632963368133,596.3539302398755,598.6388549804688,492440,0.0,0.0
2016-07-18 00:00:00+01:00,584.1679339629103,611.9673444248502,584.1679339629103,601.3045043945312,473608,0.0,0.0
2016-07-19 00:00:00+01:00,603.5894122710766,603.5894122710766,592.5457720284475,593.307373046875,477224,0.0,0.0
2016-07-20 00:00:00+01:00,594.0690662814894,602.4469818385145,578.0993314557479,598.6388549804688,694227,0.0,0.0
2016-07-21 00:00:00+01:00,601.6852881605993,608.0677842931617,588.1664749991826,593.307373046875,527141,0.0,0.0
2016-07-22 00:00:00+01:00,595.2114752368097,597.1155994716083,586.4528198242188,586.4528198242188,347084,0.0,0.0
2016-07-25 00:00:00+01:00,589.8801579649415,598.257951365145,573.8858682583915,595.21142578125,605662,0.0,0.0
2016-07-26 00:00:00+01:00,594.8306274414062,599.415672166897,592.9265641401001,594.8306274414062,495824,0.0,0.0
2016-07-27 00:00:00+01:00,601.6852609560973,613.1097619735989,596.7346722135406,609.3015747070312,665839,0.0,0.0
2016-07-28 00:00:00+01:00,605.1126283640968,617.2986084111772,601.6852416992188,601.6852416992188,458358,0.0,0.0
2016-07-29 00:00:00+01:00,595.5922012686661,614.2520310220496,595.5922012686661,611.2056274414062,796728,0.0,0.0
2016-08-01 00:00:00+01:00,612.3480597348129,616.156125185287,605.1126077362974,605.493408203125,453425,0.0,0.0
2016-08-02 00:00:00+01:00,601.3043942321399,613.8712953414223,600.1619928819831,610.4439697265625,764149,0.0,0.0
2016-08-03 00:00:00+01:00,611.9672530861366,611.9672530861366,604.8992561129076,606.6358642578125,532172,0.0,0.0
2016-08-04 00:00:00+01:00,609.3015585107202,628.3422512086175,607.2558120113692,623.3916625976562,619822,0.0,0.0
2016-08-05 00:00:00+01:00,620.7259174958622,638.624147384514,620.7259174958622,638.2432861328125,823650,0.0,0.0
2016-08-08 00:00:00+01:00,642.4322653438245,650.0485785464859,638.6241391335923,639.7665405273438,743638,0.0,0.0
2016-08-09 00:00:00+01:00,635.1970019253583,642.4323945542741,630.6272130846538,638.624267578125,722229,0.0,0.0
2016-08-10 00:00:00+01:00,630.6271568444713,641.2898749574474,630.6271568444713,637.862548828125,964789,0.0,0.0
2016-08-11 00:00:00+01:00,646.2405128966506,646.2405128966506,631.3888665138546,640.1475219726562,574484,0.0,0.0
2016-08-12 00:00:00+01:00,639.7665725610256,646.6212851777409,639.7665725610256,645.0980224609375,282978,0.0,0.0
2016-08-15 00:00:00+01:00,643.9555273085779,653.4759036063646,641.2898024948946,651.1910400390625,609551,0.0,0.0
2016-08-16 00:00:00+01:00,645.4787761894951,650.4293644649615,642.4322509765625,642.4322509765625,825950,0.0,0.0
2016-08-17 00:00:00+01:00,641.6707089627065,646.0500665649503,631.3887917941354,631.7695922851562,421793,0.0,0.0
2016-08-18 00:00:00+01:00,632.5311723620241,637.8625006245189,632.5311723620241,635.5776977539062,380591,0.0,0.0
2016-08-19 00:00:00+01:00,639.3857331561715,641.2897962407201,629.865478515625,629.865478515625,586372,0.0,0.0
2016-08-22 00:00:00+01:00,628.7230542448792,636.7201683077229,626.392482347702,634.054443359375,423766,0.0,0.0
2016-08-23 00:00:00+01:00,640.528288431614,647.9541720101515,636.68977060632,646.240478515625,627254,0.0,0.0
2016-08-24 00:00:00+01:00,644.3363079361717,647.8169395578344,640.1473813947123,643.57470703125,633790,0.0,0.0
2016-08-25 00:00:00+01:00,640.1475102792787,646.6213624033111,624.5341415450994,631.3888549804688,2765210,0.0,0.0
2016-08-26 00:00:00+01:00,626.0573480053813,646.6213041110473,626.0573480053813,641.6707153320312,870750,0.0,0.0
2016-08-30 00:00:00+01:00,624.9148805276153,654.6183492827118,624.9148805276153,654.237548828125,858896,0.0,0.0
2016-08-31 00:00:00+01:00,648.9061184528477,666.4235477018862,648.9061184528477,661.853759765625,1966066,0.0,0.0
2016-09-01 00:00:00+01:00,659.9496966543988,667.0328892293727,658.4264947911757,661.853759765625,956830,0.0,0.0
2016-09-02 00:00:00+01:00,663.3770052708162,679.3086873640152,659.5688183645619,676.32470703125,1037894,0.0,0.0
2016-09-05 00:00:00+01:00,664.9002861957335,682.3895733174095,664.9002861957335,672.8973999023438,782051,0.0,0.0
2016-09-06 00:00:00+01:00,671.3741151721567,674.9841521012013,663.3770017285794,665.661865234375,508200,0.0,0.0
2016-09-07 00:00:00+01:00,669.0891337193002,669.8507953442883,661.092020958971,664.9002075195312,729621,0.0,0.0
2016-09-08 00:00:00+01:00,645.4788774839723,652.0525337628449,638.6242250702769,646.240478515625,721412,0.0,0.0
2016-09-09 00:00:00+01:00,640.5282892419428,647.38294166431,630.6271719069056,635.1969604492188,568297,0.0,0.0
2016-09-12 00:00:00+01:00,626.8189572412771,631.0078838974009,623.7724319738069,629.1038208007812,796661,0.0,0.0
2016-09-13 00:00:00+01:00,637.4817296625066,641.6707174658512,629.1038756202215,630.246337890625,663500,0.0,0.0
2016-09-14 00:00:00+01:00,630.6271300298922,637.1009207238517,630.2463295388714,631.7695922851562,734833,0.0,0.0
2016-09-15 00:00:00+01:00,632.9120648291439,641.2898581143987,632.1504030525191,640.9090576171875,441718,0.0,0.0
2016-09-16 00:00:00+01:00,639.3857843684207,650.4294240819895,638.5465037332526,642.8131103515625,1242757,0.0,0.0
2016-09-19 00:00:00+01:00,646.6213084443613,653.4759605255194,643.9555833984875,651.9526977539062,1074496,0.0,0.0
2016-09-20 00:00:00+01:00,648.525413396239,660.3305942661459,648.525413396239,655.3800659179688,465251,0.0,0.0
2016-09-21 00:00:00+01:00,662.234642795495,668.3276941368273,656.5225135318544,658.0457763671875,624572,0.0,0.0
2016-09-22 00:00:00+01:00,662.2345138647131,667.9467635806425,658.045648251938,659.1881103515625,496214,0.0,0.0
2016-09-23 00:00:00+01:00,659.5688753405275,659.5688753405275,651.1910822389683,654.618408203125,359060,0.0,0.0
2016-09-26 00:00:00+01:00,654.9990676470503,654.9990676470503,640.9089055534811,646.6211547851562,606929,0.0,0.0
2016-09-27 00:00:00+01:00,651.1911716945099,651.7546835567948,633.6737389784568,638.624267578125,509403,0.0,0.0
2016-09-28 00:00:00+01:00,643.5747355510427,662.6153668398148,636.3393442870677,660.7113037109375,1843963,0.0,0.0
2016-09-29 00:00:00+01:00,667.1852856071426,675.1824009418641,658.8074305106466,670.2318115234375,2422947,0.0,0.0
2016-09-30 00:00:00+01:00,659.1882339422999,673.6590788182447,654.6184454692086,669.8509521484375,1214789,0.0,0.0
2016-10-03 00:00:00+01:00,672.135736064224,678.6095871023555,666.0831664346616,673.2781982421875,809528,0.0,0.0
2016-10-04 00:00:00+01:00,674.0398601061222,681.2753735110546,657.2840910803803,662.234619140625,2773388,0.0,0.0
2016-10-05 00:00:00+01:00,660.3304725938486,667.1851238525425,656.4462472047026,666.4235229492188,1019936,0.0,0.0
2016-10-06 00:00:00+01:00,667.1851257145879,674.0397769924123,662.2345374825818,666.0426635742188,863603,0.0,0.0
2016-10-07 00:00:00+01:00,666.0427122709528,674.1160471521566,662.6153863814568,668.32763671875,1098571,0.0,0.0
2016-10-10 00:00:00+01:00,666.4236281499882,673.8503018181724,662.2346401738542,669.4701538085938,950796,0.0,0.0
2016-10-11 00:00:00+01:00,665.6619075308726,676.7055468720259,665.6619075308726,669.0892333984375,642458,0.0,0.0
2016-10-12 00:00:00+01:00,668.3276914910655,674.4207428082767,667.1251155731949,669.4701538085938,799153,0.0,0.0
2016-10-13 00:00:00+01:00,667.1851196289062,673.2781699457041,661.0920693121085,667.1851196289062,1358989,0.0,0.0
2016-10-14 00:00:00+01:00,669.4700989426486,674.801488017176,665.6619117903865,668.32763671875,528871,0.0,0.0
2016-10-17 00:00:00+01:00,666.8044667309163,670.6125936304843,660.711415065841,662.615478515625,797065,0.0,0.0
2016-10-18 00:00:00+01:00,664.9003651446437,680.8945944569863,664.9003651446437,680.5137939453125,890437,0.0,0.0
2016-10-19 00:00:00+01:00,676.3247637702672,685.8450190969021,672.8974378146462,677.0863647460938,831997,0.0,0.0
2016-10-20 00:00:00+01:00,682.0369508630092,683.9408923435167,675.5630392588446,677.4671630859375,925359,0.0,0.0
2016-10-21 00:00:00+01:00,673.658998707443,680.3613300247279,672.5165973116766,673.2781982421875,749240,0.0,0.0
2016-10-24 00:00:00+01:00,675.9439211617927,680.6202602699291,651.0607837908987,651.1910400390625,2872040,0.0,0.0
2016-10-25 00:00:00+01:00,658.213976623451,698.5128758695657,653.6271698364592,676.5723876953125,2178451,0.0,0.0
2016-10-26 00:00:00+01:00,681.4977880627612,682.8411354285756,661.796210981592,663.5872192382812,1275075,0.0,0.0
2016-10-27 00:00:00+01:00,663.5872730503645,666.7216289270417,657.7663437885935,661.7962646484375,987075,0.0,0.0
2016-10-28 00:00:00+01:00,660.9006669846341,664.160355603293,648.8110873495252,661.348388671875,1094523,0.0,0.0
2016-10-31 00:00:00+00:00,659.5573508609184,663.1395500041608,650.6021265227263,654.1842041015625,1180782,0.0,0.0
2016-11-01 00:00:00+00:00,659.1096103110283,660.0051752667889,641.1990405822323,649.70654296875,1980806,0.0,0.0
2016-11-02 00:00:00+00:00,649.2587993240334,649.2587993240334,626.7809341758334,630.0048828125,2270749,0.0,0.0
2016-11-03 00:00:00+00:00,633.587021675141,663.5872310692317,631.7959526043209,651.9453125,2031738,0.0,0.0
2016-11-04 00:00:00+00:00,652.8409922148761,654.40370283718,633.1393505361328,634.930419921875,1333451,0.0,0.0
2016-11-07 00:00:00+00:00,649.258842625724,649.258842625724,638.9602099889863,647.4677734375,788940,0.0,0.0
2016-11-08 00:00:00+00:00,649.7065604549613,653.2886380278078,642.5423445270654,646.5722045898438,808343,0.0,0.0
2016-11-09 00:00:00+00:00,634.0347397838744,651.0498046875,618.8108047231767,651.0498046875,1697520,0.0,0.0
2016-11-10 00:00:00+00:00,653.7364404991368,671.1992879123633,644.5285451324855,658.661865234375,1515561,0.0,0.0
2016-11-11 00:00:00+00:00,660.452890938422,663.1395249989976,648.8110936595322,655.5275268554688,816230,0.0,0.0
2016-11-14 00:00:00+00:00,661.3484060972411,666.7216135255087,653.7364686093819,658.2140502929688,752965,0.0,0.0
2016-11-15 00:00:00+00:00,660.9005982451661,662.2438847315757,654.4974980229571,659.5572509765625,988285,0.0,0.0
2016-11-16 00:00:00+00:00,662.2438847315757,667.6170306772142,659.5572509765625,659.5572509765625,1062208,0.0,0.0
2016-11-17 00:00:00+00:00,654.631955541259,663.1395185496397,654.631955541259,661.348388671875,568301,0.0,0.0
2016-11-18 00:00:00+00:00,661.3483638149894,666.7215708997296,657.766286540694,662.691650390625,778968,0.0,0.0
2016-11-21 00:00:00+00:00,665.3783702440833,665.3783702440833,648.3633034518888,653.7365112304688,851990,0.0,0.0
2016-11-22 00:00:00+00:00,647.9153942395499,664.4826752815271,647.9153942395499,659.5572509765625,1041694,0.0,0.0
2016-11-23 00:00:00+00:00,660.9006291809554,666.2737145959062,649.2587718990046,652.3931274414062,905855,0.0,0.0
2016-11-24 00:00:00+00:00,651.497547410181,655.527467746566,647.9154095072156,648.81103515625,525010,0.0,0.0
2016-11-25 00:00:00+00:00,647.9154624008876,652.5364291824608,644.3333849876885,647.0198974609375,444187,0.0,0.0
2016-11-28 00:00:00+00:00,643.8854463188521,648.6676675692806,636.2735101504834,638.9600830078125,731115,0.0,0.0
2016-11-29 00:00:00+00:00,638.9602122906527,642.9901331742244,636.2736388897407,640.751220703125,684422,0.0,0.0
2016-11-30 00:00:00+00:00,633.5871330781209,645.2289929121296,631.3483419326009,634.930419921875,1159647,0.0,0.0
2016-12-01 00:00:00+00:00,631.7959272294798,638.0646383344805,625.0167672341056,631.3482055664062,974130,0.0,0.0
2016-12-02 00:00:00+00:00,626.8705136649971,638.5123711884993,626.8705136649971,634.0347290039062,733416,0.0,0.0
2016-12-05 00:00:00+00:00,627.3183108825332,642.9900892885549,627.3183108825332,637.6168212890625,737820,0.0,0.0
2016-12-06 00:00:00+00:00,634.9303598162797,642.5423583984375,634.9303598162797,642.5423583984375,761602,0.0,0.0
2016-12-07 00:00:00+00:00,647.0198728560038,655.9752180039474,643.8855172497729,648.3632202148438,851475,0.0,0.0
2016-12-08 00:00:00+00:00,650.1542531863619,655.5275212616613,638.9601776945894,647.0198974609375,1047608,0.0,0.0
2016-12-09 00:00:00+00:00,642.9901408980363,646.5722185482135,639.8557849652534,642.5423583984375,1019927,0.0,0.0
2016-12-12 00:00:00+00:00,645.2289812941916,645.2289812941916,623.7362706167022,624.6317749023438,1073195,0.0,0.0
2016-12-13 00:00:00+00:00,625.0794905380159,631.3482016036702,622.3785120670511,630.45263671875,1036109,0.0,0.0
2016-12-14 00:00:00+00:00,626.8704778210846,635.8257616782151,625.5271913207345,632.69140625,1094534,0.0,0.0
2016-12-15 00:00:00+00:00,630.9003582215046,644.7810668945312,630.3631043857619,644.7810668945312,1568816,0.0,0.0
2016-12-16 00:00:00+00:00,654.1842030076716,657.3185588727893,642.9901270169973,646.5722045898438,1228369,0.0,0.0
2016-12-19 00:00:00+00:00,645.228956986572,645.4796835893759,636.2736713386907,641.1990966796875,591387,0.0,0.0
2016-12-20 00:00:00+00:00,641.1989342437143,643.8854463188521,636.2735101504834,638.9600830078125,1174091,0.0,0.0
2016-12-21 00:00:00+00:00,638.9601553541085,642.9900758785815,636.273582192592,641.646728515625,648603,0.0,0.0
2016-12-22 00:00:00+00:00,642.5422634349628,651.9452690614052,640.3034120500605,648.81103515625,550864,0.0,0.0
2016-12-23 00:00:00+00:00,651.0497227261757,656.6467292608166,649.7064362952865,653.2885131835938,246492,0.0,0.0
2016-12-28 00:00:00+00:00,649.2587890625,655.52750031302,643.2408043804094,649.2587890625,881219,0.0,0.0
2016-12-29 00:00:00+00:00,647.4678135435115,658.6619510766565,647.4678135435115,657.318603515625,376120,0.0,0.0
2016-12-30 00:00:00+00:00,655.5275377521377,659.1096152554476,654.0319308927136,658.2140502929688,179622,0.0,0.0
2017-01-03 00:00:00+00:00,663.1394657025246,677.9156781945296,656.8707547587176,677.4679565429688,1143174,0.0,0.0
2017-01-04 00:00:00+00:00,680.6022436574412,681.9455910637282,672.0947414441583,675.6768188476562,928301,0.0,0.0
2017-01-05 00:00:00+00:00,669.8559506647471,677.9157311914679,668.4052011107334,675.6768188476562,658272,0.0,0.0
2017-01-06 00:00:00+00:00,675.676796473726,678.8112128690709,663.5872172572716,670.3037109375,702514,0.0,0.0
2017-01-09 00:00:00+00:00,672.9902708287423,677.0201304881119,663.9543894266022,674.3336181640625,1209093,0.0,0.0
2017-01-10 00:00:00+00:00,686.8710323704507,687.3188756717997,672.5425387977745,679.2590942382812,895139,0.0,0.0
2017-01-11 00:00:00+00:00,676.1246092416998,683.2351535922566,672.5424105538444,677.4679565429688,612606,0.0,0.0
2017-01-12 00:00:00+00:00,672.5424366482027,676.1246354750458,667.4827441574434,669.4080810546875,879883,0.0,0.0
2017-01-13 00:00:00+00:00,668.9603982998408,671.2610654022797,660.4528959266656,664.0350341796875,1320488,0.0,0.0
2017-01-16 00:00:00+00:00,660.9006443753163,662.2439309554859,653.7364290203459,655.9752197265625,782543,0.0,0.0
2017-01-17 00:00:00+00:00,655.0798198882328,655.5276632374031,645.6768114576341,651.4977416992188,796432,0.0,0.0
2017-01-18 00:00:00+00:00,656.4228684497323,656.4228684497323,640.7510921190398,653.2885131835938,1231055,0.0,0.0
2017-01-19 00:00:00+00:00,652.393138516921,656.8707806846254,648.8110612520762,655.0796508789062,704515,0.0,0.0
2017-01-20 00:00:00+00:00,654.6319894081929,660.6947102884798,645.228921756669,647.4677734375,801675,0.0,0.0
2017-01-23 00:00:00+00:00,653.736451384577,663.1395185496397,651.4975998195714,661.348388671875,1199828,0.0,0.0
2017-01-24 00:00:00+00:00,662.2439309554859,664.9296531650502,653.7364290203459,655.9752197265625,655735,0.0,0.0
2017-01-25 00:00:00+00:00,656.8707387859373,664.3725379460802,655.9751739402016,659.5572509765625,685822,0.0,0.0
2017-01-26 00:00:00+00:00,659.1097017697522,669.4082139324203,659.1097017697522,664.4828491210938,681064,0.0,0.0
2017-01-27 00:00:00+00:00,667.1694011370264,669.408131213833,663.1395411214891,666.7216186523438,661901,0.0,0.0
2017-01-30 00:00:00+00:00,668.0649389837625,676.733635548203,662.2439492658194,674.7813720703125,1232059,0.0,0.0
2017-01-31 00:00:00+00:00,677.4680021516734,682.8411485897004,673.8858032226562,673.8858032226562,1069742,0.0,0.0
2017-02-01 00:00:00+00:00,680.6022211204136,680.6022211204136,667.6170769960897,670.3037109375,757822,0.0,0.0
2017-02-02 00:00:00+00:00,667.6170991031356,676.1246620986187,667.6170991031356,675.6768188476562,1150694,0.0,0.0
2017-02-03 00:00:00+00:00,682.3933694191022,690.0053066489767,674.3336497231647,689.10986328125,2047908,0.0,0.0
2017-02-06 00:00:00+00:00,692.6919138854653,697.2501532202468,680.6022132445162,682.8411254882812,652346,0.0,0.0
2017-02-07 00:00:00+00:00,684.1844346085525,691.796432577319,681.0500789283428,688.2142944335938,600974,0.0,0.0
2017-02-08 00:00:00+00:00,692.2442398702028,693.5875265267308,684.632180846208,686.8709716796875,743466,0.0,0.0
2017-02-09 00:00:00+00:00,689.1098384324483,691.1166842514915,685.5277003975121,690.453125,548554,0.0,0.0
2017-02-10 00:00:00+00:00,687.3186851773664,693.3187382985305,683.736486799266,685.079833984375,891355,0.0,0.0
2017-02-13 00:00:00+00:00,690.9007619910865,690.9007619910865,677.0200547846721,685.079833984375,905739,0.0,0.0
2017-02-14 00:00:00+00:00,681.9457109672799,690.0054321289062,678.8113546992438,690.0054321289062,1018090,0.0,0.0
2017-02-15 00:00:00+00:00,692.2442413881738,699.8562396466587,691.7964589076154,694.4830322265625,781262,0.0,0.0
2017-02-16 00:00:00+00:00,690.4530752430395,694.9307170729331,687.7664415193487,693.1395874023438,842108,0.0,0.0
2017-02-17 00:00:00+00:00,697.6173654432507,698.512930375377,684.6321601850183,689.10986328125,715551,0.0,0.0
2017-02-20 00:00:00+00:00,689.1098705874083,695.826303738566,688.6620881165976,690.90087890625,388465,0.0,0.0
2017-02-21 00:00:00+00:00,707.4682317795341,707.4682317795341,689.1099388269611,692.6920166015625,536621,0.0,0.0
2017-02-22 00:00:00+00:00,686.870876684054,693.1395874023438,685.5276509954986,693.1395874023438,1027954,0.0,0.0
2017-02-23 00:00:00+00:00,690.4532613951111,697.1696955596627,687.7666269470808,694.0353393554688,1462938,0.0,0.0
2017-02-24 00:00:00+00:00,689.1099168776053,697.0926869294422,687.31884765625,687.31884765625,1097304,0.0,0.0
2017-02-27 00:00:00+00:00,691.3486214451318,693.1396296605258,684.7664565549791,688.6620483398438,1103875,0.0,0.0
2017-02-28 00:00:00+00:00,689.1097656649279,693.139564159853,686.8708536517669,687.7664184570312,1521404,0.0,0.0
2017-03-01 00:00:00+00:00,687.3189051909171,699.40848668711,687.3189051909171,694.0353393554688,1897407,0.0,0.0
2017-03-02 00:00:00+00:00,698.0650945282184,704.3338059907659,685.7516540118295,690.90087890625,1475977,0.0,0.0
2017-03-03 00:00:00+00:00,701.6472261170255,701.6472261170255,687.7664571127912,696.7218017578125,748494,0.0,0.0
2017-03-06 00:00:00+00:00,699.4084872088071,704.0473854515304,698.5130436958118,701.6473999023438,1154386,0.0,0.0
2017-03-07 00:00:00+00:00,703.4382455457536,704.0203566330099,698.065038672564,699.4083251953125,753244,0.0,0.0
2017-03-08 00:00:00+00:00,702.0949918871856,702.0949918871856,696.2740023065414,699.856201171875,1288480,0.0,0.0
2017-03-09 00:00:00+00:00,698.5129050422021,705.8113882029161,694.4829845581878,704.7816162109375,772004,0.0,0.0
2017-03-10 00:00:00+00:00,707.4681435774412,712.3219060709257,705.2293528452076,708.3637084960938,746656,0.0,0.0
2017-03-13 00:00:00+00:00,710.154775252307,716.8712082094645,708.1398453651598,715.0801391601562,951063,0.0,0.0
2017-03-14 00:00:00+00:00,711.4981003963576,718.6622554173838,709.70703125,709.70703125,1169411,0.0,0.0
2017-03-15 00:00:00+00:00,707.9160983756237,714.1848106652485,704.333898918713,713.2892456054688,746118,0.0,0.0
2017-03-16 00:00:00+00:00,716.8712082094645,720.9011287659578,709.447270459354,715.0801391601562,976955,0.0,0.0
2017-03-17 00:00:00+00:00,715.0801124142,718.6621895966383,707.3516561376313,708.8114013671875,2955656,0.0,0.0
2017-03-20 00:00:00+00:00,725.3787675184427,732.0773304770469,712.3935017776993,714.1846923828125,1291405,0.0,0.0
2017-03-21 00:00:00+00:00,715.0801779068706,721.5996768934765,707.0204579215647,709.70703125,1471956,0.0,0.0
2017-03-22 00:00:00+00:00,705.677199621871,707.8533242928088,695.0920385884324,701.6473999023438,2145114,0.0,0.0
2017-03-23 00:00:00+00:00,701.199574547594,706.5727828031255,697.6174964927843,706.1250610351562,1249908,0.0,0.0
2017-03-24 00:00:00+00:00,706.5727790486924,706.5727790486924,702.5428576829044,705.2294921875,1604481,0.0,0.0
2017-03-27 00:00:00+01:00,698.9606472521052,703.4382895353419,698.9606472521052,702.542724609375,1298996,0.0,0.0
2017-03-28 00:00:00+01:00,699.8562834011869,702.9906393966504,697.0801169432431,697.617431640625,1197788,0.0,0.0
2017-03-29 00:00:00+01:00,697.6173880260682,698.5129529871851,690.452260515115,694.4830322265625,1533965,0.0,0.0
2017-03-30 00:00:00+01:00,672.9902798815307,679.7067735196912,666.5424435576086,669.4080810546875,1808751,0.0,0.0
2017-03-31 00:00:00+01:00,665.8260324551487,671.1993005356264,653.2886095413688,668.9603881835938,1126238,0.0,0.0
2017-04-03 00:00:00+01:00,674.3335828842772,677.503678201598,664.9305167221675,666.273681640625,1235718,0.0,0.0
2017-04-04 00:00:00+01:00,666.2738832086834,670.3038654407983,661.7963615482698,663.1396484375,963836,0.0,0.0
2017-04-05 00:00:00+01:00,661.7962433581998,665.3783208290204,658.2140443229766,664.0350341796875,1204877,0.0,0.0
2017-04-06 00:00:00+01:00,658.2139372849816,660.9005709289514,650.1541579174552,653.2885131835938,1749980,0.0,0.0
2017-04-07 00:00:00+01:00,651.4975758210745,653.8349552466298,646.1244295145063,648.3632202148438,1040891,0.0,0.0
2017-04-10 00:00:00+01:00,648.3632601958133,651.9453376936796,644.1006043845468,650.6021118164062,920729,0.0,0.0
2017-04-11 00:00:00+01:00,651.9453125,656.8707980314052,647.4677309962485,651.9453125,1203707,0.0,0.0
2017-04-12 00:00:00+01:00,650.1542587343178,660.4618867041505,650.1542587343178,655.5275268554688,1064162,0.0,0.0
2017-04-13 00:00:00+01:00,655.9752435816077,670.3037355948134,651.9453229123496,668.9603881835938,1771153,0.0,0.0
2017-04-18 00:00:00+01:00,671.1993294685496,673.2142594989347,664.4827744695269,668.5126953125,1860339,0.0,0.0
2017-04-19 00:00:00+01:00,667.1693533523409,675.6767944765674,662.2439287202118,662.691650390625,1122421,0.0,0.0
2017-04-20 00:00:00+01:00,663.5872517025094,664.9305991340436,658.0340682248466,664.0350341796875,2181626,0.0,0.0
2017-04-21 00:00:00+01:00,660.9007532970708,666.7216830312076,659.109683967596,660.0052490234375,1109614,0.0,0.0
2017-04-24 00:00:00+01:00,673.8858320524192,675.2291187193936,665.3783295675139,673.4381103515625,742967,0.0,0.0
2017-04-25 00:00:00+01:00,675.2291651034054,675.2291651034054,669.8560180664062,669.8560180664062,1727951,0.0,0.0
2017-04-26 00:00:00+01:00,669.8559457872051,670.3037282527068,661.7962261013711,667.1693725585938,1256222,0.0,0.0
2017-04-27 00:00:00+01:00,664.9305666040958,667.7066719495031,662.2439326546652,663.5872192382812,704186,0.0,0.0
2017-04-28 00:00:00+01:00,668.0649764017919,668.0649764017919,660.9006996652707,661.7962646484375,753103,0.0,0.0
2017-05-02 00:00:00+01:00,661.3484785840474,665.3783997924963,655.6171417941306,660.9007568359375,1220673,0.0,0.0
2017-05-03 00:00:00+01:00,657.3185079932737,665.378288277169,657.3185079932737,663.5872192382812,907001,0.0,0.0
2017-05-04 00:00:00+01:00,666.2737790035009,668.9604131439839,662.6917014531945,667.6171264648438,939663,0.0,0.0
2017-05-05 00:00:00+01:00,668.5126419039592,670.7514326092365,662.6916523494021,670.3037109375,1368599,0.0,0.0
2017-05-08 00:00:00+01:00,671.6470028528395,682.527745798484,669.85593380507,678.8112182617188,1816428,0.0,0.0
2017-05-09 00:00:00+01:00,679.2589227333598,685.0798508836597,678.8111403272778,681.9454956054688,850625,0.0,0.0
2017-05-10 00:00:00+01:00,680.1544647977042,682.841098602242,676.5723876953125,676.5723876953125,534114,0.0,0.0
2017-05-11 00:00:00+01:00,668.5126753514305,678.3634643554688,667.706703363342,678.3634643554688,828630,0.0,0.0
2017-05-12 00:00:00+01:00,677.4680284744276,682.8411751212261,677.4680284744276,680.154541015625,551472,0.0,0.0
2017-05-15 00:00:00+01:00,678.3634321220819,684.2739538694191,676.1246414111712,677.9157104492188,820174,0.0,0.0
2017-05-16 00:00:00+01:00,680.154499448677,680.154499448677,666.2737296342856,670.3037109375,1381706,0.0,0.0
2017-05-17 00:00:00+01:00,669.4081025395035,671.1992931837104,660.8916654048056,667.1693725585938,1208431,0.0,0.0
2017-05-18 00:00:00+01:00,668.9603442923275,668.9603442923275,661.3483467058503,665.8259887695312,2163953,0.0,0.0
2017-05-19 00:00:00+01:00,668.0649160478905,675.2290705727856,666.2737254611723,669.4080810546875,1690791,0.0,0.0
2017-05-22 00:00:00+01:00,671.6470412015292,676.5724661685701,667.1693987175472,673.4381103515625,777987,0.0,0.0
2017-05-23 00:00:00+01:00,673.8857538907748,678.8111782865329,673.8857538907748,676.5723876953125,723683,0.0,0.0
2017-05-24 00:00:00+01:00,677.4679924536399,681.0500697669802,674.7813584908864,678.8112182617188,588289,0.0,0.0
2017-05-25 00:00:00+01:00,681.0501357726088,688.2143518758254,680.6022924895142,687.31884765625,669638,0.0,0.0
2017-05-26 00:00:00+01:00,688.2142544904293,690.0052626761444,685.079898992134,685.9754638671875,778529,0.0,0.0
2017-05-30 00:00:00+01:00,689.5574755881677,691.7963267811591,677.9156195747447,685.079833984375,711029,0.0,0.0
2017-05-31 00:00:00+01:00,681.4978085949658,686.4232334047508,674.781375474532,675.6768188476562,1094382,0.0,0.0
2017-06-01 00:00:00+01:00,682.8411254882812,685.4381056573353,668.5305649162152,682.8411254882812,1037179,0.0,0.0
2017-06-02 00:00:00+01:00,684.6321088573284,686.4231778051026,678.8111803637089,684.1843872070312,895458,0.0,0.0
2017-06-05 00:00:00+01:00,679.2590293081457,686.4232450185555,677.4680209671942,678.3634643554688,555802,0.0,0.0
2017-06-06 00:00:00+01:00,677.4681213428811,684.1845555720791,667.885866684068,672.9904174804688,1171700,0.0,0.0
2017-06-07 00:00:00+01:00,672.5424462034263,681.1396019455991,672.0947245281328,678.8112182617188,1011674,0.0,0.0
2017-06-08 00:00:00+01:00,678.3634358042267,683.4231891490708,676.5724275386559,678.8112182617188,604909,0.0,0.0
2017-06-09 00:00:00+01:00,676.124633642453,691.3486291176353,670.30370492233,690.453125,1902917,0.0,0.0
2017-06-12 00:00:00+01:00,689.5576072870248,699.9905075304042,687.7665381469927,694.4830322265625,1225487,0.0,0.0
2017-06-13 00:00:00+01:00,695.3785455575422,707.0204029300688,695.3785455575422,703.8860473632812,1197923,0.0,0.0
2017-06-14 00:00:00+01:00,705.2294012236097,711.4981129554128,697.6174028038779,698.0651245117188,1674361,0.0,0.0
2017-06-15 00:00:00+01:00,694.4831361794314,697.6174924480994,670.7515728906294,682.3934936523438,1929400,0.0,0.0
2017-06-16 00:00:00+01:00,683.7366186068343,703.4383184001525,683.7366186068343,702.0950317382812,2273952,0.0,0.0
2017-06-19 00:00:00+01:00,704.7816141601177,707.1457377294399,693.5874784224925,697.1695556640625,650124,0.0,0.0
2017-06-20 00:00:00+01:00,696.2740405843928,701.1994655239305,694.0352497460041,694.4830322265625,161889,0.0,0.0
2017-06-21 00:00:00+01:00,698.065087127114,702.990572689409,688.2142983491237,689.10986328125,145856,0.0,0.0
2017-06-22 00:00:00+01:00,693.5875265267308,690.3188420684454,684.5068479463998,686.8709716796875,344732,0.0,0.0
2017-06-23 00:00:00+01:00,687.3188337676911,692.3695917345807,685.5277645825277,691.3486938476562,205621,0.0,0.0
2017-06-26 00:00:00+01:00,692.2442517770096,698.0651202006172,690.900904315174,696.2454833984375,75348,0.0,0.0
2017-06-27 00:00:00+01:00,690.9009135856292,691.5725569344577,682.3934109063999,686.4653930664062,340009,0.0,0.0
2017-06-28 00:00:00+01:00,685.0798533865831,691.7963463735856,681.9454980969408,689.5574951171875,173898,0.0,0.0
2017-06-29 00:00:00+01:00,690.4530599326235,692.6918504068298,686.4231398275452,689.5574951171875,2923552,0.0,0.0
2017-06-30 00:00:00+01:00,690.9007968784936,697.6172900144306,686.9156731604768,693.1395874023438,156768,0.0,0.0
2017-07-03 00:00:00+01:00,694.4830858799666,694.4830858799666,686.2889758419267,692.6920166015625,1033150,0.0,0.0
2017-07-04 00:00:00+01:00,693.5875455246613,694.4830497261414,687.8024169772868,691.3486938476562,816240,0.0,0.0
2017-07-05 00:00:00+01:00,691.7965123534638,692.6920166015625,682.3934442284977,692.6920166015625,576839,0.0,0.0
2017-07-06 00:00:00+01:00,693.1396696959024,693.7665773114775,686.4232365447448,690.90087890625,897568,0.0,0.0
2017-07-07 00:00:00+01:00,691.7963617137882,693.1395874023438,680.1544443303102,693.1395874023438,1210781,0.0,0.0
2017-07-10 00:00:00+01:00,695.3785496024879,699.4083485229452,687.3187694149802,690.453125,888256,0.0,0.0
2017-07-11 00:00:00+01:00,690.453125,690.453125,690.453125,690.453125,0,0.0,0.0
2017-07-12 00:00:00+01:00,681.4977223407129,681.4977223407129,672.5423780099071,677.0200805664062,1084099,0.0,0.0
2017-07-13 00:00:00+01:00,678.3634244747348,678.8112069247484,673.8857823211926,676.1246337890625,1138937,0.0,0.0
2017-07-14 00:00:00+01:00,677.4680235594765,677.4680235594765,669.4081213011468,671.6470336914062,613592,0.0,0.0
2017-07-17 00:00:00+01:00,671.6470048858514,676.5724295865766,670.7514399681565,672.0947265625,639063,0.0,0.0
2017-07-18 00:00:00+01:00,674.7813720703125,675.6768154389193,665.3783049669427,674.7813720703125,856167,0.0,0.0
2017-07-19 00:00:00+01:00,675.2290765010482,678.3634321220819,669.8559301691038,677.9157104492188,745202,0.0,0.0
2017-07-20 00:00:00+01:00,679.706733564375,682.8410889736429,675.229030880683,681.4977416992188,515815,0.0,0.0
2017-07-21 00:00:00+01:00,683.288860490043,687.7665027183674,677.0201492139493,678.8112182617188,665995,0.0,0.0
2017-07-24 00:00:00+01:00,674.3336753176801,676.1246836855113,667.6171204184039,673.4381103515625,1276908,0.0,0.0
2017-07-25 00:00:00+01:00,674.3337296565489,681.6322139470984,673.4381646182652,679.2590942382812,824791,0.0,0.0
2017-07-26 00:00:00+01:00,679.258987462652,683.7365688213923,677.4679792320348,682.8411254882812,773234,0.0,0.0
2017-07-27 00:00:00+01:00,683.2887651864199,686.87084200014,681.4976963884648,685.079833984375,542754,0.0,0.0
2017-07-28 00:00:00+01:00,681.4977988113867,683.2888678785232,675.6768091476432,680.6022338867188,416246,0.0,0.0
2017-07-31 00:00:00+01:00,680.6022132445162,685.0799161676514,678.811205013899,682.8411254882812,694609,0.0,0.0
2017-08-01 00:00:00+01:00,684.6321278997148,691.7964038900788,683.7365630098208,688.6620483398438,670847,0.0,0.0
2017-08-02 00:00:00+01:00,690.0054180745282,696.721973803499,686.4233401141705,694.0353393554688,488098,0.0,0.0
2017-08-03 00:00:00+01:00,693.1397281195011,698.96071838408,693.1397281195011,697.617431640625,583556,0.0,0.0
2017-08-04 00:00:00+01:00,698.065069111302,707.0204142904441,696.7218433121784,706.5726318359375,756204,0.0,0.0
2017-08-07 00:00:00+01:00,709.2592831616706,710.6025089937108,702.5427285260714,703.4382934570312,619440,0.0,0.0
2017-08-08 00:00:00+01:00,702.9906504245423,705.2294414380189,697.4383782037609,700.3040161132812,719843,0.0,0.0
2017-08-09 00:00:00+01:00,702.9905551014117,704.3337809015956,684.9455360707506,692.2442016601562,680633,0.0,0.0
2017-08-10 00:00:00+01:00,693.5875016491816,699.408369763886,684.1844346085525,688.2142944335938,572592,0.0,0.0
2017-08-11 00:00:00+01:00,685.5277458053612,687.7665366388406,680.1545383970474,686.8709716796875,876344,0.0,0.0
2017-08-14 00:00:00+01:00,689.5576072870248,698.9606746855418,688.1247884443202,694.4830322265625,742253,0.0,0.0
2017-08-15 00:00:00+01:00,694.0353033648139,704.9876491507987,684.0948597523408,692.6920166015625,591357,0.0,0.0
2017-08-16 00:00:00+01:00,695.8263733041216,701.1995203622306,692.2442955261178,700.3040161132812,517519,0.0,0.0
2017-08-17 00:00:00+01:00,697.1696055455097,700.6173543774247,693.5875280476474,694.4830322265625,518183,0.0,0.0
2017-08-18 00:00:00+01:00,690.4530520906333,690.9007737110743,681.9454903515774,687.7664184570312,733820,0.0,0.0
2017-08-21 00:00:00+01:00,685.079938753384,689.5575810419408,680.244046181135,688.2142944335938,768417,0.0,0.0
2017-08-22 00:00:00+01:00,689.5574951171875,698.2441212902038,687.3187046429813,689.5574951171875,643469,0.0,0.0
2017-08-23 00:00:00+01:00,690.0053787376806,694.9308648145684,688.2143702507111,691.7965087890625,750870,0.0,0.0
2017-08-24 00:00:00+01:00,698.5130431747826,715.5279894642434,688.2412752221123,694.0353393554688,1452443,0.0,0.0
2017-08-25 00:00:00+01:00,694.483121893842,702.8025652730698,692.2443307663947,694.0353393554688,4705311,0.0,0.0
2017-08-29 00:00:00+01:00,685.0798841103821,698.0650274768224,684.6321016825824,696.7218017578125,1037531,0.0,0.0
2017-08-30 00:00:00+01:00,700.3038900652753,703.886027980735,696.7218129320111,699.4083251953125,974412,0.0,0.0
2017-08-31 00:00:00+01:00,700.7516479492188,703.3263208824127,697.6172925785535,700.7516479492188,950832,0.0,0.0
2017-09-01 00:00:00+01:00,698.9605923324218,702.0949477626307,693.1396031176093,696.7218017578125,749169,0.0,0.0
2017-09-04 00:00:00+01:00,694.0352997888775,701.7368915681125,688.2143702507111,691.7965087890625,934561,0.0,0.0
2017-09-05 00:00:00+01:00,693.1396296605258,699.4262715090968,685.9754752345557,688.6620483398438,1593599,0.0,0.0
2017-09-06 00:00:00+01:00,685.0799084750595,686.4231950240377,677.4679716249155,681.050048828125,1666797,0.0,0.0
2017-09-07 00:00:00+01:00,667.389665860919,670.0511636026846,655.2959728576368,656.1918334960938,1578290,22.5713,0.0
2017-09-08 00:00:00+01:00,655.7439295984715,659.3271895576204,651.7126785413128,657.9834594726562,1099745,0.0,0.0
2017-09-11 00:00:00+01:00,660.6709116474012,667.8374922812382,656.5052876321569,661.5667114257812,1364038,0.0,0.0
2017-09-12 00:00:00+01:00,661.566742072988,673.2125045450139,661.4503057290616,671.8687744140625,939647,0.0,0.0
2017-09-13 00:00:00+01:00,672.764548035361,676.3479299059901,668.5990452174271,670.0771484375,1112415,0.0,0.0
2017-09-14 00:00:00+01:00,670.5250403969511,671.3312176685812,662.3282258433856,663.3584594726562,1283159,0.0,0.0
2017-09-15 00:00:00+01:00,663.3584594726562,665.4636163981897,653.0564271912891,663.3584594726562,2218261,0.0,0.0
2017-09-18 00:00:00+01:00,666.0458919893857,670.5250736920364,661.5667710890061,665.5980224609375,949950,0.0,0.0
2017-09-19 00:00:00+01:00,664.2541160888876,667.3895059677714,662.9103254531475,666.0457153320312,739502,0.0,0.0
2017-09-20 00:00:00+01:00,663.3583783964317,687.8842470509223,660.6708576763077,662.0146484375,827302,0.0,0.0
2017-09-21 00:00:00+01:00,663.3584819203699,666.941742102639,655.7403830959922,656.6397094726562,996375,0.0,0.0
2017-09-22 00:00:00+01:00,656.6396872523026,664.7021287935518,653.0564271912891,663.3584594726562,967774,0.0,0.0
2017-09-25 00:00:00+01:00,662.014675775202,664.7020750017803,658.8766101745566,659.7750244140625,1293503,0.0,0.0
2017-09-26 00:00:00+01:00,659.7750043876965,681.850846193449,657.0876052426898,658.4312744140625,863284,0.0,0.0
2017-09-27 00:00:00+01:00,659.32720140226,666.0458519477794,656.6396803817848,662.9104614257812,624779,0.0,0.0
2017-09-28 00:00:00+01:00,665.1501395614847,669.6291387672843,662.9104879529103,664.7021484375,1007373,0.0,0.0
2017-09-29 00:00:00+01:00,665.5979514064295,696.8174821595939,665.1500819257926,677.24365234375,1449125,0.0,0.0
2017-10-02 00:00:00+01:00,673.2124622044308,677.2472396773582,672.762707853593,677.24365234375,793371,0.0,0.0
2017-10-03 00:00:00+01:00,679.0352386220783,679.0352386220783,671.8686588885173,672.3165283203125,632722,0.0,0.0
2017-10-04 00:00:00+01:00,672.7645134316723,674.1083043648921,669.6291228586963,671.8687744140625,685533,0.0,0.0
2017-10-05 00:00:00+01:00,669.1813337696353,678.5875066189625,669.1813337696353,673.2125854492188,786833,0.0,0.0
2017-10-06 00:00:00+01:00,674.5562795595102,682.1707298544533,674.5562795595102,679.0353393554688,636897,0.0,0.0
2017-10-09 00:00:00+01:00,679.4832499361061,682.6186403440958,674.2337039659117,677.691650390625,593998,0.0,0.0
2017-10-10 00:00:00+01:00,676.3478925086812,681.7228130117506,676.3478925086812,679.9312133789062,419726,0.0,0.0
2017-10-11 00:00:00+01:00,680.8269456774328,683.9623362073854,678.5426044861609,679.4832763671875,408547,0.0,0.0
2017-10-12 00:00:00+01:00,677.2437432905856,689.7853064779113,668.1063169454691,687.5457763671875,1855472,0.0,0.0
2017-10-13 00:00:00+01:00,685.3061969554233,694.7123695037777,680.7374533050531,692.4728393554688,613203,0.0,0.0
2017-10-16 00:00:00+01:00,688.441536263784,690.6811270466967,681.1853934600482,684.8582153320312,936434,0.0,0.0
2017-10-17 00:00:00+01:00,684.8581486477391,689.3373297774289,680.3790283203125,680.3790283203125,426593,0.0,0.0
2017-10-18 00:00:00+01:00,679.0352500997307,687.5456206793009,679.0352500997307,685.3060302734375,658180,0.0,0.0
2017-10-19 00:00:00+01:00,685.3060302734375,694.3986432846348,681.7227099449595,685.3060302734375,673722,0.0,0.0
2017-10-20 00:00:00+01:00,687.097731861931,689.8300641807759,681.0510071127921,683.9623413085938,824840,0.0,0.0
2017-10-23 00:00:00+01:00,682.1707365922133,686.2467990031925,679.0344340282477,679.4832763671875,505579,0.0,0.0
2017-10-24 00:00:00+01:00,678.587484679162,681.3645677285925,674.5563547344626,675.8999633789062,783689,0.0,0.0
2017-10-25 00:00:00+01:00,677.2436208017002,677.2436208017002,666.941650390625,666.941650390625,873208,0.0,0.0
2017-10-26 00:00:00+01:00,666.9417208260417,680.3790828859833,666.9417208260417,679.9312133789062,856953,0.0,0.0
2017-10-27 00:00:00+01:00,680.8269191940843,683.962309602074,675.2101275422668,677.691650390625,497156,0.0,0.0
2017-10-30 00:00:00+00:00,672.7644711192648,678.5873823901896,670.9728715921883,677.24365234375,583454,0.0,0.0
2017-10-31 00:00:00+00:00,678.5874569321786,680.3791174583314,675.8999357418137,678.1395874023438,380147,0.0,0.0
2017-11-01 00:00:00+00:00,678.139666003168,687.0978480677015,678.139666003168,683.5145874023438,650901,0.0,0.0
2017-11-02 00:00:00+00:00,683.962340145576,688.8894519236056,681.274940707344,687.9935913085938,601750,0.0,0.0
2017-11-03 00:00:00+00:00,687.9937001121576,691.1290911560136,685.306239446646,687.0978393554688,869401,0.0,0.0
2017-11-06 00:00:00+00:00,688.8894319790155,688.8894319790155,679.3936380670563,686.6498413085938,493290,0.0,0.0
2017-11-07 00:00:00+00:00,686.649903990942,691.1290249384057,679.9312529708824,682.6187133789062,719675,0.0,0.0
2017-11-08 00:00:00+00:00,680.8269378565623,683.4248971139336,676.7958083675979,683.0665893554688,527555,0.0,0.0
2017-11-09 00:00:00+00:00,683.5143842472837,683.9622536959131,675.8237495636911,682.170654296875,401688,0.0,0.0
2017-11-10 00:00:00+00:00,682.1708570525499,686.6499784859557,680.8270659004776,683.5145874023438,370799,0.0,0.0
2017-11-13 00:00:00+00:00,685.7540789686799,685.7540789686799,676.0361130456347,676.7958374023438,731371,0.0,0.0
2017-11-14 00:00:00+00:00,679.0353790000829,683.9623693842002,675.5864310091574,681.7228393554688,476425,0.0,0.0
2017-11-15 00:00:00+00:00,683.5144599536943,688.889441152925,675.8998880542173,679.0353393554688,818740,0.0,0.0
2017-11-16 00:00:00+00:00,678.1395581852412,686.2019998044293,677.9603738996645,684.4103393554688,533039,0.0,0.0
2017-11-17 00:00:00+00:00,681.7228113717916,688.8894530950015,679.5728431757358,683.9623413085938,479256,0.0,0.0
2017-11-20 00:00:00+00:00,680.3790427195308,683.5144330953117,677.24365234375,677.24365234375,420464,0.0,0.0
2017-11-21 00:00:00+00:00,677.2437331720937,683.9623842061563,673.6604728880176,678.5874633789062,989706,0.0,0.0
2017-11-22 00:00:00+00:00,677.2437281289825,678.1395887950343,672.3166768725115,674.1083374023438,803996,0.0,0.0
2017-11-23 00:00:00+00:00,687.5457404986622,687.5457404986622,669.1812662165098,672.7645263671875,598361,0.0,0.0
2017-11-24 00:00:00+00:00,674.1082897878507,676.7958107939064,669.1812388793935,675.004150390625,1087704,0.0,0.0
2017-11-27 00:00:00+00:00,676.3479763989944,680.8270368389304,673.2125854492188,673.2125854492188,549015,0.0,0.0
2017-11-28 00:00:00+00:00,675.0042357243755,682.1708174412304,671.8688448228249,680.8270263671875,548930,0.0,0.0
2017-11-29 00:00:00+00:00,675.9000140830476,688.4416392197737,675.9000140830476,683.5145874023438,614456,0.0,0.0
2017-11-30 00:00:00+00:00,683.9624569840896,687.5458392540039,677.6917964214222,683.5145874023438,966386,0.0,0.0
2017-12-01 00:00:00+00:00,681.274924859018,681.274924859018,674.1082833147101,674.5562744140625,489414,0.0,0.0
2017-12-04 00:00:00+00:00,681.722887083216,683.962417268738,677.2437659098974,680.8270263671875,523636,0.0,0.0
2017-12-05 00:00:00+00:00,682.1707030488719,682.6186333317734,673.2124622044308,677.24365234375,660514,0.0,0.0
2017-12-06 00:00:00+00:00,664.2542631371591,674.1083043648921,664.2542631371591,671.8687744140625,535400,0.0,0.0
2017-12-07 00:00:00+00:00,670.5249708824172,675.8998300155819,666.941650390625,666.941650390625,865395,0.0,0.0
2017-12-08 00:00:00+00:00,666.4937178733378,677.6916713966807,666.4937178733378,675.004150390625,1349792,0.0,0.0
2017-12-11 00:00:00+00:00,672.316724719411,676.7959067638983,669.1813337696353,673.2125854492188,489197,0.0,0.0
2017-12-12 00:00:00+00:00,671.8687407987795,674.1082706375598,667.8374898053507,669.6290893554688,791380,0.0,0.0
2017-12-13 00:00:00+00:00,667.8375575692087,673.2125391717451,666.0458970350298,670.0771484375,1080671,0.0,0.0
2017-12-14 00:00:00+00:00,666.9417526508242,670.5250736920364,664.2542922710508,665.5980224609375,950016,0.0,0.0
2017-12-15 00:00:00+00:00,663.358463317281,671.8687744140625,662.9104722039393,671.8687744140625,1174909,0.0,0.0
2017-12-18 00:00:00+00:00,673.212541148551,687.0977735240982,673.212541148551,682.6187133789062,732506,0.0,0.0
2017-12-19 00:00:00+00:00,682.1708484027902,693.3686214431807,677.6917878284559,687.0978393554688,853118,0.0,0.0
2017-12-20 00:00:00+00:00,685.7541157972448,692.4728277339615,684.8582551111372,687.5457763671875,765600,0.0,0.0
2017-12-21 00:00:00+00:00,683.5144562294353,691.1289672851562,683.5144562294353,691.1289672851562,732935,0.0,0.0
2017-12-22 00:00:00+00:00,687.5457879060059,693.8165696049089,684.4103970565544,692.4728393554688,320106,0.0,0.0
2017-12-27 00:00:00+00:00,676.795652764819,697.3995905859506,676.795652764819,696.9517211914062,465332,0.0,0.0
2017-12-28 00:00:00+00:00,695.6081806034528,698.7435712293301,694.2643896475602,697.3997802734375,387900,0.0,0.0
2017-12-29 00:00:00+00:00,687.0976136614248,705.0142148872801,687.0976136614248,700.5350341796875,237937,0.0,0.0
2018-01-02 00:00:00+00:00,698.2955883504101,705.9100998456621,691.1290071790758,693.8165283203125,861454,0.0,0.0
2018-01-03 00:00:00+00:00,694.7122936934929,696.0560237962989,688.8894429805782,695.608154296875,897856,0.0,0.0
2018-01-04 00:00:00+00:00,690.68115234375,696.503942667144,688.4415614788095,690.68115234375,1026056,0.0,0.0
2018-01-05 00:00:00+00:00,692.9205322265625,696.9517827492897,688.8893425060936,692.9205322265625,827078,0.0,0.0
2018-01-08 00:00:00+00:00,697.3996521833918,699.6391817606774,691.1288720833792,692.9205322265625,964958,0.0,0.0
2018-01-09 00:00:00+00:00,694.7122990187453,700.5351497762945,693.3685081033715,700.0872802734375,787763,0.0,0.0
2018-01-10 00:00:00+00:00,697.8477142508337,709.0454858571597,697.8477142508337,705.9100952148438,874316,0.0,0.0
2018-01-11 00:00:00+00:00,706.3580178647493,710.3892079559764,704.5662967545188,709.493408203125,1493643,0.0,0.0
2018-01-12 00:00:00+00:00,713.5246793715878,714.8684095546838,708.1497586392037,710.837158203125,924977,0.0,0.0
2018-01-15 00:00:00+00:00,714.4205281043725,716.2121277837505,705.9100952148438,705.9100952148438,827918,0.0,0.0
2018-01-16 00:00:00+00:00,706.8058825865962,710.8370726507126,695.1601818665289,700.9830322265625,1042651,0.0,0.0
2018-01-17 00:00:00+00:00,701.4309826092904,705.0143644167334,700.0873132351887,702.3268432617188,2806568,0.0,0.0
2018-01-18 00:00:00+00:00,703.6705506599067,709.0454711914062,699.6392994590136,709.0454711914062,642339,0.0,0.0
2018-01-19 00:00:00+00:00,708.1497847413907,714.4205663618251,707.7017935941516,712.6287841796875,641356,0.0,0.0
2018-01-22 00:00:00+00:00,715.3162246551477,720.6912665831065,707.2538441700077,711.2850952148438,1424591,0.0,0.0
2018-01-23 00:00:00+00:00,712.6287194031629,715.7641099283793,701.8789393215652,704.1184692382812,974771,0.0,0.0
2018-01-24 00:00:00+00:00,705.9100220375059,707.2538128611413,700.9830322265625,700.9830322265625,2649627,0.0,0.0
2018-01-25 00:00:00+00:00,702.7747489659055,702.7747489659055,692.0249070015052,696.5039672851562,1447790,0.0,0.0
2018-01-26 00:00:00+00:00,697.3997393963093,701.4309296208964,695.6081398313368,698.7435302734375,659755,0.0,0.0
2018-01-29 00:00:00+00:00,703.2226102945358,713.972450274393,696.0559692382812,696.0559692382812,1673691,0.0,0.0
2018-01-30 00:00:00+00:00,694.2643377297032,694.2643377297032,687.0976963766161,689.7852172851562,878525,0.0,0.0
2018-01-31 00:00:00+00:00,689.3373903895431,689.7852599000818,682.6186789065082,684.4103393554688,1244439,0.0,0.0
2018-02-01 00:00:00+00:00,684.4103340655535,686.6498640077431,678.5874224508708,679.9312133789062,775031,0.0,0.0
2018-02-02 00:00:00+00:00,679.4832644729411,680.8269337596657,671.8687534338137,674.5562744140625,1445224,0.0,0.0
2018-02-05 00:00:00+00:00,671.8689053111408,673.2126357038849,662.9106013557132,668.28564453125,1050612,0.0,0.0
2018-02-06 00:00:00+00:00,662.9105141659035,665.5980354001937,649.9210815429688,649.9210815429688,1959192,0.0,0.0
2018-02-07 00:00:00+00:00,656.1918108802618,666.0458519477794,648.1293694233711,662.9104614257812,1638178,0.0,0.0
2018-02-08 00:00:00+00:00,666.0459049373485,667.8375654927845,647.2335603086786,649.9210815429688,974120,0.0,0.0
2018-02-09 00:00:00+00:00,649.4730877511232,665.5979080605644,644.0980463108751,662.0146484375,2086446,0.0,0.0
2018-02-12 00:00:00+00:00,669.6291322579186,674.5563049466161,661.5667513590431,664.2542724609375,1157179,0.0,0.0
2018-02-13 00:00:00+00:00,665.150119904297,668.7333799653104,657.0876783630478,663.3584594726562,1006035,0.0,0.0
2018-02-14 00:00:00+00:00,666.0457570731307,668.733277710783,658.4312470046767,660.6708374023438,936333,0.0,0.0
2018-02-15 00:00:00+00:00,666.9417260345848,676.3478977906827,661.5667446872708,663.8063354492188,1037512,0.0,0.0
2018-02-16 00:00:00+00:00,666.4937665668709,674.5563301740829,664.2542973031225,670.0771484375,820391,0.0,0.0
2018-02-19 00:00:00+00:00,673.2125636831979,679.9312757304267,671.420963886059,675.8999633789062,856749,0.0,0.0
2018-02-20 00:00:00+00:00,678.1395529437938,681.7228130117506,675.452031889991,679.9312133789062,909501,0.0,0.0
2018-02-21 00:00:00+00:00,678.5874961816655,683.5145477129985,675.8999748358546,680.8270263671875,901636,0.0,0.0
2018-02-22 00:00:00+00:00,677.2436380108876,683.066549158579,675.4519777194643,680.3790283203125,789737,0.0,0.0
2018-02-23 00:00:00+00:00,683.9622954488909,731.8890111519979,683.9622954488909,730.0972900390625,4927786,0.0,0.0
2018-02-26 00:00:00+00:00,730.5452581377815,734.5763873060179,704.1184061918158,712.1807861328125,4541427,0.0,0.0
2018-02-27 00:00:00+00:00,713.5245781731902,718.8994373409932,700.5350869084292,708.149658203125,1939458,0.0,0.0
2018-02-28 00:00:00+00:00,707.7016611347715,715.3161715626358,703.6704711914062,703.6704711914062,1888024,0.0,0.0
2018-03-01 00:00:00+00:00,703.2226507904006,705.4621806477493,698.2955391787956,698.7435302734375,1633530,0.0,0.0
2018-03-02 00:00:00+00:00,694.7123281658779,705.0143608023667,692.4727981508291,693.8165283203125,1777609,0.0,0.0
2018-03-05 00:00:00+00:00,693.8165267856232,697.8477172851562,692.0248662961851,697.8477172851562,1350439,0.0,0.0
2018-03-06 00:00:00+00:00,702.7746796973822,705.9100702287192,694.7122990187453,700.0872802734375,1327319,0.0,0.0
2018-03-07 00:00:00+00:00,700.9829955684187,717.1078157838946,696.5038146617339,714.8682861328125,2443154,0.0,0.0
2018-03-08 00:00:00+00:00,713.5246425037814,722.4828837963964,708.5975915521627,720.6912841796875,1663880,0.0,0.0
2018-03-09 00:00:00+00:00,719.347522576685,722.9308435606561,712.180880608743,714.4205322265625,1290232,0.0,0.0
2018-03-12 00:00:00+00:00,714.8684017478563,717.5559228869696,709.9413505954636,714.4205322265625,1694717,0.0,0.0
2018-03-13 00:00:00+00:00,716.6600700662354,716.6600700662354,707.7017675084774,710.837158203125,1602037,0.0,0.0
2018-03-14 00:00:00+00:00,713.9724956290526,713.9724956290526,704.1184547541242,707.2538452148438,1754177,0.0,0.0
2018-03-15 00:00:00+00:00,695.1602911555557,715.7641749899046,691.1290396554062,712.6287841796875,2346188,0.0,0.0
2018-03-16 00:00:00+00:00,715.3161099221871,715.3161099221871,699.63916015625,699.63916015625,5317238,0.0,0.0
2018-03-19 00:00:00+00:00,703.6705403076314,705.0143312230051,698.2955590529392,700.0872802734375,1557716,0.0,0.0
2018-03-20 00:00:00+00:00,700.5351352771444,705.910055618323,697.8476751065551,703.22265625,1123208,0.0,0.0
2018-03-21 00:00:00+00:00,704.5663783932536,712.6287595099031,697.8477274627122,706.8059692382812,1731278,0.0,0.0
2018-03-22 00:00:00+00:00,683.9623025759485,692.9206042226541,676.7957828631131,677.24365234375,2081139,0.0,0.0
2018-03-23 00:00:00+00:00,674.5562744140625,677.6916648891306,668.2854934639263,674.5562744140625,1514450,0.0,0.0
2018-03-26 00:00:00+01:00,675.0040489223735,678.1394389562298,671.420789456722,672.3165283203125,830696,0.0,0.0
2018-03-27 00:00:00+01:00,678.1393904637869,690.2329586981133,677.2435300597418,681.2747802734375,1599740,0.0,0.0
2018-03-28 00:00:00+01:00,677.2436699369017,686.6498413085938,670.525019530169,686.6498413085938,1094257,0.0,0.0
2018-03-29 00:00:00+01:00,688.4415227867339,692.0248436483389,683.0666022965945,683.9623413085938,1187948,0.0,0.0
2018-04-03 00:00:00+01:00,679.4833146240725,689.3374170736718,676.7958542477348,686.2020263671875,1250314,0.0,0.0
2018-04-04 00:00:00+01:00,689.3373297774289,689.3373297774289,676.7957685397292,680.3790283203125,1290604,0.0,0.0
2018-04-05 00:00:00+01:00,684.8582153320312,688.8894665808203,682.1707550343514,684.8582153320312,1157823,0.0,0.0
2018-04-06 00:00:00+01:00,683.0666011350999,688.4415216160997,679.483280279588,687.9935913085938,1359474,0.0,0.0
2018-04-09 00:00:00+01:00,687.9936459079686,689.7853064779113,684.4103855703561,687.5457763671875,1029610,0.0,0.0
2018-04-10 00:00:00+01:00,687.9935980084445,689.785258453648,684.4103379203059,688.4415283203125,1010583,0.0,0.0
2018-04-11 00:00:00+01:00,687.5457565553563,689.3374170736718,683.0666356607032,686.2020263671875,1111182,0.0,0.0
2018-04-12 00:00:00+01:00,685.3061232721983,698.7435459263725,683.5144628648239,691.576904296875,1004001,0.0,0.0
2018-04-13 00:00:00+01:00,692.9205789767354,696.9518297714443,689.7851887151896,696.0559692382812,869396,0.0,0.0
2018-04-16 00:00:00+01:00,693.3684016606647,694.7121923697459,690.6810026492769,692.9205322265625,983153,0.0,0.0
2018-04-17 00:00:00+01:00,692.4727581793422,692.9206276751377,683.9623257252307,691.1289672851562,1725831,0.0,0.0
2018-04-18 00:00:00+01:00,690.2331396418483,698.2955813805448,690.2331396418483,693.3685302734375,1719837,0.0,0.0
2018-04-19 00:00:00+01:00,692.4728030211845,701.4309839466551,692.4728030211845,698.2955932617188,1197919,0.0,0.0
2018-04-20 00:00:00+01:00,700.5351791677289,704.1185001545311,689.7852770095925,693.8165283203125,1600978,0.0,0.0
2018-04-23 00:00:00+01:00,687.0977513609477,709.4934769804088,687.0977513609477,705.9100952148438,1734565,0.0,0.0
2018-04-24 00:00:00+01:00,706.3580412325014,708.1497015997398,695.6081398313368,698.7435302734375,1252310,0.0,0.0
2018-04-25 00:00:00+01:00,695.1602038391254,697.3997336781115,689.7852227814814,694.2643432617188,1068859,0.0,0.0
2018-04-26 00:00:00+01:00,695.1601553047574,699.6392146700126,692.9205648198688,699.1913452148438,1045995,0.0,0.0
2018-04-27 00:00:00+01:00,699.1914316024709,706.805942908275,696.5039105280993,705.0143432617188,800193,0.0,0.0
2018-04-30 00:00:00+01:00,704.5663521466768,716.6600449756774,703.6705523233986,705.0143432617188,1301578,0.0,0.0
2018-05-01 00:00:00+01:00,706.3580835665339,719.3475156035405,701.8789627811244,713.9725341796875,1011952,0.0,0.0
2018-05-02 00:00:00+01:00,714.8683845268525,725.1702953024911,703.2226828128939,705.0143432617188,1438554,0.0,0.0
2018-05-03 00:00:00+01:00,706.3580894094193,707.2538892530034,697.8477172851562,697.8477172851562,930107,0.0,0.0
2018-05-04 00:00:00+01:00,697.8477105920683,701.8789618552075,689.7852688680595,697.3997802734375,4122452,0.0,0.0
2018-05-08 00:00:00+01:00,696.0560291318515,709.0454607600561,696.0560291318515,700.0872802734375,1168902,0.0,0.0
2018-05-09 00:00:00+01:00,699.6393271760094,706.8059692382812,698.7435881216317,706.8059692382812,1057234,0.0,0.0
2018-05-10 00:00:00+01:00,706.805879548624,713.9724598992267,706.805879548624,713.07666015625,857306,0.0,0.0
2018-05-11 00:00:00+01:00,711.7330450943011,717.5559571720423,705.4622634738666,712.6287841796875,880735,0.0,0.0
2018-05-14 00:00:00+01:00,712.6286834628515,718.8994641970276,706.3580243332044,709.9412841796875,1020216,0.0,0.0
2018-05-15 00:00:00+01:00,710.3892421839785,710.3892421839785,704.118461205088,707.7017211914062,1251757,0.0,0.0
2018-05-16 00:00:00+01:00,708.597591257199,709.4934518674482,699.6392891660454,700.0872802734375,894351,0.0,0.0
2018-05-17 00:00:00+01:00,703.222661409075,709.9413118848386,703.222661409075,707.7017211914062,1366205,0.0,0.0
2018-05-18 00:00:00+01:00,707.7016671359368,710.8370573858955,705.0142679531663,708.149658203125,1125146,0.0,0.0
2018-05-21 00:00:00+01:00,711.2851676721691,719.3475489786091,709.4935071144249,716.212158203125,1265062,0.0,0.0
2018-05-22 00:00:00+01:00,718.0036888874275,722.9307393294445,715.3161681357974,719.7953491210938,1752902,0.0,0.0
2018-05-23 00:00:00+01:00,714.868397623082,718.0037882653982,705.0143561774245,705.9100952148438,1235141,0.0,0.0
2018-05-24 00:00:00+01:00,707.7016935736542,715.3162043505444,705.0142942904902,709.9412841796875,1065759,0.0,0.0
2018-05-25 00:00:00+01:00,713.9725623063579,724.7224647752827,710.8371715528268,711.7330322265625,1425650,0.0,0.0
2018-05-29 00:00:00+01:00,707.2538568585668,707.2538568585668,689.7852438895006,691.576904296875,1511792,0.0,0.0
2018-05-30 00:00:00+01:00,690.6811348486401,703.2226974491749,689.7852742044477,701.8789672851562,2373605,0.0,0.0
2018-05-31 00:00:00+01:00,704.5663142860383,707.253835215993,692.9206131978741,694.2643432617188,1814201,0.0,0.0
2018-06-01 00:00:00+01:00,699.63916015625,707.2537307302106,698.2954302909205,699.63916015625,1572308,0.0,0.0
2018-06-04 00:00:00+01:00,699.6392204457794,706.8058614147775,699.6392204457794,703.6704711914062,914242,0.0,0.0
2018-06-05 00:00:00+01:00,703.2226920088308,705.4622219974464,697.3997802734375,697.3997802734375,883944,0.0,0.0
2018-06-06 00:00:00+01:00,703.2226507904006,703.2226507904006,695.6081398313368,698.7435302734375,1588881,0.0,0.0
2018-06-07 00:00:00+01:00,705.9099537451866,705.9099537451866,685.7539445723075,700.5350341796875,832063,0.0,0.0
2018-06-08 00:00:00+01:00,695.6082302049202,699.1914906026693,690.6811787554574,692.4728393554688,2012864,0.0,0.0
2018-06-11 00:00:00+01:00,693.3685343744078,705.0143579352899,691.1290043684664,701.8789672851562,1389648,0.0,0.0
2018-06-12 00:00:00+01:00,705.9101631305247,706.8060238586742,692.9207297928365,706.358154296875,1473577,0.0,0.0
2018-06-13 00:00:00+01:00,705.0143644167334,709.9413547960078,701.878973737775,702.3268432617188,1652701,0.0,0.0
2018-06-14 00:00:00+01:00,699.6393048511108,714.8683883463559,692.0248543068916,713.524658203125,1618214,0.0,0.0
2018-06-15 00:00:00+01:00,712.6287910340303,712.6287910340303,695.1602978418798,696.5039672851562,1970718,0.0,0.0
2018-06-18 00:00:00+01:00,698.7435779310102,705.9100982842224,695.1602569521342,697.8477172851562,1124808,0.0,0.0
2018-06-19 00:00:00+01:00,694.2643089742177,703.670479758855,689.7851887151896,696.0559692382812,1355545,0.0,0.0
2018-06-20 00:00:00+01:00,699.6393234406529,702.3268446007917,697.3997934098528,698.2955932617188,2270207,0.0,0.0
2018-06-21 00:00:00+01:00,699.1914031375165,703.2226541838223,686.6498413085938,686.6498413085938,914704,0.0,0.0
2018-06-22 00:00:00+01:00,687.9935876509469,700.0872802734375,681.722806588273,700.0872802734375,1106876,0.0,0.0
2018-06-25 00:00:00+01:00,696.9518825506377,697.847682349376,679.0353393554688,679.0353393554688,2001988,0.0,0.0
2018-06-26 00:00:00+01:00,682.386240169702,692.3480830918875,676.9072265625,676.9072265625,1960047,0.0,0.0
2018-06-27 00:00:00+01:00,677.9034427040501,678.4015348735609,660.470216771176,662.4625854492188,2745395,0.0,0.0
2018-06-28 00:00:00+01:00,656.9835890409205,665.4511561475889,656.4854968581753,664.9530639648438,2294690,0.0,0.0
2018-06-29 00:00:00+01:00,670.4320109830826,676.4091165787712,661.4663525895495,674.416748046875,1785821,0.0,0.0
2018-07-02 00:00:00+01:00,666.9454781733889,670.4321236903521,662.9607404397167,664.4550170898438,2010965,0.0,0.0
2018-07-03 00:00:00+01:00,667.4435564039711,669.4359252290576,660.96835772244,665.9492797851562,4212108,0.0,0.0
2018-07-04 00:00:00+01:00,666.4472433298939,666.4472433298939,656.4854011276533,659.9720458984375,3204436,0.0,0.0
2018-07-05 00:00:00+01:00,661.4664269649621,661.9645191539418,653.4969519412879,657.481689453125,2168710,0.0,0.0
2018-07-06 00:00:00+01:00,662.4625637138442,662.4625637138442,652.0026284973098,655.9873657226562,2054601,0.0,0.0
2018-07-09 00:00:00+01:00,664.4550084480982,676.4092214936411,663.4588240276362,671.9263916015625,3194042,0.0,0.0
2018-07-10 00:00:00+01:00,672.4244855724259,676.907315476242,671.9263933608908,673.9187622070312,2975418,0.0,0.0
2018-07-11 00:00:00+01:00,671.9263462999132,672.9225306532118,665.9492401801215,672.4244384765625,2278355,0.0,0.0
2018-07-12 00:00:00+01:00,674.4167658319536,679.8957794391557,669.9339365169702,676.9072265625,1812818,0.0,0.0
2018-07-13 00:00:00+01:00,680.8921164257524,683.8806699726102,673.9188248164178,675.9111938476562,2003151,0.0,0.0
2018-07-16 00:00:00+01:00,676.9072783235936,678.481266650291,671.9263564816246,675.0723266601562,1650110,0.0,0.0
2018-07-17 00:00:00+01:00,671.9262873820047,676.4091165787712,671.4281952490306,674.416748046875,1641292,0.0,0.0
2018-07-18 00:00:00+01:00,677.4053008447194,677.4053008447194,671.9262873820047,674.416748046875,1580748,0.0,0.0
2018-07-19 00:00:00+01:00,676.4092688024397,677.4054532925758,671.4283463517589,673.4207153320312,1243412,0.0,0.0
2018-07-20 00:00:00+01:00,674.416789432795,674.416789432795,664.9530383255402,669.9339599609375,1332955,0.0,0.0
2018-07-23 00:00:00+01:00,669.9340366856659,672.9225900091707,665.4512067004086,670.43212890625,1041545,0.0,0.0
2018-07-24 00:00:00+01:00,675.4129028320312,677.4052712769635,668.4396132747684,675.4129028320312,1618133,0.0,0.0
2018-07-25 00:00:00+01:00,674.4168998221674,680.3940067629842,671.926438596827,673.4207153320312,1714202,0.0,0.0
2018-07-26 00:00:00+01:00,674.4168526527174,675.9111292834102,670.4321149708696,671.9263916015625,1104580,0.0,0.0
2018-07-27 00:00:00+01:00,676.4092008784077,684.3786759992137,673.4206477081054,682.8843994140625,1421182,0.0,0.0
2018-07-30 00:00:00+01:00,679.8958168113136,685.3748307196831,679.3977246378255,683.8805541992188,1000739,0.0,0.0
2018-07-31 00:00:00+01:00,679.3976212765897,689.3594632307919,679.3976212765897,686.3709106445312,1962085,0.0,0.0
2018-08-01 00:00:00+01:00,685.873029614329,687.8653986182923,681.8882916064026,683.382568359375,1091037,0.0,0.0
2018-08-02 00:00:00+01:00,682.3863757432565,682.3863757432565,670.9302541066909,673.4207153320312,1131658,0.0,0.0
2018-08-03 00:00:00+01:00,666.9454455861954,681.8882113573574,666.9454455861954,678.899658203125,1381457,0.0,0.0
2018-08-06 00:00:00+01:00,683.3823672603671,685.3747356780359,677.9033541117782,680.8919067382812,1224664,0.0,0.0
2018-08-07 00:00:00+01:00,695.3367681107954,695.3367681107954,679.39781640625,684.8768310546875,874118,0.0,0.0
2018-08-08 00:00:00+01:00,686.8690343442171,688.3633107060972,676.4090998110564,687.3671264648438,1340556,0.0,0.0
2018-08-09 00:00:00+01:00,684.3787453032328,693.3444057220524,683.8806530577428,692.8463134765625,1301134,0.0,0.0
2018-08-10 00:00:00+01:00,692.846187434331,693.3442795892083,687.3671737306806,688.8614501953125,996665,0.0,0.0
2018-08-13 00:00:00+01:00,675.412929027948,690.8537850750471,675.412929027948,685.8728637695312,731373,0.0,0.0
2018-08-14 00:00:00+01:00,685.8729367889626,691.351950808337,681.3901071367472,682.3862915039062,877671,0.0,0.0
2018-08-15 00:00:00+01:00,685.3748249219324,685.3748249219324,677.4053502135378,677.9034423828125,967841,0.0,0.0
2018-08-16 00:00:00+01:00,679.8958636439123,686.8691545530806,678.8996792283169,685.3748779296875,1138523,0.0,0.0
2018-08-17 00:00:00+01:00,681.3900482311,689.3595224794169,680.8919560905802,684.3786010742188,1212956,0.0,0.0
2018-08-20 00:00:00+01:00,684.3786208014168,691.8500031245763,684.3786208014168,688.8614501953125,1486356,0.0,0.0
2018-08-21 00:00:00+01:00,691.3519932438104,695.8348231711839,685.8729788881318,695.3367309570312,992214,0.0,0.0
2018-08-22 00:00:00+01:00,691.3520105268,700.8157628322822,691.3520105268,697.8272094726562,1184908,0.0,0.0
2018-08-23 00:00:00+01:00,703.8043090390488,713.2680612483495,701.313847931338,707.2909545898438,2092983,0.0,0.0
2018-08-24 00:00:00+01:00,714.264126561269,716.2564951151359,704.8003759304014,711.2755737304688,2229192,0.0,0.0
2018-08-28 00:00:00+01:00,716.754687292368,716.754687292368,697.3290911809,702.80810546875,2645837,0.0,0.0
2018-08-29 00:00:00+01:00,699.3214268585965,708.2870861772965,696.3328737523632,699.8195190429688,1523935,0.0,0.0
2018-08-30 00:00:00+01:00,702.8080149311085,708.7851206569577,697.3290013490799,703.80419921875,1814996,0.0,0.0
2018-08-31 00:00:00+01:00,707.7890468113859,709.7814156975545,701.313847931338,707.2909545898438,1685857,0.0,0.0
2018-09-03 00:00:00+01:00,708.7851287436035,712.2717737901286,706.2946679960855,711.773681640625,1461914,0.0,0.0
2018-09-04 00:00:00+01:00,711.2755813760615,712.271765663703,699.321369924363,703.80419921875,3386257,0.0,0.0
2018-09-05 00:00:00+01:00,702.8080149311085,706.7927520816746,698.8232777805423,703.80419921875,4979594,0.0,0.0
2018-09-06 00:00:00+01:00,684.0994112861715,694.5626943429885,679.1168955448302,690.0784301757812,2585391,22.6,0.0
2018-09-07 00:00:00+01:00,690.5766426538496,690.5766426538496,680.1133601893973,681.10986328125,1612174,0.0,0.0
2018-09-10 00:00:00+01:00,684.597620430828,687.5871296903513,680.1133565415431,682.6046142578125,1349546,0.0,0.0
2018-09-11 00:00:00+01:00,684.0993436899421,684.5975952148438,675.1308162417128,684.5975952148438,2099167,0.0,0.0
2018-09-12 00:00:00+01:00,680.1133532228723,684.5976170902759,674.6325862738236,675.6290893554688,2988518,0.0,0.0
2018-09-13 00:00:00+01:00,676.625614045203,681.1098780558118,675.130859375,675.130859375,1192202,0.0,0.0
2018-09-14 00:00:00+01:00,681.1098743376921,681.6081258917065,675.6291072435337,676.6256103515625,1089688,0.0,0.0
2018-09-17 00:00:00+01:00,674.6327120829579,676.625718617915,671.1449506467832,674.1344604492188,1182588,0.0,0.0
2018-09-18 00:00:00+01:00,676.6255817356732,676.6255817356732,669.6500602744807,671.64306640625,1613568,0.0,0.0
2018-09-19 00:00:00+01:00,674.1343494142805,674.1343494142805,668.6535823458717,669.6500854492188,2593201,0.0,0.0
2018-09-20 00:00:00+01:00,667.6570860239852,677.1238656019373,667.6570860239852,675.130859375,1807368,0.0,0.0
2018-09-21 00:00:00+01:00,673.6361566758694,682.6046853890097,662.6746215820312,662.6746215820312,9318030,0.0,0.0
2018-09-24 00:00:00+01:00,665.6640730358306,674.1343494142805,665.6640730358306,669.6500854492188,2666396,0.0,0.0
2018-09-25 00:00:00+01:00,670.1483365072212,685.0958830464158,670.1483365072212,678.120361328125,1471288,0.0,0.0
2018-09-26 00:00:00+01:00,680.6116548978366,682.1064096304087,678.1203970102164,680.1134033203125,1851062,0.0,0.0
2018-09-27 00:00:00+01:00,679.1169572350575,683.6012218096104,676.1274475186889,681.6082153320312,1956666,0.0,0.0
2018-09-28 00:00:00+01:00,681.608195107364,681.608195107364,669.6501565967086,673.6361694335938,4626763,0.0,0.0
2018-10-01 00:00:00+01:00,674.6325935872396,679.1168575032552,672.6395874023438,672.6395874023438,2120886,0.0,0.0
2018-10-02 00:00:00+01:00,665.6641311530781,668.6536407241248,660.183363606159,662.6746215820312,1878448,0.0,0.0
2018-10-03 00:00:00+01:00,671.144932417436,671.144932417436,654.7026289506392,657.692138671875,1708248,0.0,0.0
2018-10-04 00:00:00+01:00,658.1902255228512,667.6570039368816,656.19721954095,667.1587524414062,2065262,0.0,0.0
2018-10-05 00:00:00+01:00,666.1623033730381,666.6605549088443,659.685033407556,661.6780395507812,1196669,0.0,0.0
2018-10-08 00:00:00+01:00,658.6885741068445,662.6745866581718,651.7130521420216,652.2113037109375,1246181,0.0,0.0
2018-10-09 00:00:00+01:00,656.6955172964242,657.1937688269982,642.2462229097806,647.7269897460938,1795193,0.0,0.0
2018-10-10 00:00:00+01:00,646.7306282488753,650.2183897263345,639.2568536543197,640.2533569335938,1091060,0.0,0.0
2018-10-11 00:00:00+01:00,633.2777103016441,635.2707164709648,624.8074340820312,624.8074340820312,2332532,0.0,0.0
2018-10-12 00:00:00+01:00,630.786376268984,633.277633679209,622.3161010742188,622.3161010742188,1334393,0.0,0.0
2018-10-15 00:00:00+01:00,621.3195687972124,622.3160717142889,613.8457969191384,617.3335571289062,1193880,0.0,0.0
2018-10-16 00:00:00+01:00,617.8319233967119,620.3231811523438,613.3476594365744,620.3231811523438,811754,0.0,0.0
2018-10-17 00:00:00+01:00,617.33370079324,623.8109712616115,613.3476881973193,616.83544921875,1108749,0.0,0.0
2018-10-18 00:00:00+01:00,614.3442204813954,619.3267364625908,612.8494656870367,613.3477172851562,789607,0.0,0.0
2018-10-19 00:00:00+01:00,614.8423386555856,614.8423386555856,604.3790573656607,609.361572265625,789082,0.0,0.0
2018-10-22 00:00:00+01:00,618.3301829136725,618.3301829136725,607.866900205222,608.8634033203125,1487187,0.0,0.0
2018-10-23 00:00:00+01:00,600.393077018809,602.3860830836016,587.4385375976562,587.4385375976562,1618434,0.0,0.0
2018-10-24 00:00:00+01:00,590.9262908517499,592.919296891722,581.957763671875,581.957763671875,1168816,0.0,0.0
2018-10-25 00:00:00+01:00,577.9717198940206,589.4315039953675,573.9857080326825,586.9402465820312,2264897,0.0,0.0
2018-10-26 00:00:00+01:00,584.9473370908682,588.933349609375,580.4630730075481,588.933349609375,1641466,0.0,0.0
2018-10-29 00:00:00+00:00,594.41414514324,603.8809253257393,588.9333776691616,593.9158935546875,979199,0.0,0.0
2018-10-30 00:00:00+00:00,592.9194196870055,596.9054325924644,589.4316583947291,590.4281616210938,695679,0.0,0.0
2018-10-31 00:00:00+00:00,597.9018088692945,603.3825754505965,592.9192937953837,600.39306640625,1696724,0.0,0.0
2018-11-01 00:00:00+00:00,600.3931953778913,624.8075244845442,600.3931953778913,621.3197631835938,2544138,0.0,0.0
2018-11-02 00:00:00+00:00,626.8004150390625,635.7689424402573,625.8039119944852,626.8004150390625,1841016,0.0,0.0
2018-11-05 00:00:00+00:00,624.3091865922875,628.2951989568033,614.8424072265625,614.8424072265625,866258,0.0,0.0
2018-11-06 00:00:00+00:00,614.8425115610098,619.8250278621525,607.3687371092957,613.8460083007812,892403,0.0,0.0
2018-11-07 00:00:00+00:00,616.8354239594341,623.810945716649,614.842417743087,618.8284301757812,948953,0.0,0.0
2018-11-08 00:00:00+00:00,623.8108555203538,627.2986158946688,619.3265921819487,622.3161010742188,828088,0.0,0.0
2018-11-09 00:00:00+00:00,618.8284797942896,624.8074989227368,613.8459638539169,623.312744140625,1027269,0.0,0.0
2018-11-12 00:00:00+00:00,626.8005261941461,628.7935326367348,607.3687133789062,607.3687133789062,790792,0.0,0.0
2018-11-13 00:00:00+00:00,606.8704465096022,614.8424720795149,604.877440117124,613.3477172851562,1009498,0.0,0.0
2018-11-14 00:00:00+00:00,613.8457969191384,619.3265629630592,604.8772706654497,617.3335571289062,3835696,0.0,0.0
2018-11-15 00:00:00+00:00,611.8528876040374,621.8179183467741,593.4175807299744,602.3861083984375,1710958,0.0,0.0
2018-11-16 00:00:00+00:00,600.3930843577665,608.8633602366727,589.9298023897059,592.9193115234375,1627292,0.0,0.0
2018-11-19 00:00:00+00:00,596.4070394843288,602.3860574240213,589.4315185546875,589.4315185546875,1415929,0.0,0.0
2018-11-20 00:00:00+00:00,588.9332701534622,592.9192821341964,577.4734857088517,579.4664916992188,874230,0.0,0.0
2018-11-21 00:00:00+00:00,586.9402787718054,586.9402787718054,574.9822425319724,581.957763671875,1673278,0.0,0.0
2018-11-22 00:00:00+00:00,584.4490751042276,588.4350875516564,579.4665595449418,584.9473266601562,1359098,0.0,0.0
2018-11-23 00:00:00+00:00,597.9018267463235,600.3930843577665,590.4280539119944,592.9193115234375,4006078,0.0,0.0
2018-11-26 00:00:00+00:00,592.919350428297,602.3861299729505,592.919350428297,601.8878784179688,1404180,0.0,0.0
2018-11-27 00:00:00+00:00,606.8703939677864,607.3686455227681,598.4001175330964,601.8878784179688,1268820,0.0,0.0
2018-11-28 00:00:00+00:00,597.9019342762062,605.3757084546589,590.9264117096506,598.8984375,1231275,0.0,0.0
2018-11-29 00:00:00+00:00,608.3651014864199,616.835377264691,601.3895802572554,604.3790893554688,1260122,0.0,0.0
2018-11-30 00:00:00+00:00,607.3687188257467,607.3687188257467,593.9159252176293,597.4036865234375,1798623,0.0,0.0
2018-12-03 00:00:00+00:00,604.8773299727696,615.3406116279823,597.4035573619035,600.39306640625,4192158,0.0,0.0
2018-12-04 00:00:00+00:00,600.891429929805,606.3721975328132,596.4071655273438,596.4071655273438,1688778,0.0,0.0
2018-12-05 00:00:00+00:00,587.936903555182,599.3966906583762,581.9578841969937,590.4281616210938,1336695,0.0,0.0
2018-12-06 00:00:00+00:00,585.9437379009956,585.9437379009956,561.0311640106471,563.024169921875,2271880,0.0,0.0
2018-12-07 00:00:00+00:00,561.0313776531236,576.4771793469486,561.0313776531236,566.5121459960938,3485293,0.0,0.0
2018-12-10 00:00:00+00:00,558.5399564855239,568.0067354090073,542.09765625,542.09765625,2091788,0.0,0.0
2018-12-11 00:00:00+00:00,536.1186625439941,555.5504728034883,535.6204109988789,548.574951171875,4143424,0.0,0.0
2018-12-12 00:00:00+00:00,561.5295710824656,574.9823647108832,546.0837709905788,573.4876098632812,2299417,0.0,0.0
2018-12-13 00:00:00+00:00,573.4875263176384,588.0364470527857,564.4193725585938,564.4193725585938,1158243,0.0,0.0
2018-12-14 00:00:00+00:00,556.5469432857865,565.5154705723972,556.5469432857865,562.0277099609375,1084324,0.0,0.0
2018-12-17 00:00:00+00:00,556.5469772105163,561.3301798905952,541.8983695851251,549.6710815429688,1360195,0.0,0.0
2018-12-18 00:00:00+00:00,538.1116580447635,553.2585168799973,538.1116580447635,553.0592041015625,1854840,0.0,0.0
2018-12-19 00:00:00+00:00,551.9630394697534,560.6325669664283,550.1692854011977,559.5364379882812,3215057,0.0,0.0
2018-12-20 00:00:00+00:00,550.4683586856428,561.6291451926327,548.1763528070085,557.2445678710938,2423596,0.0,0.0
2018-12-21 00:00:00+00:00,555.5505834014205,562.625732421875,550.8670057805953,562.625732421875,8288082,0.0,0.0
2018-12-24 00:00:00+00:00,551.7638181864072,556.8459600320213,550.2690634292588,553.4578857421875,353759,0.0,0.0
2018-12-27 00:00:00+00:00,555.9491436707682,561.4299111136459,551.265566600691,553.4578857421875,1335023,0.0,0.0
2018-12-28 00:00:00+00:00,556.9456070624216,566.5120124962015,553.8564109585909,566.2130737304688,1066821,0.0,0.0
2018-12-31 00:00:00+00:00,569.8004601485109,569.8004601485109,559.7358031719185,561.4298706054688,124587,0.0,0.0
2019-01-02 00:00:00+00:00,552.9595707981516,566.0137365194727,547.8773687131315,564.5189819335938,1395291,0.0,0.0
2019-01-03 00:00:00+00:00,557.8425218578308,566.6117385241292,556.048828125,556.048828125,659588,0.0,0.0
2019-01-04 00:00:00+00:00,563.0241251511882,571.7933382989357,559.7356778234964,570.298583984375,881577,0.0,0.0
2019-01-07 00:00:00+00:00,575.4806510751521,577.7725964821868,565.415992155605,569.6012573242188,1167585,0.0,0.0
2019-01-08 00:00:00+00:00,567.309208175373,592.4210987036046,566.810956620534,583.8511962890625,1557595,0.0,0.0
2019-01-09 00:00:00+00:00,587.936803355602,602.4857236523239,586.7409875234163,598.4000854492188,2188098,0.0,0.0
2019-01-10 00:00:00+00:00,598.7987534924116,606.3721529308118,592.221796359536,605.8739013671875,1104509,0.0,0.0
2019-01-11 00:00:00+00:00,603.9805060379538,612.5504692116557,601.0906835340177,607.0697021484375,1543212,0.0,0.0
2019-01-14 00:00:00+00:00,605.5749195191905,606.870361328125,597.8022078438639,606.870361328125,1097763,0.0,0.0
2019-01-15 00:00:00+00:00,605.6746291689922,611.653648333191,599.1973584077768,607.4683227539062,1298208,0.0,0.0
2019-01-16 00:00:00+00:00,612.0522549566874,614.9420776367188,606.2725487748986,614.9420776367188,862471,0.0,0.0
2019-01-17 00:00:00+00:00,613.3477461471556,621.5190849051763,609.9596107918176,619.4263916015625,1291762,0.0,0.0
2019-01-18 00:00:00+00:00,622.8144212000831,640.3528509723891,620.3231635152828,632.5801391601562,4301848,0.0,0.0
2019-01-21 00:00:00+00:00,635.7690148135121,642.0469725446608,627.7969895493928,630.7864990234375,1524343,0.0,0.0
2019-01-22 00:00:00+00:00,632.6798254218958,633.9752672525448,625.7043039103941,627.7969360351562,654103,0.0,0.0
2019-01-23 00:00:00+00:00,627.9962790805463,630.0889113061634,622.2165731425204,625.4053344726562,913892,0.0,0.0
2019-01-24 00:00:00+00:00,626.9000015733877,643.6413003263804,626.102811352225,638.45947265625,1294850,0.0,0.0
2019-01-25 00:00:00+00:00,643.9403443660578,648.2252957245654,635.6693804281524,642.2462768554688,795113,0.0,0.0
2019-01-28 00:00:00+00:00,643.143166560698,645.6344244714201,631.0854417797674,638.858154296875,1081494,0.0,0.0
2019-01-29 00:00:00+00:00,634.772513221099,643.043477288677,633.8756360479831,636.6658935546875,980102,0.0,0.0
2019-01-30 00:00:00+00:00,634.2742844092057,643.043500371806,631.5837136150018,632.4805908203125,909591,0.0,0.0
2019-01-31 00:00:00+00:00,640.2532249936854,640.6518505519418,631.3843233071079,632.5801391601562,2105471,0.0,0.0
2019-02-01 00:00:00+00:00,636.7654129172726,637.3632903847526,627.996198737841,631.7828979492188,2098583,0.0,0.0
2019-02-04 00:00:00+00:00,633.6764209324966,636.5662437729248,628.0959664162142,630.1886596679688,920930,0.0,0.0
2019-02-05 00:00:00+00:00,627.6973913600639,636.7655461708954,627.1991397589912,635.76904296875,998766,0.0,0.0
2019-02-06 00:00:00+00:00,633.1781413270296,644.3389282226562,633.0784545165559,644.3389282226562,995949,0.0,0.0
2019-02-07 00:00:00+00:00,638.0609702832085,641.449105404218,634.1746443968202,634.7725219726562,1157498,0.0,0.0
2019-02-08 00:00:00+00:00,632.0818719402239,635.0713810878098,627.8965469692599,628.9927368164062,1253976,0.0,0.0
2019-02-11 00:00:00+00:00,634.8721873651649,637.4631322719595,630.8861744209247,635.2708129882812,1148807,0.0,0.0
2019-02-12 00:00:00+00:00,639.3564111501047,645.036491397725,637.06446601769,643.2427978515625,1303477,0.0,0.0
2019-02-13 00:00:00+00:00,645.733958796603,658.1902465820312,643.0433884706069,658.1902465820312,1157279,0.0,0.0
2019-02-14 00:00:00+00:00,653.7060596666155,660.5819556594817,650.816176232692,653.3074340820312,988389,0.0,0.0
2019-02-15 00:00:00+00:00,653.407068490059,666.2619214687393,647.8266148620202,659.8843383789062,936047,0.0,0.0
2019-02-18 00:00:00+00:00,663.1728731772057,666.959573136186,656.3966636471787,662.6746215820312,663872,0.0,0.0
2019-02-19 00:00:00+00:00,656.6956210996736,674.333740234375,656.6956210996736,674.333740234375,1141141,0.0,0.0
2019-02-20 00:00:00+00:00,676.3267324721061,686.1920776367188,673.2375360660677,686.1920776367188,1063099,0.0,0.0
2019-02-21 00:00:00+00:00,684.3982681767345,694.662237211449,682.1063233742982,690.5765991210938,1605653,0.0,0.0
2019-02-22 00:00:00+00:00,690.5766027832032,701.0398846435546,690.5766027832032,697.5521240234375,1156254,0.0,0.0
2019-02-25 00:00:00+00:00,702.3354275383695,702.3354275383695,690.8756409938444,693.2672729492188,1676318,0.0,0.0
2019-02-26 00:00:00+00:00,695.7583913009472,698.0503359856649,691.8720053586366,697.0538330078125,843072,0.0,0.0
2019-02-27 00:00:00+00:00,691.7725052349297,698.2497757692984,685.0959219043889,687.0889282226562,1574782,0.0,0.0
2019-02-28 00:00:00+00:00,688.8825780594127,697.5521671584406,682.205995152266,696.5556640625,1599931,0.0,0.0
2019-03-01 00:00:00+00:00,701.0398846435546,703.9297677717677,693.5661118861607,697.5521240234375,1909743,0.0,0.0
2019-03-04 00:00:00+00:00,701.7374740486881,705.0259220152988,700.3423454220191,704.0294189453125,1190619,0.0,0.0
2019-03-05 00:00:00+00:00,702.5347518505703,732.6291604771673,702.5347518505703,722.2655029296875,4624558,0.0,0.0
2019-03-06 00:00:00+00:00,720.1727734515897,723.5608473617356,705.7234790850958,707.0189208984375,2119472,0.0,0.0
2019-03-07 00:00:00+00:00,709.80909918122,716.8843072179172,692.370296080634,697.5521240234375,2151826,0.0,0.0
2019-03-08 00:00:00+00:00,697.8511812365535,697.8511812365535,682.604694387571,689.4805908203125,1922001,0.0,0.0
2019-03-11 00:00:00+00:00,694.9612548326166,697.2531996945977,689.4804880305352,691.5731201171875,1708155,0.0,0.0
2019-03-12 00:00:00+00:00,696.0574836230597,696.0574836230597,684.1990712412339,686.1920776367188,1668883,0.0,0.0
2019-03-13 00:00:00+00:00,682.6046475051437,688.4840403305931,681.8074571614534,687.1885375976562,2010737,0.0,0.0
2019-03-14 00:00:00+00:00,689.480573037982,696.2567824825732,684.0994315492533,693.2672729492188,1932218,0.0,0.0
2019-03-15 00:00:00+00:00,696.2566822431662,700.1430075839801,688.4839707398202,697.5521240234375,12146948,0.0,0.0
2019-03-18 00:00:00+00:00,699.7446385607402,709.2114200343457,693.0680541992188,693.0680541992188,2698406,0.0,0.0
2019-03-19 00:00:00+00:00,697.0539956569362,703.730579330791,693.9648600334671,698.6483764648438,2238046,0.0,0.0
2019-03-20 00:00:00+00:00,701.1395106182993,707.0189028494699,697.5521240234375,697.5521240234375,2556265,0.0,0.0
2019-03-21 00:00:00+00:00,690.5085531353895,693.0006440151607,669.6746490436782,675.3566284179688,4063365,23.4,0.0
2019-03-22 00:00:00+00:00,678.4467476845057,678.4467476845057,659.7062377929688,659.7062377929688,1350752,0.0,0.0
2019-03-25 00:00:00+00:00,660.3044146788208,661.2015308778527,652.9278014402287,653.52587890625,1761914,0.0,0.0
2019-03-26 00:00:00+00:00,658.4103512067265,658.4103512067265,649.3391655572038,653.6255493164062,1531332,0.0,0.0
2019-03-27 00:00:00+00:00,661.9989411861152,663.0954975860571,655.7188848666566,662.8961181640625,1466237,0.0,0.0
2019-03-28 00:00:00+00:00,664.1919941683959,668.4783779586342,661.4008647823379,663.9926147460938,1167670,0.0,0.0
2019-03-29 00:00:00+00:00,669.3756103065182,677.8487192977399,667.5813170414955,675.3566284179688,1840887,0.0,0.0
2019-04-01 00:00:00+01:00,677.8486938476562,680.8392027911018,669.2759258799364,677.8486938476562,2174053,0.0,0.0
2019-04-02 00:00:00+01:00,680.440446228081,689.810731952702,677.5496574115501,686.0227661132812,2141869,0.0,0.0
2019-04-03 00:00:00+01:00,690.7078839074326,696.7885608888092,687.7173750624163,694.495849609375,2371793,0.0,0.0
2019-04-04 00:00:00+01:00,695.2933713955,701.7728078314437,692.5022417145832,698.8819580078125,1551932,0.0,0.0
2019-04-05 00:00:00+01:00,698.8819580078125,701.9721872748087,694.6952939074692,698.8819580078125,1187847,0.0,0.0
2019-04-08 00:00:00+01:00,697.5860390963833,700.9753068946253,691.0069437728077,693.5986938476562,1809360,0.0,0.0
2019-04-09 00:00:00+01:00,692.8012593587239,701.972165895626,687.8170776367188,687.8170776367188,1431736,0.0,0.0
2019-04-10 00:00:00+01:00,689.4119162058038,694.3960973838158,686.3217482122585,690.4087524414062,964034,0.0,0.0
2019-04-11 00:00:00+01:00,692.9008111940119,702.1714364328054,690.0100227488199,702.0717163085938,928278,0.0,0.0
2019-04-12 00:00:00+01:00,703.8661429951565,705.9595358966521,700.5765951123082,702.1715698242188,922539,0.0,0.0
2019-04-15 00:00:00+01:00,701.8724397577835,706.2585439724894,701.3740215898424,705.1620483398438,793421,0.0,0.0
2019-04-16 00:00:00+01:00,707.3550536682006,714.5322875976562,704.7633034802046,714.5322875976562,867866,0.0,0.0
2019-04-17 00:00:00+01:00,717.6224040489965,718.7188995311549,714.3327959184153,718.4198608398438,1241403,0.0,0.0
2019-04-18 00:00:00+01:00,716.8249243748529,716.8249243748529,710.7442475753368,712.239501953125,931582,0.0,0.0
2019-04-23 00:00:00+01:00,710.6446236611963,717.7221370648734,706.8565970419286,708.7506103515625,1336856,0.0,0.0
2019-04-24 00:00:00+01:00,707.75390625,708.9501222036255,704.6637374750326,707.75390625,916493,0.0,0.0
2019-04-25 00:00:00+01:00,710.9436602022196,710.9436602022196,703.1683492429481,706.5575561523438,830745,0.0,0.0
2019-04-26 00:00:00+01:00,710.2459381669828,710.2459381669828,705.7601743469809,709.9468994140625,1137704,0.0,0.0
2019-04-29 00:00:00+01:00,714.1336026708806,717.6225299798828,708.4516231706642,716.8250122070312,597609,0.0,0.0
2019-04-30 00:00:00+01:00,717.7221426254325,725.1984149444474,715.3297111465238,720.2142333984375,2679822,0.0,0.0
2019-05-01 00:00:00+01:00,726.0955633520532,726.0955633520532,708.5512084960938,708.5512084960938,1623587,0.0,0.0
2019-05-02 00:00:00+01:00,702.2711944363025,708.4515918502861,698.4832285509774,700.7759399414062,3623567,0.0,0.0
2019-05-03 00:00:00+01:00,700.7759237575997,704.264850831784,696.8882378238275,701.1746826171875,1371066,0.0,0.0
2019-05-07 00:00:00+01:00,698.3835102932098,698.3835102932098,679.2443013806518,685.0259399414062,1710326,0.0,0.0
2019-05-08 00:00:00+01:00,678.9451783216123,684.9261961104107,676.652467004318,677.7490234375,1616774,0.0,0.0
2019-05-09 00:00:00+01:00,679.443542242049,679.443542242049,667.2821890491107,668.5780639648438,1432632,0.0,0.0
2019-05-10 00:00:00+01:00,674.4594848335306,682.0354779892202,674.3598255302193,675.6557006835938,1114862,0.0,0.0
2019-05-13 00:00:00+01:00,676.3534123246516,677.5496280225983,667.1825064298041,667.2822265625,1174318,0.0,0.0
2019-05-14 00:00:00+01:00,671.7680338456481,678.5465087890625,668.3787659529102,678.5465087890625,971624,0.0,0.0
2019-05-15 00:00:00+01:00,679.0449095934465,680.4404439284849,671.1698783722159,677.8486938476562,1833406,0.0,0.0
2019-05-16 00:00:00+01:00,676.7522343605954,695.5924052046713,675.4562984089495,693.3993530273438,1309751,0.0,0.0
2019-05-17 00:00:00+01:00,688.0164642178728,691.5053914595029,683.9293986581541,689.51171875,1012314,0.0,0.0
2019-05-20 00:00:00+01:00,691.2063103322323,691.2063103322323,674.9578300725956,680.4404296875,1181858,0.0,0.0
2019-05-21 00:00:00+01:00,682.7332772419574,688.1161573167847,681.3376819399285,683.8297729492188,632229,0.0,0.0
2019-05-22 00:00:00+01:00,688.2158758461587,688.2158758461587,674.8582437309068,675.6557006835938,830420,0.0,0.0
2019-05-23 00:00:00+01:00,673.8613645786111,675.2569597888233,655.8186511952096,659.5068969726562,1460007,0.0,0.0
2019-05-24 00:00:00+01:00,662.3978213723832,668.8772583007812,662.3978213723832,668.8772583007812,991390,0.0,0.0
2019-05-28 00:00:00+01:00,670.5718179883866,672.5654906680951,658.9088206436792,660.6034545898438,1356113,0.0,0.0
2019-05-29 00:00:00+01:00,657.2141702251879,659.2078428549273,650.9341136099208,655.0211181640625,1171855,0.0,0.0
2019-05-30 00:00:00+01:00,655.8186110006044,670.0733575938466,655.8186110006044,663.4942016601562,1368676,0.0,0.0
2019-05-31 00:00:00+01:00,664.9894614999458,673.3629106321954,655.1208187819999,668.976806640625,1290789,0.0,0.0
2019-06-03 00:00:00+01:00,669.4752131954843,669.4752131954843,658.6097343804356,662.8961181640625,1014554,0.0,0.0
2019-06-04 00:00:00+01:00,665.886731274467,674.2601815734278,658.4104580939902,674.1604614257812,1209283,0.0,0.0
2019-06-05 00:00:00+01:00,675.9546153930552,691.5052969060832,674.55908119246,684.3280639648438,1813007,0.0,0.0
2019-06-06 00:00:00+01:00,683.9294727121934,693.5987985686637,683.2317358619684,685.823486328125,903134,0.0,0.0
2019-06-07 00:00:00+01:00,690.109831706614,695.3930524900103,686.3218655322205,692.0038452148438,1208235,0.0,0.0
2019-06-10 00:00:00+01:00,698.8819934095185,701.8725026852837,695.3930659211256,701.3740844726562,1315753,0.0,0.0
2019-06-11 00:00:00+01:00,704.0654448336279,705.9594580821087,697.4863497931134,702.5701904296875,1522018,0.0,0.0
2019-06-12 00:00:00+01:00,702.0718414543842,706.7569845499971,697.9848366845029,699.38037109375,838920,0.0,0.0
2019-06-13 00:00:00+01:00,698.8820319405146,701.9722615344172,693.5988107637997,694.0972290039062,854557,0.0,0.0
2019-06-14 00:00:00+01:00,693.79812053696,693.9974999813892,682.8329203560597,684.228515625,1600466,0.0,0.0
2019-06-17 00:00:00+01:00,686.7206065752046,689.7111157154501,684.228515625,684.228515625,1217987,0.0,0.0
2019-06-18 00:00:00+01:00,687.218938649888,687.218938649888,668.2790498016892,681.8359985351562,2096989,0.0,0.0
2019-06-19 00:00:00+01:00,679.2443022617508,686.0227771639131,678.3471252244091,680.1414184570312,1421387,0.0,0.0
2019-06-20 00:00:00+01:00,680.9388723792168,686.5211923299371,680.8392130830863,682.8328857421875,939038,0.0,0.0
2019-06-21 00:00:00+01:00,682.8329820667614,688.2159233425097,681.0386885888685,685.3250732421875,3938980,0.0,0.0
2019-06-24 00:00:00+01:00,681.7364408382413,686.9199414639123,679.0449703797948,683.8297729492188,911939,0.0,0.0
2019-06-25 00:00:00+01:00,677.9483785072451,687.3186645507812,677.0512622958826,687.3186645507812,891839,0.0,0.0
2019-06-26 00:00:00+01:00,683.0322952669061,697.9848408688871,683.0322952669061,697.7854614257812,1817697,0.0,0.0
2019-06-27 00:00:00+01:00,695.9912006892649,705.1621079226909,693.8978077017938,696.988037109375,1419476,0.0,0.0
2019-06-28 00:00:00+01:00,694.994241462256,707.3549743822142,694.994241462256,706.7568969726562,869043,0.0,0.0
2019-07-01 00:00:00+01:00,710.6445742912606,716.2268328549083,710.3454747479484,714.8312377929688,858823,0.0,0.0
2019-07-02 00:00:00+01:00,719.7158620284586,719.8155213290331,713.7348437844548,716.8250122070312,988021,0.0,0.0
2019-07-03 00:00:00+01:00,721.7095450624079,723.005420198665,714.3329314528447,715.8281860351562,1356109,0.0,0.0
2019-07-04 00:00:00+01:00,715.0306551738303,721.7094704527856,715.0306551738303,719.5164184570312,1059078,0.0,0.0
2019-07-05 00:00:00+01:00,720.7127006115888,720.7127006115888,712.7380095951397,713.0370483398438,791701,0.0,0.0
2019-07-08 00:00:00+01:00,708.4515869778085,716.7253162909187,707.7537893832438,713.2363891601562,743109,0.0,0.0
2019-07-09 00:00:00+01:00,716.0275085196523,716.9246855344927,710.7442882508559,714.2332153320312,666182,0.0,0.0
2019-07-10 00:00:00+01:00,715.2300277472425,717.9214978597901,706.1588419760518,706.956298828125,833258,0.0,0.0
2019-07-11 00:00:00+01:00,710.3455946409138,710.3455946409138,704.563955686578,706.6573486328125,1078748,0.0,0.0
2019-07-12 00:00:00+01:00,710.7442251794846,715.329647456724,700.2774448647798,712.0401000976562,794511,0.0,0.0
2019-07-15 00:00:00+01:00,712.6383472063416,720.3139386027636,710.1462562744996,715.728515625,852081,0.0,0.0
2019-07-16 00:00:00+01:00,717.0243458099362,717.0243458099362,707.9531597232888,715.3297119140625,1153503,0.0,0.0
2019-07-17 00:00:00+01:00,714.2332437985131,717.921550456883,706.8566304817733,709.0496826171875,1221256,0.0,0.0
2019-07-18 00:00:00+01:00,708.7505577431665,712.0401051254622,704.464174133384,711.5416870117188,904001,0.0,0.0
2019-07-19 00:00:00+01:00,716.1272337412846,721.1114153212154,708.1525432133953,713.7348022460938,954316,0.0,0.0
2019-07-22 00:00:00+01:00,710.2458963223394,716.7253325694905,707.8534647557972,712.837646484375,1081795,0.0,0.0
2019-07-23 00:00:00+01:00,717.6225678056696,719.1178224454852,708.6510399667759,715.5291748046875,757043,0.0,0.0
2019-07-24 00:00:00+01:00,718.6193674555017,722.6067129576167,711.7411721275276,717.9215698242188,898504,0.0,0.0
2019-07-25 00:00:00+01:00,722.0085614745861,722.0085614745861,705.4611022790714,709.6478271484375,915716,0.0,0.0
2019-07-26 00:00:00+01:00,711.840737480066,711.840737480066,700.8755387964281,706.7568969726562,580340,0.0,0.0
2019-07-29 00:00:00+01:00,703.5670453767963,713.0369901864866,699.0314523995143,710.3455200195312,884827,0.0,0.0
2019-07-30 00:00:00+01:00,708.8502898770219,709.5480874763857,700.7759399414062,700.7759399414062,917999,0.0,0.0
2019-07-31 00:00:00+01:00,697.386698498098,701.3740439688523,691.3060209920232,693.3993530273438,914171,0.0,0.0
2019-08-01 00:00:00+01:00,695.3929870411714,701.8724230703529,686.6208396623839,693.5986938476562,963822,0.0,0.0
2019-08-02 00:00:00+01:00,686.0227719332934,686.0227719332934,670.9705069008122,674.6588134765625,1977555,0.0,0.0
2019-08-05 00:00:00+01:00,668.7775008004801,668.8771600940727,653.3265380859375,653.3265380859375,2122459,0.0,0.0
2019-08-06 00:00:00+01:00,647.9435382503094,661.699865817059,647.9435382503094,654.4229736328125,3202190,0.0,0.0
2019-08-07 00:00:00+01:00,660.5037724389974,679.4436639855423,660.5037724389974,672.3661499023438,1886198,0.0,0.0
2019-08-08 00:00:00+01:00,667.7806719250784,695.791748046875,667.7806719250784,695.791748046875,2051758,0.0,0.0
2019-08-09 00:00:00+01:00,693.2996306730608,695.592341941814,686.9198541632577,691.206298828125,1853114,0.0,0.0
2019-08-12 00:00:00+01:00,694.0972176183732,697.0877270099578,682.4342188227794,686.9199829101562,1573568,0.0,0.0
2019-08-13 00:00:00+01:00,685.4246157935537,691.4056335957384,675.655632218397,690.8075561523438,1565343,0.0,0.0
2019-08-14 00:00:00+01:00,693.399354592026,693.399354592026,673.5623473354985,676.5528564453125,1777750,0.0,0.0
2019-08-15 00:00:00+01:00,657.1416856405701,660.1332259393891,636.7991872633838,639.1924438476562,2081435,23.4,0.0
2019-08-16 00:00:00+01:00,653.0533165255239,654.7484741210938,644.3778368892273,654.7484741210938,1636176,0.0,0.0
2019-08-19 00:00:00+01:00,660.9309577185611,672.69767071903,660.0145428774438,669.9055786132812,2073210,0.0,0.0
2019-08-20 00:00:00+01:00,673.096549935735,673.096549935735,656.5433850529024,657.6402587890625,1382145,0.0,0.0
2019-08-21 00:00:00+01:00,661.4295795491456,663.5735412111163,641.6854248046875,641.6854248046875,2286399,0.0,0.0
2019-08-22 00:00:00+01:00,638.9929538975314,641.48091321442,629.5277166284735,637.7963256835938,3009101,0.0,0.0
2019-08-23 00:00:00+01:00,643.1811222147937,646.9703941730637,637.5969383671368,637.7963256835938,1204409,0.0,0.0
2019-08-27 00:00:00+01:00,637.596969700275,638.6938434468483,629.7192226958387,632.41162109375,1617236,0.0,0.0
2019-08-28 00:00:00+01:00,628.2234294753334,635.3033834622997,624.633605652119,632.5112915039062,1609043,0.0,0.0
2019-08-29 00:00:00+01:00,635.2036743164062,636.4999961730157,628.3231078161152,635.2036743164062,1175841,0.0,0.0
2019-08-30 00:00:00+01:00,634.4059439785087,661.9350875684361,634.4059439785087,645.1754760742188,1675924,0.0,0.0
2019-09-02 00:00:00+01:00,643.3805642021068,653.1588808507579,642.283629656955,645.1754760742188,1823022,0.0,0.0
2019-09-03 00:00:00+01:00,649.2638858858293,649.2638858858293,634.4059401237528,636.0014038085938,1003105,0.0,0.0
2019-09-04 00:00:00+01:00,628.3231085684395,648.8650535738379,626.0296066866091,640.1895751953125,1079209,0.0,0.0
2019-09-05 00:00:00+01:00,646.3721531196022,646.3721531196022,641.5857008112704,644.1783447265625,1424414,0.0,0.0
2019-09-06 00:00:00+01:00,644.1783996159805,648.6657104492188,643.480361313756,648.6657104492188,922598,0.0,0.0
2019-09-09 00:00:00+01:00,649.3636908614214,679.5882171447405,649.3636908614214,657.8397216796875,1141835,0.0,0.0
2019-09-10 00:00:00+01:00,658.1388615379649,670.8030608947131,654.4492830203708,663.6233520507812,1262418,0.0,0.0
2019-09-11 00:00:00+01:00,668.8086837222073,681.4728827573173,668.8086837222073,677.0852661132812,1034207,0.0,0.0
2019-09-12 00:00:00+01:00,685.2622326285879,686.0499830609642,673.79466054587,679.3788452148438,1375907,0.0,0.0
2019-09-13 00:00:00+01:00,679.0796535293357,702.5133860666916,679.0796535293357,701.1173095703125,1094834,0.0,0.0
2019-09-16 00:00:00+01:00,695.5331860511195,698.7241748479065,687.3562962790556,691.1455688476562,842023,0.0,0.0
2019-09-17 00:00:00+01:00,684.1652420762881,688.8520007176055,681.373149969666,687.755126953125,731741,0.0,0.0
2019-09-18 00:00:00+01:00,682.7692188559006,690.4475177109414,682.3703224752326,685.1624145507812,733309,0.0,0.0
2019-09-19 00:00:00+01:00,687.9546532123079,695.1343020546161,682.9687521478994,687.1568603515625,837805,0.0,0.0
2019-09-20 00:00:00+01:00,680.675115408508,694.9348396021339,680.675115408508,689.0514526367188,2438681,0.0,0.0
2019-09-23 00:00:00+01:00,694.1369710556068,694.1369710556068,672.6976011358859,678.0823974609375,2311563,0.0,0.0
2019-09-24 00:00:00+01:00,682.8688991844089,682.8688991844089,672.4982629830266,674.1934204101562,849985,0.0,0.0
2019-09-25 00:00:00+01:00,671.70047023727,674.5923167830347,660.3326539667332,674.1934204101562,810651,0.0,0.0
2019-09-26 00:00:00+01:00,677.4842285475214,686.0599536225849,672.6678313081981,680.4757690429688,819716,0.0,0.0
2019-09-27 00:00:00+01:00,683.666652401724,692.7410278320312,680.276276578623,692.7410278320312,688997,0.0,0.0
2019-09-30 00:00:00+01:00,686.6582483112686,696.2312145669748,686.6582483112686,689.3506469726562,944948,0.0,0.0
2019-10-01 00:00:00+01:00,695.8322411678679,697.6271531225352,683.7803242939965,684.1652221679688,817320,0.0,0.0
2019-10-02 00:00:00+01:00,676.4869603638493,684.0655042877104,658.5377197265625,658.5377197265625,1002096,0.0,0.0
2019-10-03 00:00:00+01:00,653.1529031054796,659.834021309853,647.3692712505881,654.9478149414062,1366267,0.0,0.0
2019-10-04 00:00:00+01:00,654.9478479425857,664.5208129882812,650.757731921739,664.5208129882812,665332,0.0,0.0
2019-10-07 00:00:00+01:00,665.3185513003111,667.2131569053022,656.2441761942639,657.1416625976562,1325537,0.0,0.0
2019-10-08 00:00:00+01:00,663.2244519282165,663.9224901621562,654.2498311396721,662.3270263671875,1261813,0.0,0.0
2019-10-09 00:00:00+01:00,658.2385239660581,664.6205006051571,654.0504164636293,656.1444702148438,908104,0.0,0.0
2019-10-10 00:00:00+01:00,659.2358211311866,668.6093395733336,657.4598373110331,667.7118530273438,688250,0.0,0.0
2019-10-11 00:00:00+01:00,662.8256116686633,702.5133666992188,662.8256116686633,702.5133666992188,2044338,0.0,0.0
2019-10-14 00:00:00+01:00,703.0119706922311,703.0119706922311,668.217360097469,692.7410278320312,851245,0.0,0.0
2019-10-15 00:00:00+01:00,702.1144884713159,723.1550252311941,698.6243580994116,716.872802734375,1181626,0.0,0.0
2019-10-16 00:00:00+01:00,716.97244153321,717.9696215631589,703.9094074860959,709.4935913085938,1147929,0.0,0.0
2019-10-17 00:00:00+01:00,717.9696384906654,736.118327636232,709.194466192832,716.7730102539062,1517505,0.0,0.0
2019-10-18 00:00:00+01:00,707.1003801601037,720.9612078089789,707.1003801601037,712.18603515625,1404683,0.0,0.0
2019-10-21 00:00:00+01:00,715.6762243308127,722.5567310258746,708.4965148925781,712.9838256835938,976547,0.0,0.0
2019-10-22 00:00:00+01:00,716.5736315297596,718.069401754937,710.3911632894634,711.488037109375,827141,0.0,0.0
2019-10-23 00:00:00+01:00,715.8756859873915,715.8756859873915,704.5078074247032,711.0891723632812,1103088,0.0,0.0
2019-10-24 00:00:00+01:00,708.0975339680101,721.958361102346,708.0975339680101,715.9752807617188,956466,0.0,0.0
2019-10-25 00:00:00+01:00,713.0834885105544,718.2688373729271,700.6187368524686,705.5049438476562,768664,0.0,0.0
2019-10-28 00:00:00+00:00,710.790041565759,716.4739809357718,700.7185457892652,709.9923095703125,787974,0.0,0.0
2019-10-29 00:00:00+00:00,711.3883309754908,711.3883309754908,701.6159169851154,705.5049438476562,844611,0.0,0.0
2019-10-30 00:00:00+00:00,701.9150887024297,706.4023991010764,691.6440850995375,698.0260620117188,871810,0.0,0.0
2019-10-31 00:00:00+00:00,700.4193822834686,702.7128845232422,690.6469678359191,702.2142944335938,1107295,0.0,0.0
2019-11-01 00:00:00+00:00,704.7071232324233,716.4738351443011,701.5161350369045,715.0777587890625,1288816,0.0,0.0
2019-11-04 00:00:00+00:00,714.5792554552903,720.1635006905088,711.886917799841,714.180419921875,1195769,0.0,0.0
2019-11-05 00:00:00+00:00,717.9696384906654,718.8671248839948,713.9729452185396,716.7730102539062,1094865,0.0,0.0
2019-11-06 00:00:00+00:00,717.9695935043259,718.5678771536982,710.391049918106,711.1887817382812,1076254,0.0,0.0
2019-11-07 00:00:00+00:00,717.7702978496417,719.5652100421888,712.5400925546586,716.5736694335938,1126164,0.0,0.0
2019-11-08 00:00:00+00:00,709.4936068083822,712.7842888064947,703.1116301320718,706.8012084960938,1021468,0.0,0.0
2019-11-11 00:00:00+00:00,702.5133578524463,712.1860166839172,698.7240857669434,710.6902465820312,969873,0.0,0.0
2019-11-12 00:00:00+00:00,708.79562674932,721.659274817235,706.5021246147816,720.462646484375,886443,0.0,0.0
2019-11-13 00:00:00+00:00,718.867156392814,718.867156392814,704.0091485998104,711.3883056640625,621197,0.0,0.0
2019-11-14 00:00:00+00:00,708.496461271282,712.5848753373416,706.9009974560009,710.5905151367188,558076,0.0,0.0
2019-11-15 00:00:00+00:00,716.1747779903516,719.9640502929688,705.2057966146969,719.9640502929688,1059239,0.0,0.0
2019-11-18 00:00:00+00:00,720.9612904522163,729.0374519837636,716.0750830873341,717.8700561523438,1126752,0.0,0.0
2019-11-19 00:00:00+00:00,723.4541287846913,726.8445653116689,715.0777919904174,716.7730102539062,980217,0.0,0.0
2019-11-20 00:00:00+00:00,718.8671071913044,718.8671071913044,698.2254684201198,704.5076904296875,894050,0.0,0.0
2019-11-21 00:00:00+00:00,697.1285354907952,701.8152938102049,692.2383728949948,698.7240600585938,1354034,0.0,0.0
2019-11-22 00:00:00+00:00,701.9151827094507,712.4852687189127,697.826707280847,709.6931762695312,1058357,0.0,0.0
2019-11-25 00:00:00+00:00,715.4767030336595,720.5622970654068,713.5820365480052,716.9724731445312,655440,0.0,0.0
2019-11-26 00:00:00+00:00,722.3573023480495,726.54541015625,715.9753252430055,726.54541015625,1471845,0.0,0.0
2019-11-27 00:00:00+00:00,732.6282311361828,732.6282311361828,725.8474186334786,731.3319091796875,1341052,0.0,0.0
2019-11-28 00:00:00+00:00,736.3177620760756,746.8878461002357,728.8389118147247,742.3008422851562,1374999,0.0,0.0
2019-11-29 00:00:00+00:00,739.2096582031605,747.0874060017302,737.713887927208,743.3978271484375,1318581,0.0,0.0
2019-12-02 00:00:00+00:00,746.5887442418275,748.0845143741954,735.8192114613872,736.616943359375,1446594,0.0,0.0
2019-12-03 00:00:00+00:00,734.6226043461963,740.7053787145104,721.9584046880376,724.4513549804688,1389804,0.0,0.0
2019-12-04 00:00:00+00:00,723.9527477367504,737.9132690429688,723.9527477367504,737.9132690429688,1769856,0.0,0.0
2019-12-05 00:00:00+00:00,740.5059619234404,742.4006285712587,736.0186512067571,736.9161376953125,948597,0.0,0.0
2019-12-06 00:00:00+00:00,750.0789378813379,756.8597508813145,717.6705822770655,738.7110595703125,4721945,0.0,0.0
2019-12-09 00:00:00+00:00,731.53128614208,737.4146729898529,696.1313931182264,711.6874389648438,3684182,0.0,0.0
2019-12-10 00:00:00+00:00,713.2828461018863,715.0777579400353,698.6242878414345,710.0918579101562,1913727,0.0,0.0
2019-12-11 00:00:00+00:00,712.6845619790325,721.958323855956,704.6073674180703,720.8614501953125,1491455,0.0,0.0
2019-12-12 00:00:00+00:00,717.9697193809353,732.9274218680382,717.9697193809353,725.348876953125,1859885,0.0,0.0
2019-12-13 00:00:00+00:00,740.4062830385631,756.3611659053873,725.8474767678051,727.143798828125,3361757,0.0,0.0
2019-12-16 00:00:00+00:00,733.8248201371665,751.175716418337,731.7307055229122,749.87939453125,3157994,0.0,0.0
2019-12-17 00:00:00+00:00,747.885104042476,754.5662231445312,739.2096246629742,754.5662231445312,1806034,0.0,0.0
2019-12-18 00:00:00+00:00,756.0619573129931,757.7571756406248,748.6828002929688,748.6828002929688,1253684,0.0,0.0
2019-12-19 00:00:00+00:00,750.8766081862407,762.1447310368785,747.4861715331442,756.560546875,2984015,0.0,0.0
2019-12-20 00:00:00+00:00,755.363942268617,758.7543790279778,742.9988844129955,743.5972290039062,2720927,0.0,0.0
2019-12-23 00:00:00+00:00,745.392025950341,749.0816040039062,743.098524196947,749.0816040039062,983196,0.0,0.0
2019-12-24 00:00:00+00:00,750.0789464721216,759.9509937745069,747.5859960124716,753.36962890625,187191,0.0,0.0
2019-12-27 00:00:00+00:00,757.158795914077,766.8314545221398,749.9790874182448,752.771240234375,461299,0.0,0.0
2019-12-30 00:00:00+00:00,748.2840343541717,752.2727550898271,745.6913293581667,748.3837280273438,419358,0.0,0.0
2019-12-31 00:00:00+00:00,745.1927210093937,748.3837096923502,740.8051648254944,746.887939453125,236336,0.0,0.0
2020-01-02 00:00:00+00:00,747.8850336691871,755.4635776651522,743.4047227167546,752.771240234375,705625,0.0,0.0
2020-01-03 00:00:00+00:00,746.4890041590453,750.7769273119012,740.9048199020401,749.6799926757812,829146,0.0,0.0
2020-01-06 00:00:00+00:00,746.8878792896198,746.8878792896198,735.1211665281594,743.9960327148438,1110376,0.0,0.0
2020-01-07 00:00:00+00:00,745.2925193006187,750.4279609056414,744.3950327591718,747.4862670898438,859084,0.0,0.0
2020-01-08 00:00:00+00:00,735.2209350148456,747.4862390641345,735.2209350148456,744.195556640625,601699,0.0,0.0
2020-01-09 00:00:00+00:00,745.890706447658,752.3723770250774,738.3121621177384,741.6028442382812,1745073,0.0,0.0
2020-01-10 00:00:00+00:00,750.0789904341162,750.0789904341162,731.1325658303292,731.9302978515625,863698,0.0,0.0
2020-01-13 00:00:00+00:00,732.7278698401768,747.5958580889801,726.8445442133682,731.8304443359375,2261960,0.0,0.0
2020-01-14 00:00:00+00:00,733.7250643269814,740.1070409548793,730.4343823538316,739.9075927734375,1259401,0.0,0.0
2020-01-15 00:00:00+00:00,741.1042148155824,742.2010885098006,732.9273263490128,739.4089965820312,2041984,0.0,0.0
2020-01-16 00:00:00+00:00,740.9048188698042,740.9048188698042,732.3290943021275,734.7222900390625,908376,0.0,0.0
2020-01-17 00:00:00+00:00,735.0213984524578,742.7994516169399,735.0213984524578,740.90478515625,1346493,0.0,0.0
2020-01-20 00:00:00+00:00,738.1127134917429,743.8963458309568,736.616943359375,736.616943359375,592418,0.0,0.0
2020-01-21 00:00:00+00:00,728.9387337818329,739.3094323149203,724.9759405996239,737.015869140625,865067,0.0,0.0
2020-01-22 00:00:00+00:00,729.7364884915571,746.8880008164273,729.7364884915571,741.902099609375,1793694,0.0,0.0
2020-01-23 00:00:00+00:00,742.7994879013447,755.5633811301568,739.8378313273885,751.7741088867188,2873134,0.0,0.0
2020-01-24 00:00:00+00:00,756.8597594696583,775.6067347516331,756.3611693777812,763.3414306640625,1747135,0.0,0.0
2020-01-27 00:00:00+00:00,758.3555735926474,762.4439882372095,740.7054711470721,741.902099609375,1486108,0.0,0.0
2020-01-28 00:00:00+00:00,743.497392659446,762.2444255769251,742.9988026534074,758.654541015625,1001611,0.0,0.0
2020-01-29 00:00:00+00:00,764.1392428143606,770.2220790913225,759.2530959191226,766.9313354492188,1112278,0.0,0.0
2020-01-30 00:00:00+00:00,763.6405592004238,782.7864305665071,758.7065136850565,765.236083984375,1186623,0.0,0.0
2020-01-31 00:00:00+00:00,772.0168793266123,772.0168793266123,751.4749318511866,755.862548828125,1300782,0.0,0.0
2020-02-03 00:00:00+00:00,760.8484303249858,765.5351890539871,754.6659014184124,762.2445068359375,1156045,0.0,0.0
2020-02-04 00:00:00+00:00,761.2473850898516,773.3132411022559,761.2473850898516,768.0281982421875,1083241,0.0,0.0
2020-02-05 00:00:00+00:00,762.7431037538398,783.0855418339157,762.7431037538398,777.7008056640625,1563531,0.0,0.0
2020-02-06 00:00:00+00:00,787.6725847143032,788.0714202361629,779.1965538709848,779.89453125,1141967,0.0,0.0
2020-02-07 00:00:00+00:00,772.8146011728777,785.5784946712529,772.8146011728777,781.888916015625,1072421,0.0,0.0
2020-02-10 00:00:00+00:00,780.7920616940869,781.7892418495072,773.7121069358215,775.5070190429688,722606,0.0,0.0
2020-02-11 00:00:00+00:00,777.6010371034055,788.0714282516462,776.3047151338511,787.47314453125,898103,0.0,0.0
2020-02-12 00:00:00+00:00,788.1712449357607,794.5531616210938,774.3104159774232,794.5531616210938,1132588,0.0,0.0
2020-02-13 00:00:00+00:00,792.957646297292,795.5502902729044,782.0883586070552,791.3621215820312,1857219,0.0,0.0
2020-02-14 00:00:00+00:00,795.1513655185437,797.6931277036286,789.0685309305463,793.0572509765625,937605,0.0,0.0
2020-02-17 00:00:00+00:00,796.7468354022626,796.7468354022626,789.567127090861,793.5558471679688,673765,0.0,0.0
2020-02-18 00:00:00+00:00,780.3931207577544,793.7553584231606,780.3931207577544,787.7722778320312,624728,0.0,0.0
2020-02-19 00:00:00+00:00,795.8494496807123,801.6331432143396,792.3593191718903,800.7356567382812,1941281,0.0,0.0
2020-02-20 00:00:00+00:00,795.7496663111979,803.7271065749693,790.9632143255428,792.458984375,784969,0.0,0.0
2020-02-21 00:00:00+00:00,787.1739903867023,795.749714848119,782.5869254374212,786.4759521484375,833197,0.0,0.0
2020-02-24 00:00:00+00:00,773.2134339202395,773.3131275798694,754.9649903430097,764.8370971679688,1357415,0.0,0.0
2020-02-25 00:00:00+00:00,766.1334052333042,771.019611727796,745.0929309357177,745.9903564453125,1555446,0.0,0.0
2020-02-26 00:00:00+00:00,738.7109675545104,745.092944208384,725.0495887211822,744.0957641601562,1561537,0.0,0.0
2020-02-27 00:00:00+00:00,741.9019758822056,746.090144370278,707.0006732533384,714.0806274414062,2464899,0.0,0.0
2020-02-28 00:00:00+00:00,694.0373065023545,697.6271302942198,674.293153921016,689.2508544921875,3014136,0.0,0.0
2020-03-02 00:00:00+00:00,700.1202225562851,705.559857810228,678.6808473841126,695.732666015625,2814853,0.0,0.0
2020-03-03 00:00:00+00:00,702.4136551507975,722.1578080689766,702.4136551507975,706.0034790039062,2607708,0.0,0.0
2020-03-04 00:00:00+00:00,709.7928125755117,728.3403997259818,702.0148196441094,710.9894409179688,2242124,0.0,0.0
2020-03-05 00:00:00+00:00,714.1804477729177,716.8937832846798,683.0684143901301,692.5416259765625,2444033,0.0,0.0
2020-03-06 00:00:00+00:00,683.06830921646,692.0429293375521,659.8340270755734,681.971435546875,2998306,0.0,0.0
2020-03-09 00:00:00+00:00,695.5330656821226,695.5330656821226,631.8132379002225,658.8368530273438,3409638,0.0,0.0
2020-03-10 00:00:00+00:00,662.7258264730967,687.9545300321759,651.2582560782569,653.5518188476562,3029978,0.0,0.0
2020-03-11 00:00:00+00:00,661.3298542315254,668.84357950232,635.203723449231,639.1924438476562,3568598,0.0,0.0
2020-03-12 00:00:00+00:00,610.4736655791035,612.8668612863277,558.6203007030209,563.606201171875,4150495,0.0,0.0
2020-03-13 00:00:00+00:00,588.0371040904313,610.2742076542439,557.9222535662573,584.6466674804688,3272991,0.0,0.0
2020-03-16 00:00:00+00:00,542.2664518118396,564.3041655162297,507.1657353663504,543.961669921875,3770294,0.0,0.0
2020-03-17 00:00:00+00:00,569.4895639973756,571.0850887683085,513.2486395932596,551.6400756835938,2333294,0.0,0.0
2020-03-18 00:00:00+00:00,530.8986960356822,547.8507573030337,499.58721734959283,505.370849609375,3711509,0.0,0.0
2020-03-19 00:00:00+00:00,508.56186142405966,508.56186142405966,457.75552211506675,505.27117919921875,3610343,0.0,0.0
2020-03-20 00:00:00+00:00,528.5054905697785,536.9815220223127,492.90614629652543,504.37371826171875,4874659,0.0,0.0
2020-03-23 00:00:00+00:00,491.55995990721834,501.2794535064084,462.2927168475681,466.1318664550781,3764454,0.0,0.0
2020-03-24 00:00:00+00:00,485.02840478813505,555.9279174804688,478.8957531300361,555.9279174804688,3177344,0.0,0.0
2020-03-25 00:00:00+00:00,559.6175620849373,624.0353811544285,550.1443498180679,620.445556640625,3828899,0.0,0.0
2020-03-26 00:00:00+00:00,603.6927993971068,681.7719816192188,598.2013101200777,662.8255615234375,3496052,0.0,0.0
2020-03-27 00:00:00+00:00,658.5377854759583,658.5377854759583,619.1491701448496,656.9422607421875,2745397,0.0,0.0
2020-03-30 00:00:00+01:00,661.9280910505454,663.1247192579042,602.1970438337094,604.9891357421875,2694591,0.0,0.0
2020-03-31 00:00:00+01:00,610.6730995022316,655.8104091362325,602.8352178924107,624.8330078125,3484272,0.0,0.0
2020-04-01 00:00:00+01:00,593.9204202653306,608.8781211873558,582.7520522673178,595.7153930664062,2050269,0.0,0.0
2020-04-02 00:00:00+01:00,574.8002953762641,588.766286290503,562.0314015749092,574.6007690429688,1553721,23.4,0.0
2020-04-03 00:00:00+01:00,572.6057004808015,572.6057004808015,529.1116333007812,529.1116333007812,1714290,0.0,0.0
2020-04-06 00:00:00+01:00,545.2721900463306,570.6105134237501,540.8829149367442,542.47900390625,2441527,0.0,0.0
2020-04-07 00:00:00+01:00,559.2382265918219,602.605649075618,559.2382265918219,568.6154174804688,3815019,0.0,0.0
2020-04-08 00:00:00+01:00,558.0412340534015,570.6106041251746,545.5017594500267,565.0242309570312,2325218,0.0,0.0
2020-04-09 00:00:00+01:00,565.0241304736835,613.1069947495744,565.0241304736835,598.1434326171875,3167125,0.0,0.0
2020-04-14 00:00:00+01:00,611.1118558779934,612.7080057114212,573.7159192865951,587.96826171875,1859472,0.0,0.0
2020-04-15 00:00:00+01:00,580.5862137365101,588.29345899689,555.2478907066553,558.0411376953125,2112086,0.0,0.0
2020-04-16 00:00:00+01:00,556.6445068359375,566.62021484375,539.486276885122,543.6760864257812,2714723,0.0,0.0
2020-04-17 00:00:00+01:00,556.8441319265875,567.2188335624726,545.6713247990263,550.6591796875,2237075,0.0,0.0
2020-04-20 00:00:00+01:00,558.8392638121516,576.6847878170965,546.6688859261958,551.4572143554688,1307268,0.0,0.0
2020-04-21 00:00:00+01:00,543.6761595570307,574.8003849053815,530.4633373943442,562.4304809570312,1734212,0.0,0.0
2020-04-22 00:00:00+01:00,575.9973769275256,577.8578366392923,552.6541969610583,555.846435546875,1082023,0.0,0.0
2020-04-23 00:00:00+01:00,561.2333371447894,568.4158594586712,549.3662381826836,566.22119140625,1259964,0.0,0.0
2020-04-24 00:00:00+01:00,566.2211046394123,566.2211046394123,543.8755575044013,553.252685546875,1404382,0.0,0.0
2020-04-27 00:00:00+01:00,563.6276333339874,573.6033436584828,559.238296436448,567.8174438476562,1426654,0.0,0.0
2020-04-28 00:00:00+01:00,569.2138468768768,609.9147822780275,569.2138468768768,600.9366455078125,2982432,0.0,0.0
2020-04-29 00:00:00+01:00,604.328463048066,631.4624047832735,600.4848558272548,631.2628784179688,1616553,0.0,0.0
2020-04-30 00:00:00+01:00,638.4452995008319,638.4452995008319,592.3575172657379,599.5400390625,1920313,0.0,0.0
2020-05-01 00:00:00+01:00,584.9755927911516,603.5303869440963,570.8090389339029,589.3648681640625,1017015,0.0,0.0
2020-05-04 00:00:00+01:00,588.3673391077801,588.3673391077801,571.2091064453125,571.2091064453125,911674,0.0,0.0
2020-05-05 00:00:00+01:00,572.0072119215802,585.9831299042638,570.2115354868772,571.2091064453125,1106515,0.0,0.0
2020-05-06 00:00:00+01:00,577.7930248946792,581.1847291139933,567.1538932464238,568.21630859375,1516377,0.0,0.0
2020-05-07 00:00:00+01:00,568.6154093700555,607.5206742216909,560.5001604084586,603.929443359375,2923499,0.0,0.0
2020-05-11 00:00:00+01:00,618.2943420707859,619.6909654832164,588.873006776044,590.7614135742188,1262149,0.0,0.0
2020-05-12 00:00:00+01:00,588.9658783192253,609.5158143162084,585.9731656466416,594.1531982421875,1324226,0.0,0.0
2020-05-13 00:00:00+01:00,582.9804371034285,605.7869017023363,575.5983883572608,580.5862426757812,1524067,0.0,0.0
2020-05-14 00:00:00+01:00,568.4159109320715,576.6358857574227,549.6615893880441,567.0193481445312,1439730,0.0,0.0
2020-05-15 00:00:00+01:00,565.4231730769351,584.3071828785954,565.0241812496834,574.0023193359375,1610562,0.0,0.0
2020-05-18 00:00:00+01:00,576.1968984355628,598.3429834764197,575.9974329751358,596.1483154296875,1463332,0.0,0.0
2020-05-19 00:00:00+01:00,608.5182287098119,611.3114149592978,578.7906290584161,590.3624267578125,1168366,0.0,0.0
2020-05-20 00:00:00+01:00,583.5789765639277,592.5571146649111,574.4013121055431,588.766357421875,763748,0.0,0.0
2020-05-21 00:00:00+01:00,589.96336914721,594.1531176107277,577.3939410959961,590.7614135742188,1876982,0.0,0.0
2020-05-22 00:00:00+01:00,583.5789887825631,599.5401235184964,576.3964659740137,587.768798828125,1312451,0.0,0.0
2020-05-26 00:00:00+01:00,617.0973334186792,625.2774269632458,596.9464499797583,623.4818115234375,1729561,0.0,0.0
2020-05-27 00:00:00+01:00,630.6643205890708,650.6157381281943,625.7761989372278,639.4429321289062,2750482,0.0,0.0
2020-05-28 00:00:00+01:00,648.420985644106,656.9572053467552,632.858906343402,636.2506103515625,1144039,0.0,0.0
2020-05-29 00:00:00+01:00,631.6619536480143,636.0512294065734,612.9076314924065,614.7032470703125,1692293,0.0,0.0
2020-06-01 00:00:00+01:00,615.9002775931957,628.8686988631985,615.9002775931957,625.077880859375,983844,0.0,0.0
2020-06-02 00:00:00+01:00,635.8516551384547,652.0122534617259,632.0608373718702,648.2214965820312,1022143,0.0,0.0
2020-06-03 00:00:00+01:00,659.5938661552274,675.5549999477948,657.0001453817991,674.9564208984375,1321791,0.0,0.0
2020-06-04 00:00:00+01:00,678.1486627488819,685.1316588131417,660.5914398563575,669.7691040039062,1974125,0.0,0.0
2020-06-05 00:00:00+01:00,680.1438100041728,694.3093285983572,677.6478735506072,694.1098022460938,1280148,0.0,0.0
2020-06-08 00:00:00+01:00,689.9199931387834,698.4991392001918,675.0592070838372,684.1340942382812,1416646,0.0,0.0
2020-06-09 00:00:00+01:00,675.3555867251017,684.3337259873261,655.2046397591729,660.9905395507812,2102090,0.0,0.0
2020-06-10 00:00:00+01:00,660.1923801152446,680.9418417361231,657.2176291816372,665.3797607421875,1155636,0.0,0.0
2020-06-11 00:00:00+01:00,649.8177531444962,656.4016971809126,638.2060124599293,639.6425170898438,1337152,0.0,0.0
2020-06-12 00:00:00+01:00,626.6740733648368,649.019625770296,617.1771785825503,636.4502563476562,1383220,0.0,0.0
2020-06-15 00:00:00+01:00,613.7584162648776,660.0976012267125,613.3065137713004,623.6812744140625,2424659,0.0,0.0
2020-06-16 00:00:00+01:00,641.0390040347604,649.0195708369953,630.4647773765563,640.8395385742188,2745351,0.0,0.0
2020-06-17 00:00:00+01:00,646.8249639276565,651.8128181809948,628.2701095731028,635.8516845703125,1383289,0.0,0.0
2020-06-18 00:00:00+01:00,633.6569510287522,642.8346140836999,628.0705183102732,641.2384643554688,1155193,0.0,0.0
2020-06-19 00:00:00+01:00,646.4258096972156,647.822433023537,633.8564433078565,639.0437622070312,5970982,0.0,0.0
2020-06-22 00:00:00+01:00,647.6231033504255,648.3164224996838,627.0731042826026,633.258056640625,1635112,0.0,0.0
2020-06-23 00:00:00+01:00,640.8396225812874,654.6060899423974,634.4551439478071,648.8201904296875,1073792,0.0,0.0
2020-06-24 00:00:00+01:00,639.2433693992812,651.6132719243724,625.0778515752293,627.4720458984375,798181,0.0,0.0
2020-06-25 00:00:00+01:00,630.265270673729,638.6448904320154,613.5060920440509,634.2555541992188,822928,0.0,0.0
2020-06-26 00:00:00+01:00,649.4186312118345,652.3734112634527,632.8589792561211,635.2531127929688,951908,0.0,0.0
2020-06-29 00:00:00+01:00,639.6424899883405,646.0269073831986,631.3626634791464,641.837158203125,675824,0.0,0.0
2020-06-30 00:00:00+01:00,641.8371507513643,649.2191389866103,637.6473407330374,642.4356689453125,1141291,0.0,0.0
2020-07-01 00:00:00+01:00,651.4137927056602,651.4137927056602,624.4793786121643,638.6448974609375,1207428,0.0,0.0
2020-07-02 00:00:00+01:00,648.4210180781172,650.4161596722038,638.2457837708981,643.6326904296875,1477356,0.0,0.0
2020-07-03 00:00:00+01:00,647.822509940204,647.822509940204,627.671567351945,632.8589477539062,771333,0.0,0.0
2020-07-06 00:00:00+01:00,647.8225121055082,655.4040259504835,642.6351316862084,652.61083984375,954709,0.0,0.0
2020-07-07 00:00:00+01:00,664.9807044414652,665.1802307888995,638.2458178313567,640.8395385742188,975317,0.0,0.0
2020-07-08 00:00:00+01:00,634.6545532188594,641.0389697874259,438.5321284430355,633.656982421875,1621134,0.0,0.0
2020-07-09 00:00:00+01:00,643.2337247250516,643.2337247250516,623.4818324504024,631.6619262695312,1056290,0.0,0.0
2020-07-10 00:00:00+01:00,622.484253588658,639.4429592152721,622.484253588658,637.248291015625,589987,0.0,0.0
2020-07-13 00:00:00+01:00,649.4185913085938,653.089644549042,634.0559766218066,643.4331665039062,833192,0.0,0.0
2020-07-14 00:00:00+01:00,637.6473895531537,656.8007647555885,635.0536684447035,653.20947265625,1053251,0.0,0.0
2020-07-15 00:00:00+01:00,668.9710161982847,670.7666925144151,652.3934021023767,663.3846435546875,1246546,0.0,0.0
2020-07-16 00:00:00+01:00,661.3894821387466,668.7715308793664,657.00014598699,664.980712890625,570367,0.0,0.0
2020-07-17 00:00:00+01:00,675.9539378349734,675.9539378349734,658.396716418567,664.3821411132812,887766,0.0,0.0
2020-07-20 00:00:00+01:00,651.0147233284437,667.5474633557812,651.0147233284437,664.78125,792399,0.0,0.0
2020-07-21 00:00:00+01:00,673.5598614505897,674.3579059666625,664.3821972985166,664.78125,761093,0.0,0.0
2020-07-22 00:00:00+01:00,665.1801855618654,669.3699950255432,659.3942872010194,664.3821411132812,653974,0.0,0.0
2020-07-23 00:00:00+01:00,676.1535036173283,676.1535036173283,664.7812325660176,671.1656494140625,794071,0.0,0.0
2020-07-24 00:00:00+01:00,663.3846340850873,676.1535291502485,659.19482421875,659.19482421875,1260858,0.0,0.0
2020-07-27 00:00:00+01:00,665.3797411108765,674.3578785471551,658.596271669733,666.975830078125,1273722,0.0,0.0
2020-07-28 00:00:00+01:00,676.5525538699222,677.3505983621901,664.1826511356498,671.3651733398438,1159837,0.0,0.0
2020-07-29 00:00:00+01:00,672.5623074818625,680.143821905381,665.7788375944677,668.3724975585938,906026,0.0,0.0
2020-07-30 00:00:00+01:00,685.3311858445692,685.3311858445692,648.4210637539592,659.7933959960938,1414439,0.0,0.0
2020-07-31 00:00:00+01:00,664.3821705422047,674.3578788086041,655.0049804170326,657.0001220703125,1555129,0.0,0.0
2020-08-03 00:00:00+01:00,654.2069285029148,674.9563892839845,647.6229854766251,672.562255859375,1485087,0.0,0.0
2020-08-04 00:00:00+01:00,675.9539649558479,679.1462037651535,664.1826414279942,672.1632080078125,1509326,0.0,0.0
2020-08-05 00:00:00+01:00,669.7691146639773,688.7229614257812,668.7316019788765,688.7229614257812,1293132,0.0,0.0
2020-08-06 00:00:00+01:00,703.2874364536731,723.2388530906567,667.2521994205439,706.4796752929688,4397087,0.0,0.0
2020-08-07 00:00:00+01:00,712.2656074700793,723.8374053095133,702.0903723288421,718.6500854492188,1588188,0.0,0.0
2020-08-10 00:00:00+01:00,729.2242924486832,731.4189604993683,718.9263704969984,720.2461547851562,1167904,0.0,0.0
2020-08-11 00:00:00+01:00,712.4650466673943,731.9944547890626,710.9427527183626,720.8446044921875,2136237,0.0,0.0
2020-08-12 00:00:00+01:00,719.2485913434994,724.0369193026654,696.3004429875899,719.6476440429688,5603566,0.0,0.0
2020-08-13 00:00:00+01:00,695.9053932819193,699.8956766399277,676.7879442524153,691.1170654296875,1367416,0.0,0.0
2020-08-14 00:00:00+01:00,696.3044556189473,710.0709212174161,678.3481802591464,695.306884765625,1410027,0.0,0.0
2020-08-17 00:00:00+01:00,680.9418497681689,700.6938016532391,678.5477162184197,694.5088500976562,1165753,0.0,0.0
2020-08-18 00:00:00+01:00,688.7229485286291,708.8738312622085,685.1316568878227,699.6962280273438,971791,0.0,0.0
2020-08-19 00:00:00+01:00,700.0952531274494,709.0733913260009,692.9127303912289,706.8787231445312,1050382,0.0,0.0
2020-08-20 00:00:00+01:00,699.2972271112696,702.5712373923611,695.5064697265625,695.5064697265625,1210516,0.0,0.0
2020-08-21 00:00:00+01:00,692.1147041846731,697.9006034441627,687.3263758625747,695.5064697265625,1621757,0.0,0.0
2020-08-24 00:00:00+01:00,698.499203266905,708.2753865660709,687.6286388299976,703.6865844726562,762034,0.0,0.0
2020-08-25 00:00:00+01:00,710.4699990394519,712.5489211842524,691.5161521560211,693.311767578125,1310439,0.0,0.0
2020-08-26 00:00:00+01:00,700.0952488242077,702.2899169921875,690.518592492709,702.2899169921875,1593840,0.0,0.0
2020-08-27 00:00:00+01:00,701.0928875575884,705.8812161865936,690.9176511666384,691.9152221679688,882382,0.0,0.0
2020-08-28 00:00:00+01:00,696.1048679890897,698.1000095200912,687.0220056530088,690.3189697265625,784641,0.0,0.0
2020-09-01 00:00:00+01:00,688.922480464456,695.5064853310973,681.7400182636102,689.321533203125,2208523,0.0,0.0
2020-09-02 00:00:00+01:00,686.1292700243432,695.7059874362963,680.143844474459,686.3287963867188,2191329,0.0,0.0
2020-09-03 00:00:00+01:00,693.3117613297521,694.7083849159656,674.9564327901492,678.9467163085938,1159073,0.0,0.0
2020-09-04 00:00:00+01:00,673.5598242571618,679.9442409200966,666.9758203676126,672.7617797851562,1473870,0.0,0.0
2020-09-07 00:00:00+01:00,672.7618377563763,682.6407365692472,670.4684110594,677.9491577148438,1066354,0.0,0.0
2020-09-08 00:00:00+01:00,690.9175710935865,692.1146683338271,676.9515786935333,688.5234375,1665753,0.0,0.0
2020-09-09 00:00:00+01:00,694.9078369140625,697.900549494893,685.9296991715713,694.9078369140625,1187545,0.0,0.0
2020-09-10 00:00:00+01:00,702.8884806736625,702.8884806736625,689.1220134735344,693.7108764648438,960121,0.0,0.0
2020-09-11 00:00:00+01:00,692.1146069977573,695.3068457265339,683.7350488324694,693.51123046875,994694,0.0,0.0
2020-09-14 00:00:00+01:00,695.3068970428116,701.2923222684312,691.3166135590652,694.309326171875,1192589,0.0,0.0
2020-09-15 00:00:00+01:00,694.5089193989272,707.532201066612,689.9200564186127,703.6865844726562,2229996,0.0,0.0
2020-09-16 00:00:00+01:00,705.4820726051447,711.1362726506625,697.3019799759744,699.0975952148438,1401515,0.0,0.0
2020-09-17 00:00:00+01:00,696.3044385246482,699.6962036974331,689.321442722825,696.7034912109375,1636770,0.0,0.0
2020-09-18 00:00:00+01:00,703.2874513283755,703.2874513283755,691.7156537889352,700.2947387695312,3452744,0.0,0.0
2020-09-21 00:00:00+01:00,703.2875654289701,703.2875654289701,670.5672483211447,671.5648193359375,1945328,0.0,0.0
2020-09-22 00:00:00+01:00,679.9443442311314,679.9443442311314,672.3628292648044,674.3579711914062,3122044,0.0,0.0
2020-09-23 00:00:00+01:00,688.1243605402979,694.10978564367,678.5477047296596,685.5307006835938,1494435,0.0,0.0
2020-09-24 00:00:00+01:00,688.323865035875,688.323865035875,672.3627319335938,672.3627319335938,2975905,0.0,0.0
2020-09-25 00:00:00+01:00,684.5331105612871,684.5331105612871,665.8196463799671,672.1632080078125,1690096,0.0,0.0
2020-09-28 00:00:00+01:00,684.5331150606071,696.3044386658318,676.9515402278128,691.7156372070312,1385242,0.0,0.0
2020-09-29 00:00:00+01:00,690.917606486669,694.7084247561029,676.1535687991149,680.742431640625,1446455,0.0,0.0
2020-09-30 00:00:00+01:00,681.7399920669666,690.9175958346984,677.9491738559764,686.5283203125,2184155,0.0,0.0
2020-10-01 00:00:00+01:00,691.715688365285,697.3020610662794,687.5258783960912,692.5137329101562,2235389,0.0,0.0
2020-10-02 00:00:00+01:00,693.112243199022,699.7959803490866,685.1316760674573,698.10009765625,2189893,0.0,0.0
2020-10-05 00:00:00+01:00,702.6889638860417,714.2607619312876,698.2996275864543,712.6646728515625,1319094,0.0,0.0
2020-10-06 00:00:00+01:00,707.4772727959507,714.2607425308764,705.8811228726839,709.2728881835938,1537817,0.0,0.0
2020-10-07 00:00:00+01:00,699.4967139610451,716.0563662315137,698.6986694335938,698.6986694335938,4680821,0.0,0.0
2020-10-08 00:00:00+01:00,703.2874145507812,707.4772240914405,697.0685494109988,698.299560546875,1810321,0.0,0.0
2020-10-09 00:00:00+01:00,693.7108194220784,704.5853406393359,693.7108194220784,703.2874755859375,1682447,0.0,0.0
2020-10-12 00:00:00+01:00,705.8811566635134,714.8592949184094,702.6889784379566,711.4675903320312,1019060,0.0,0.0
2020-10-13 00:00:00+01:00,703.0879566707773,712.2376740238523,697.1025312833071,702.68896484375,3316372,0.0,0.0
2020-10-14 00:00:00+01:00,704.0855305130543,708.6743931947753,697.3020605562667,697.5015869140625,1208997,0.0,0.0
2020-10-15 00:00:00+01:00,690.917526859837,693.9102393253926,683.934531106874,692.1146240234375,1460039,0.0,0.0
2020-10-16 00:00:00+01:00,705.482210762195,705.482210762195,692.5137879940918,697.900634765625,1408582,0.0,0.0
2020-10-19 00:00:00+01:00,702.4894438745862,702.9822015246544,689.9200139323593,697.3020629882812,853851,0.0,0.0
2020-10-20 00:00:00+01:00,692.5137353430177,695.5064480619703,687.9248726418193,692.314208984375,1241677,0.0,0.0
2020-10-21 00:00:00+01:00,697.1025432100627,697.1025432100627,681.5404612911464,681.939453125,1040176,0.0,0.0
2020-10-22 00:00:00+01:00,678.3483372924982,688.5235745292671,667.9735736614972,687.3264770507812,1098961,0.0,0.0
2020-10-23 00:00:00+01:00,684.9321551117994,701.2923422152492,683.8967125633574,692.7132568359375,1651219,0.0,0.0
2020-10-26 00:00:00+00:00,678.1485336400362,701.2921855099163,678.1485336400362,685.3310546875,1712141,0.0,0.0
2020-10-27 00:00:00+00:00,686.9272587754172,693.3117365313258,675.9539794921875,675.9539794921875,1393268,0.0,0.0
2020-10-28 00:00:00+00:00,665.7788236477763,674.7569614866094,656.401633105793,659.5938720703125,2262733,0.0,0.0
2020-10-29 00:00:00+00:00,661.5889916769306,666.576845864955,657.000129291813,661.3894653320312,4226824,0.0,0.0
2020-10-30 00:00:00+00:00,658.3967601980031,665.3797561394971,655.204521304513,660.7909545898438,1622015,0.0,0.0
2020-11-02 00:00:00+00:00,661.5890031301112,679.1462258211443,656.2090981517267,675.35546875,1817746,0.0,0.0
2020-11-03 00:00:00+00:00,681.1413449830671,692.1146240234375,679.9303047214318,692.1146240234375,1579971,0.0,0.0
2020-11-04 00:00:00+00:00,681.3409160641068,703.2874755859375,678.348203402039,703.2874755859375,1927117,0.0,0.0
2020-11-05 00:00:00+00:00,705.6815893524814,711.0684349959038,699.6961647129757,709.871337890625,2982929,0.0,0.0
2020-11-06 00:00:00+00:00,710.2704709353147,723.637945164417,703.087948377691,713.26318359375,2209002,0.0,0.0
2020-11-09 00:00:00+00:00,718.2510002208109,747.3800807404776,718.2510002208109,741.1951293945312,3752153,0.0,0.0
2020-11-10 00:00:00+00:00,741.79376257107,742.9908599344521,714.8593458860278,727.0297241210938,4412767,0.0,0.0
2020-11-11 00:00:00+00:00,733.2145628890371,736.4068017347759,723.2388545504107,736.207275390625,4596399,0.0,0.0
2020-11-12 00:00:00+00:00,735.6087403153568,735.6087403153568,723.2388379053913,727.628173828125,2918545,0.0,0.0
2020-11-13 00:00:00+00:00,722.8398300318578,745.3849682878937,719.2485992447554,743.788818359375,1984525,0.0,0.0
2020-11-16 00:00:00+00:00,751.3704260810409,765.3364189045291,741.1951905608346,760.9470825195312,5317135,0.0,0.0
2020-11-17 00:00:00+00:00,762.9421898556915,775.3120930091023,758.353388204497,763.740234375,2724721,0.0,0.0
2020-11-18 00:00:00+00:00,762.3436181344092,769.5261400774122,757.1562377929688,768.1295166015625,2403845,0.0,0.0
2020-11-19 00:00:00+00:00,798.0567513712269,809.6285499113504,765.7354285859329,774.3145751953125,4458272,0.0,0.0
2020-11-20 00:00:00+00:00,779.7013624015046,781.8960304781461,770.324232818609,779.1028442382812,1712768,0.0,0.0
2020-11-23 00:00:00+00:00,778.1052950604565,822.3974669801944,775.7590185535803,782.2951049804688,2651884,0.0,0.0
2020-11-24 00:00:00+00:00,788.080967167659,790.8741533549254,772.1198336554027,780.2999267578125,2723364,0.0,0.0
2020-11-25 00:00:00+00:00,785.4873861139977,787.6819934825464,772.7184293139046,778.9033813476562,2237139,0.0,0.0
2020-11-26 00:00:00+00:00,786.6843512263382,786.6843512263382,770.3242257504472,774.7135009765625,1247769,0.0,0.0
2020-11-27 00:00:00+00:00,776.110128940065,788.480031956592,757.9543271139598,784.2902221679688,5071288,0.0,0.0
2020-11-30 00:00:00+00:00,781.6966312541082,792.2709206569165,715.0588989257812,715.0588989257812,37073433,0.0,0.0
2020-12-01 00:00:00+00:00,722.2412454860789,739.3994750976562,721.0441483714314,739.3994750976562,4712507,0.0,0.0
2020-12-02 00:00:00+00:00,734.8107299804688,740.5966901414458,728.4263124972052,734.8107299804688,2371967,0.0,0.0
2020-12-03 00:00:00+00:00,736.20730202277,744.9689869444381,728.027208711805,739.00048828125,2526248,0.0,0.0
2020-12-04 00:00:00+00:00,738.8009558796332,743.5893447256927,719.6476440429688,719.6476440429688,7578389,0.0,0.0
2020-12-07 00:00:00+00:00,723.2388649083775,728.226719149125,713.4626827738911,720.4456787109375,2617752,0.0,0.0
2020-12-08 00:00:00+00:00,720.2462892995297,731.2195707154506,715.8569523783997,719.2487182617188,1790230,0.0,0.0
2020-12-09 00:00:00+00:00,722.041835183107,724.9587438188496,707.2777974282744,710.0709838867188,1412745,0.0,0.0
2020-12-10 00:00:00+00:00,713.8617017706791,719.0490825560126,700.0952357192557,713.26318359375,2835260,0.0,0.0
2020-12-11 00:00:00+00:00,715.2582841294889,715.2582841294889,698.8980981851596,701.6913452148438,2225717,0.0,0.0
2020-12-14 00:00:00+00:00,719.8471601852107,722.0418284130169,703.8860252730162,705.6817016601562,2473690,0.0,0.0
2020-12-15 00:00:00+00:00,702.6889882153337,710.6695556640625,698.6987044909692,710.6695556640625,2379581,0.0,0.0
2020-12-16 00:00:00+00:00,721.243809864619,735.0102770456509,712.8641893786519,728.226806640625,3508208,0.0,0.0
2020-12-17 00:00:00+00:00,738.6015622792447,738.6015622792447,720.4457586509928,723.8374633789062,2236651,0.0,0.0
2020-12-18 00:00:00+00:00,720.6452454655879,723.2389054614499,702.28991647567,707.2777709960938,4261735,0.0,0.0
2020-12-21 00:00:00+00:00,692.3141650388568,722.241290328721,677.7496550858799,690.9175415039062,2375929,0.0,0.0
2020-12-22 00:00:00+00:00,691.9151538363309,697.9005792532088,688.1243965830207,692.5137329101562,1772529,0.0,0.0
2020-12-23 00:00:00+00:00,686.3287957415819,711.0685424804688,686.3287957415819,711.0685424804688,1842373,0.0,0.0
2020-12-24 00:00:00+00:00,708.6743501739727,723.0393337597944,708.6743501739727,715.8568115234375,592372,0.0,0.0
2020-12-29 00:00:00+00:00,726.2315726300523,728.8252324632598,713.2631516902298,715.8568115234375,1093950,0.0,0.0
2020-12-30 00:00:00+00:00,712.0661134045117,722.8398672067966,710.6695506429899,711.0685424804688,726060,0.0,0.0
2020-12-31 00:00:00+00:00,696.9029905694972,705.0830839412346,690.3190471336736,698.8981323242188,436246,0.0,0.0
2021-01-04 00:00:00+00:00,709.2728246373218,718.2509616580473,700.0961963603057,704.4844970703125,2903905,0.0,0.0
2021-01-05 00:00:00+00:00,700.2947385105418,712.4651150893857,693.311742542488,705.2825927734375,867519,0.0,0.0
2021-01-06 00:00:00+00:00,712.2656118669181,729.0247905569961,708.8738465032701,723.2388916015625,2615143,0.0,0.0
2021-01-07 00:00:00+00:00,724.0368798611474,730.634826820206,713.8616454479014,722.8397827148438,5323329,0.0,0.0
2021-01-08 00:00:00+00:00,725.4335228927372,729.4238062300054,720.0466160326685,726.2315673828125,2420938,0.0,0.0
2021-01-11 00:00:00+00:00,727.2291880303861,732.2170425436261,715.8568553854407,717.2534790039062,1537546,0.0,0.0
2021-01-12 00:00:00+00:00,720.2461702113227,724.2364537027981,705.083080766337,709.0733642578125,2597606,0.0,0.0
2021-01-13 00:00:00+00:00,708.6743897448833,712.2656206201426,703.2874825450988,707.6768188476562,1677867,0.0,0.0
2021-01-14 00:00:00+00:00,711.2680253727905,713.5694281732376,700.2947458789606,704.68408203125,2346247,0.0,0.0
2021-01-15 00:00:00+00:00,702.2899280811813,705.4821672043843,683.336080590354,691.5161743164062,2343615,0.0,0.0
2021-01-18 00:00:00+00:00,702.2899210734248,702.2899210734248,685.9297337845694,687.1268310546875,1501281,0.0,0.0
2021-01-19 00:00:00+00:00,689.7205767531487,692.114710492569,680.3433855014486,685.1317138671875,1876393,0.0,0.0
2021-01-20 00:00:00+00:00,690.718108063148,692.0029433234446,685.4379356336065,688.3239135742188,1269105,0.0,0.0
2021-01-21 00:00:00+00:00,692.3142108764686,704.6841145033715,688.323927240293,697.1025390625,1588344,0.0,0.0
2021-01-22 00:00:00+00:00,699.2972495386377,699.6963022811516,688.5234952466635,693.7108764648438,1044000,0.0,0.0
2021-01-25 00:00:00+00:00,696.9030481426398,709.07342602925,687.725444022248,689.321533203125,1784122,0.0,0.0
2021-01-26 00:00:00+00:00,692.3142749232617,696.5040853062295,690.1196065429546,691.9152221679688,1052071,0.0,0.0
2021-01-27 00:00:00+00:00,692.5137234863973,696.3044806881228,678.9467228606235,688.3239135742188,2332975,0.0,0.0
2021-01-28 00:00:00+00:00,682.1389111863922,687.9248097365804,674.3578710060087,682.5379638671875,1675027,0.0,0.0
2021-01-29 00:00:00+00:00,676.3530666774723,679.9084351625993,665.3797868346225,673.1608276367188,3374821,0.0,0.0
2021-02-01 00:00:00+00:00,675.5550505917821,685.3312335952371,671.5647668445027,680.742431640625,841290,0.0,0.0
2021-02-02 00:00:00+00:00,682.9370831559957,693.4644893877472,681.7400466639208,691.9152221679688,1249939,0.0,0.0
2021-02-03 00:00:00+00:00,692.1146608670554,699.8957015143328,688.7229564243416,689.1219482421875,778911,0.0,0.0
2021-02-04 00:00:00+00:00,691.3166735508983,699.2972412109375,684.1850519272659,699.2972412109375,1324300,0.0,0.0
2021-02-05 00:00:00+00:00,696.9029931382101,705.282612893685,694.9078513761347,698.6986694335938,1739690,0.0,0.0
2021-02-08 00:00:00+00:00,701.4918953509101,705.5620018237978,693.1122751220643,695.5064697265625,2081385,0.0,0.0
2021-02-09 00:00:00+00:00,692.9126733518633,698.1000538391672,686.5282565794741,696.7034912109375,2949551,0.0,0.0
2021-02-10 00:00:00+00:00,700.6937766456218,714.4602419477621,699.8956712706291,706.4796752929688,1522907,0.0,0.0
2021-02-11 00:00:00+00:00,706.2801755752241,711.667082625047,699.8956976559448,709.2728881835938,820605,0.0,0.0
2021-02-12 00:00:00+00:00,698.6986855757232,709.6719655206556,698.6986855757232,707.2777709960938,803761,0.0,0.0
2021-02-15 00:00:00+00:00,712.2656098765424,718.6500878772524,708.8300059582141,718.4505615234375,1572836,0.0,0.0
2021-02-16 00:00:00+00:00,720.6451879597277,724.8349367130344,709.9691586929966,716.8543701171875,909815,0.0,0.0
2021-02-17 00:00:00+00:00,717.2534894744738,718.051534030863,708.0758248587562,711.4675903320312,1276642,0.0,0.0
2021-02-18 00:00:00+00:00,706.2801592340131,714.8592441580874,695.5064062705338,695.7059326171875,997871,0.0,0.0
2021-02-19 00:00:00+00:00,698.1000197230412,706.0805859636861,693.3116921560319,704.4844970703125,1154787,0.0,0.0
2021-02-22 00:00:00+00:00,693.311826034331,710.0710061985002,692.513781433542,708.275390625,584923,0.0,0.0
2021-02-23 00:00:00+00:00,712.6647189273559,716.8544682542374,706.6792931610687,713.8617553710938,922366,0.0,0.0
2021-02-24 00:00:00+00:00,709.0734814986658,719.2487182617188,707.47739219293,719.2487182617188,2178987,0.0,0.0
2021-02-25 00:00:00+00:00,722.6403563241545,727.9943235209315,717.0539229684008,724.635498046875,1060057,0.0,0.0
2021-02-26 00:00:00+00:00,712.265674515845,720.8447605264018,705.0831513349439,708.275390625,2456158,0.0,0.0
2021-03-01 00:00:00+00:00,711.467579945927,719.2486208092022,710.2704826853703,717.2534790039062,1134642,0.0,0.0
2021-03-02 00:00:00+00:00,715.258305057182,729.4238234156095,715.258305057182,724.8349609375,1108945,0.0,0.0
2021-03-03 00:00:00+00:00,728.6257566236887,736.6063232421875,728.2267039380073,736.6063232421875,981369,0.0,0.0
2021-03-04 00:00:00+00:00,728.2267087197239,739.1999878922129,725.6330489064377,736.207275390625,1592775,0.0,0.0
2021-03-05 00:00:00+00:00,730.620915740052,738.8129427278776,724.4359642855178,725.2340087890625,1345435,0.0,0.0
2021-03-08 00:00:00+00:00,733.414189367916,748.5772802902582,733.414189367916,747.7791748046875,2131981,0.0,0.0
2021-03-09 00:00:00+00:00,749.9737456504055,753.165984517128,730.4213815329296,735.8082275390625,1707655,0.0,0.0
2021-03-10 00:00:00+00:00,733.0150317317283,739.5990357241245,728.0271775951666,736.6063232421875,1271014,0.0,0.0
2021-03-11 00:00:00+00:00,734.8106568979185,739.3995192972304,730.4213817310153,730.8203735351562,987975,0.0,0.0
2021-03-12 00:00:00+00:00,730.0223771813153,740.3602415043526,727.2291908205634,736.8058471679688,879208,0.0,0.0
2021-03-15 00:00:00+00:00,736.8058115232583,740.3971031449703,714.2607344823439,719.8471069335938,1569029,0.0,0.0
2021-03-16 00:00:00+00:00,724.4360491396018,731.8180377706682,718.849615186657,728.226806640625,1615798,0.0,0.0
2021-03-17 00:00:00+00:00,727.6281689056135,731.6184521222345,711.8665014904482,713.0635986328125,2026032,0.0,0.0
2021-03-18 00:00:00+00:00,713.6622188722878,722.4408302785746,711.2680244492581,719.6476440429688,1275853,0.0,0.0
2021-03-19 00:00:00+00:00,715.4578345514485,722.2413042370699,711.1742589368995,714.6597900390625,3872962,0.0,0.0
2021-03-22 00:00:00+00:00,713.8617140906198,715.2294164345044,709.4724386479675,712.265625,912318,0.0,0.0
2021-03-23 00:00:00+00:00,710.2704513348098,717.053920996022,707.8762569193734,714.8592529296875,1544164,0.0,0.0
2021-03-24 00:00:00+00:00,709.671947539932,719.049077268606,707.6768057823128,718.6500854492188,1492035,0.0,0.0
2021-03-25 00:00:00+00:00,716.6549214313728,725.4335327148438,712.6646380400776,725.4335327148438,1423483,0.0,0.0
2021-03-26 00:00:00+00:00,730.820388374402,733.6066335018286,723.2388741859685,729.6233520507812,1026960,0.0,0.0
2021-03-29 00:00:00+01:00,732.0174781470483,736.0077615502886,723.2388668372982,730.2218627929688,1324057,0.0,0.0
2021-03-30 00:00:00+01:00,731.8179756056518,744.7863970880472,729.6233683719929,738.2024536132812,1144729,0.0,0.0
2021-03-31 00:00:00+01:00,738.6015166817614,742.1927475571182,730.8204149736622,732.4165649414062,1669659,0.0,0.0
2021-04-01 00:00:00+01:00,708.1087147363512,716.0919023248417,700.8240682432312,711.302001953125,1571748,24.1,0.0
2021-04-06 00:00:00+01:00,724.673861395829,729.0645780003382,719.739246286995,725.47216796875,1246553,0.0,0.0
2021-04-07 00:00:00+01:00,728.0666414870408,740.6401977539062,724.8734153623298,740.6401977539062,1452815,0.0,0.0
2021-04-08 00:00:00+01:00,748.2241972230994,750.0204021355183,738.2452133686785,746.02880859375,1241476,0.0,0.0
2021-04-09 00:00:00+01:00,748.4237544009154,751.417449418519,740.2409758380892,747.0266723632812,1378748,0.0,0.0
2021-04-12 00:00:00+01:00,744.4322650993465,746.2284701796025,733.8545655880366,735.2515869140625,2068697,0.0,0.0
2021-04-13 00:00:00+01:00,735.2515439965019,742.0372410740954,730.8608274907114,738.2452392578125,2016024,0.0,0.0
2021-04-14 00:00:00+01:00,744.6318680955198,745.8981832554413,736.2494963866382,738.4448852539062,1069238,0.0,0.0
2021-04-15 00:00:00+01:00,747.4259046529912,748.2242111948751,739.841901144767,745.6296997070312,1197494,0.0,0.0
2021-04-16 00:00:00+01:00,748.8229776947969,759.0114812963742,745.6296906591257,758.2031860351562,1592075,0.0,0.0
2021-04-19 00:00:00+01:00,756.6065808028201,762.7645714012222,743.0351259874525,747.4259033203125,1174476,0.0,0.0
2021-04-20 00:00:00+01:00,747.4259564684696,749.6213452910099,729.2641920738392,731.8587646484375,893244,0.0,0.0
2021-04-21 00:00:00+01:00,727.4678874087563,758.4037103546138,727.2682955600526,729.4636840820312,1165560,0.0,0.0
2021-04-22 00:00:00+01:00,737.0477485175057,737.0477485175057,718.2872704062362,720.6822509765625,1636860,0.0,0.0
2021-04-23 00:00:00+01:00,725.4721442619605,725.4721442619605,716.690650433014,720.8818359375,1952686,0.0,0.0
2021-04-26 00:00:00+01:00,722.079283407389,726.2704690169512,715.2935862288479,723.8755493164062,1913181,0.0,0.0
2021-04-27 00:00:00+01:00,721.2810327404967,723.9444302049967,710.503740985577,713.4974365234375,1803737,0.0,0.0
2021-04-28 00:00:00+01:00,715.094095403841,723.4684890040884,714.2957887241913,715.69287109375,1134478,0.0,0.0
2021-04-29 00:00:00+01:00,718.087690843171,718.4868745806929,711.1024017847476,713.2977905273438,896042,0.0,0.0
2021-04-30 00:00:00+01:00,713.8965619861999,723.279755132045,707.7095795318768,709.9049682617188,1582822,0.0,0.0
2021-05-04 00:00:00+01:00,710.7033264835634,729.8130462843976,702.9017628035704,704.91552734375,1452419,0.0,0.0
2021-05-05 00:00:00+01:00,707.5099072473914,719.6842789046746,703.5183139766021,719.2850952148438,1601662,0.0,0.0
2021-05-06 00:00:00+01:00,720.4827059552586,731.4795667468858,717.8881942577879,729.8629760742188,1273096,0.0,0.0
2021-05-07 00:00:00+01:00,734.8523363390661,738.2451540327436,730.2619675908498,733.6548461914062,1237260,0.0,0.0
2021-05-10 00:00:00+01:00,734.4532637465848,740.379808502343,726.070892351939,730.461669921875,2265134,0.0,0.0
2021-05-11 00:00:00+01:00,721.081338522166,727.0687287481686,711.9007222344683,712.8986206054688,1351087,0.0,0.0
2021-05-12 00:00:00+01:00,712.6991018932896,729.0646003131372,712.6991018932896,723.0772094726562,1481194,0.0,0.0
2021-05-13 00:00:00+01:00,722.8776093058688,726.8692028174265,703.51835641206,725.0729370117188,1189411,0.0,0.0
2021-05-14 00:00:00+01:00,728.8650539219927,737.6465481208469,728.8650539219927,734.0540771484375,1112226,0.0,0.0
2021-05-17 00:00:00+01:00,733.6549794946079,739.0435947778562,727.0688129392289,728.0667114257812,1000864,0.0,0.0
2021-05-18 00:00:00+01:00,733.6549430815819,737.047761223332,720.0834877939203,722.0792846679688,1259718,0.0,0.0
2021-05-19 00:00:00+01:00,717.0897147934666,723.074120329798,711.900692208628,717.289306640625,1052211,0.0,0.0
2021-05-20 00:00:00+01:00,723.0771103647987,730.8607661160762,718.4369196435628,729.4636840820312,1093238,0.0,0.0
2021-05-21 00:00:00+01:00,730.0624778657766,738.2452572946581,726.2704759568473,732.4574584960938,1530449,0.0,0.0
2021-05-24 00:00:00+01:00,736.6486496685478,738.2452628294711,729.2641767587795,734.0540771484375,761432,0.0,0.0
2021-05-25 00:00:00+01:00,735.0519852400215,742.4364582466279,732.1900314442458,739.0435791015625,1381134,0.0,0.0
2021-05-26 00:00:00+01:00,739.4427896598381,742.6360770462251,730.6612950274423,731.260009765625,1953554,0.0,0.0
2021-05-27 00:00:00+01:00,730.6613281879155,733.6550238284777,726.0709583282506,732.058349609375,7152733,0.0,0.0
2021-05-28 00:00:00+01:00,736.4490577967105,741.5862492615032,732.4574639875142,734.0540771484375,1533173,0.0,0.0
2021-06-01 00:00:00+01:00,733.6549639326154,744.831438926308,731.7659367778349,739.0435791015625,1404402,0.0,0.0
2021-06-02 00:00:00+01:00,739.2430535685822,744.4321369458271,737.8420126290331,742.4363403320312,1282466,0.0,0.0
2021-06-03 00:00:00+01:00,745.6297770791509,752.415474749626,737.6465890181469,750.419677734375,1478742,0.0,0.0
2021-06-04 00:00:00+01:00,751.8167621053846,752.8146606157942,737.446999192729,739.8419799804688,976142,0.0,0.0
2021-06-07 00:00:00+01:00,741.6381575049649,744.8314448007608,731.8587646484375,731.8587646484375,1522644,0.0,0.0
2021-06-08 00:00:00+01:00,733.4553305091182,737.0477404182454,728.2682565289052,731.4595336914062,1467518,0.0,0.0
2021-06-09 00:00:00+01:00,726.470033835449,726.8692175574531,712.4994562616904,714.0960693359375,2065835,0.0,0.0
2021-06-10 00:00:00+01:00,716.2914385227405,722.6780124598964,711.1023548121615,712.8986206054688,1500872,0.0,0.0
2021-06-11 00:00:00+01:00,713.0982247385214,723.6759851008379,710.503713070402,723.0772094726562,1521451,0.0,0.0
2021-06-14 00:00:00+01:00,725.8712942949699,731.2599089161331,720.0834350585938,720.0834350585938,1163013,0.0,0.0
2021-06-15 00:00:00+01:00,724.4742723409843,730.4616630214882,709.1066118982689,721.8797607421875,2289641,0.0,0.0
2021-06-16 00:00:00+01:00,724.4742889199066,728.8650665488434,715.4932026936267,726.669677734375,2187273,0.0,0.0
2021-06-17 00:00:00+01:00,722.6779947533903,725.2725060916695,717.8880948713232,718.6864013671875,1025544,0.0,0.0
2021-06-18 00:00:00+01:00,717.6885378945084,717.6885378945084,698.3292846679688,698.3292846679688,5843727,0.0,0.0
2021-06-21 00:00:00+01:00,694.7369616794017,713.4056549842587,690.5537545176456,699.3272705078125,1706772,0.0,0.0
2021-06-22 00:00:00+01:00,700.5247052475277,701.5226036880513,690.3461289728101,692.142333984375,1232766,0.0,0.0
2021-06-23 00:00:00+01:00,664.2011174641704,680.3670829171756,658.6129110663601,674.5792846679688,12282212,0.0,0.0
2021-06-24 00:00:00+01:00,675.1780476064782,682.9886248631292,662.6045518586617,664.4007568359375,3812279,0.0,0.0
2021-06-25 00:00:00+01:00,669.3901426413187,673.3817356933324,663.0036303022226,670.98681640625,11979212,0.0,0.0
2021-06-28 00:00:00+01:00,668.9911221598599,683.1612309354236,667.7936318798006,669.7894287109375,10059607,0.0,0.0
2021-06-29 00:00:00+01:00,671.1864209045718,679.1696078836658,669.7893997273602,672.3839111328125,2215724,0.0,0.0
2021-06-30 00:00:00+01:00,671.1865135958936,675.577291403518,664.4008159079308,674.9785766601562,3315829,0.0,0.0
2021-07-01 00:00:00+01:00,681.5645998077167,682.5624981968934,666.7358443622024,675.5772094726562,2314895,0.0,0.0
2021-07-02 00:00:00+01:00,679.1696737196211,686.1150689911692,673.9806504057136,675.77685546875,2470890,0.0,0.0
2021-07-05 00:00:00+01:00,678.5709780146433,685.755859375,673.3818936484473,685.755859375,2384849,0.0,0.0
2021-07-06 00:00:00+01:00,684.1591757206284,686.3685731497152,675.577273127846,680.766357421875,3460406,0.0,0.0
2021-07-07 00:00:00+01:00,684.3587465668334,690.1465454101562,681.7642349529987,690.1465454101562,1858894,0.0,0.0
2021-07-08 00:00:00+01:00,688.3502826236435,689.1485891373147,672.7830924329633,675.9763793945312,1864115,0.0,0.0
2021-07-09 00:00:00+01:00,680.3671679573191,687.9512329101562,677.0850784118397,687.9512329101562,1222205,0.0,0.0
2021-07-12 00:00:00+01:00,687.3523800111235,692.1422799704612,681.5126890252589,691.9427490234375,1711396,0.0,0.0
2021-07-13 00:00:00+01:00,698.5289309019702,699.5268293746873,688.0310194787817,689.7474365234375,1498619,0.0,0.0
2021-07-14 00:00:00+01:00,687.5520311350423,690.3461346099464,682.562538891682,684.95751953125,1406081,0.0,0.0
2021-07-15 00:00:00+01:00,683.9595694442726,687.1527955134275,679.1696085267741,681.1654052734375,1156475,0.0,0.0
2021-07-16 00:00:00+01:00,685.1570490941399,688.1507444340331,673.3818596052707,677.9722290039062,1677855,0.0,0.0
2021-07-19 00:00:00+01:00,673.3818396249624,674.1801461772027,654.8209534311104,659.211669921875,2773671,0.0,0.0
2021-07-20 00:00:00+01:00,662.6046004190885,667.7936847724233,654.4138417792717,663.0037841796875,4524971,0.0,0.0
2021-07-21 00:00:00+01:00,667.3945191509094,681.7642822265625,663.0038021994376,681.7642822265625,2597721,0.0,0.0
2021-07-22 00:00:00+01:00,683.560452591465,687.7516383507759,680.7663490542209,682.7621459960938,1670149,0.0,0.0
2021-07-23 00:00:00+01:00,688.549908633836,689.2274977392863,679.5688228690468,685.5562133789062,1152936,0.0,0.0
2021-07-26 00:00:00+01:00,683.7599807675272,687.2037168630407,677.9721823566684,686.3544921875,1088734,0.0,0.0
2021-07-27 00:00:00+01:00,685.5562913930958,685.7558832808478,674.3798156547991,681.564697265625,2243365,0.0,0.0
2021-07-28 00:00:00+01:00,681.3650123789035,685.1330776954459,678.6706745292303,678.9700927734375,914696,0.0,0.0
2021-07-29 00:00:00+01:00,683.1612045958484,683.5603883094394,677.3734061900795,677.572998046875,1507397,0.0,0.0
2021-07-30 00:00:00+01:00,674.5793499226055,679.7684340264647,671.1864708413049,677.9722290039062,1811828,0.0,0.0
2021-08-02 00:00:00+01:00,682.9616629008834,688.7853962762142,680.3670906171293,683.1611938476562,1192208,0.0,0.0
2021-08-03 00:00:00+01:00,682.9617253378607,685.1570532081206,674.1801702292688,681.3650512695312,1156358,0.0,0.0
2021-08-04 00:00:00+01:00,684.757923455598,690.5457222409801,684.1591478459387,690.3461303710938,1946768,0.0,0.0
2021-08-05 00:00:00+01:00,687.3524018782966,690.9448726422513,683.1612164404582,689.5477905273438,1358956,0.0,0.0
2021-08-06 00:00:00+01:00,691.5435514174575,692.5414497600513,685.3565695120001,692.3418579101562,1121678,0.0,0.0
2021-08-09 00:00:00+01:00,690.5457001823405,694.9364775520344,689.148618044651,692.7410888671875,2150789,0.0,0.0
2021-08-10 00:00:00+01:00,699.1276453847332,699.726421012293,692.1423560780926,698.5289306640625,2408279,0.0,0.0
2021-08-11 00:00:00+01:00,699.9259350445833,703.3187529291938,681.9637645394893,683.1611938476562,3784641,0.0,0.0
2021-08-12 00:00:00+01:00,683.7600333474019,694.7328964945766,678.3713573292226,679.56884765625,2710253,0.0,0.0
2021-08-13 00:00:00+01:00,679.9679616631996,682.5624730165919,662.205322265625,662.205322265625,3314945,0.0,0.0
2021-08-16 00:00:00+01:00,663.2032420084647,673.9226708405849,652.2263597784264,670.3881225585938,2634169,0.0,0.0
2021-08-17 00:00:00+01:00,669.5899210611979,669.5899210611979,657.8147304578938,658.613037109375,3160898,0.0,0.0
2021-08-18 00:00:00+01:00,662.6045505020224,669.5898394380378,656.0184452965337,666.1969604492188,3064644,0.0,0.0
2021-08-19 00:00:00+01:00,638.087018566584,662.9436254055046,627.3058360262763,631.4984741210938,3838096,24.1,0.0
2021-08-20 00:00:00+01:00,633.0956414230227,633.0956414230227,621.9151324736766,622.9133911132812,2679844,0.0,0.0
2021-08-23 00:00:00+01:00,627.9046843113043,627.9046843113043,615.3266498238349,622.9133911132812,2416409,0.0,0.0
2021-08-24 00:00:00+01:00,624.9099083924905,645.973141316599,617.1235031893489,622.9133911132812,3808185,0.0,0.0
2021-08-25 00:00:00+01:00,622.5141522770259,632.4368470103435,620.5176347124057,632.0974731445312,1909668,0.0,0.0
2021-08-26 00:00:00+01:00,632.4967478323948,632.4967478323948,625.0288166845696,625.9082641601562,1405719,0.0,0.0
2021-08-27 00:00:00+01:00,625.9082067153033,628.5036549712805,621.3162410535357,627.9047241210938,1903299,0.0,0.0
2021-08-31 00:00:00+01:00,631.698109627233,632.4967044222577,618.3214792561549,622.3145141601562,2694597,0.0,0.0
2021-09-01 00:00:00+01:00,627.3057611540163,652.4209471622892,624.3109851986576,630.300537109375,2171855,0.0,0.0
2021-09-02 00:00:00+01:00,628.9030766356516,635.2919576587424,624.8102397148149,625.5089721679688,2874980,0.0,0.0
2021-09-03 00:00:00+01:00,626.9065628118814,632.0975210591581,623.1131913373318,624.1114501953125,2152227,0.0,0.0
2021-09-06 00:00:00+01:00,623.7120574291796,633.2953780266855,622.7137986749943,628.9030151367188,1751448,0.0,0.0
2021-09-07 00:00:00+01:00,629.1026787071389,639.6841971237918,628.9150177598061,635.691162109375,2520746,0.0,0.0
2021-09-08 00:00:00+01:00,631.4984958692912,634.6929362320685,625.9082709310927,629.9013061523438,3144317,0.0,0.0
2021-09-09 00:00:00+01:00,624.9100191396826,632.6964257227391,623.9117603231655,630.500244140625,2063193,0.0,0.0
2021-09-10 00:00:00+01:00,632.4966862170614,637.2883767070452,629.3023071289062,629.3023071289062,2026746,0.0,0.0
2021-09-13 00:00:00+01:00,632.6963643248757,643.2329777992576,632.4967003951714,640.6824340820312,75989,0.0,0.0
2021-09-14 00:00:00+01:00,639.4846006909661,647.0714045765445,638.4863418319862,643.078369140625,2248483,0.0,0.0
2021-09-15 00:00:00+01:00,642.2797416502042,651.0644069777198,641.4810858604354,645.47412109375,2479285,0.0,0.0
2021-09-16 00:00:00+01:00,648.468864965409,650.6650464192595,645.2744856822219,647.8699340820312,2449882,0.0,0.0
2021-09-17 00:00:00+01:00,653.2605267753968,654.8577163461539,648.2692332056853,648.8681640625,8422422,0.0,0.0
2021-09-20 00:00:00+01:00,639.8838651237569,644.6754949857096,627.5054321289062,627.5054321289062,2730587,0.0,0.0
2021-09-21 00:00:00+01:00,628.7033617482555,638.087018566584,628.7033617482555,631.4984741210938,2463343,0.0,0.0
2021-09-22 00:00:00+01:00,633.8943046155825,643.8768920898438,631.8977871207304,643.8768920898438,1666987,0.0,0.0
2021-09-23 00:00:00+01:00,650.8647033218265,652.2622899397745,640.6824519123045,643.8768920898438,2653487,0.0,0.0
2021-09-24 00:00:00+01:00,643.876953557914,646.8717300860905,637.6877365472394,640.4828491210938,1443770,0.0,0.0
2021-09-27 00:00:00+01:00,644.276176942112,647.6662595225673,641.2814008997944,647.0712890625,1590685,0.0,0.0
2021-09-28 00:00:00+01:00,648.2693207426126,650.0491753257036,636.5168090803566,639.0853271484375,1173787,0.0,0.0
2021-09-29 00:00:00+01:00,637.288430215673,643.876913799276,636.6894383896941,642.2797241210938,1163184,0.0,0.0
2021-09-30 00:00:00+01:00,644.0766241294198,648.0696595413456,641.2815115268486,644.4758911132812,1635718,0.0,0.0
2021-10-01 00:00:00+01:00,636.0905079396812,638.2866894453861,630.1009552489664,635.4915161132812,1686483,0.0,0.0
2021-10-04 00:00:00+01:00,633.8943264339763,641.8803966882626,629.6018258580735,635.4915161132812,1486944,0.0,0.0
2021-10-05 00:00:00+01:00,636.8890989159647,641.2814619007304,634.4932534826597,640.283203125,1500104,0.0,0.0
2021-10-06 00:00:00+01:00,638.8856241358677,640.597664765502,624.7083265115011,634.093994140625,1510981,0.0,0.0
2021-10-07 00:00:00+01:00,638.8856130195601,642.4913232106082,636.4897675991847,638.2866821289062,1044355,0.0,0.0
2021-10-08 00:00:00+01:00,636.6894346670182,645.0748327506485,636.6894346670182,643.67724609375,1863695,0.0,0.0
2021-10-11 00:00:00+01:00,639.2849579368459,650.6650716647205,639.0832833385856,648.269287109375,1495146,0.0,0.0
2021-10-12 00:00:00+01:00,641.8803782017616,645.8654315307582,640.8821194487261,642.4793090820312,1939390,0.0,0.0
2021-10-13 00:00:00+01:00,641.2814470687085,649.6667840335732,639.48453257085,649.2675170898438,3382542,0.0,0.0
2021-10-14 00:00:00+01:00,651.8630182439631,662.2449344834143,651.8630182439631,658.850830078125,2894856,0.0,0.0
2021-10-15 00:00:00+01:00,662.8437751158283,663.6842889544215,658.8507403259739,659.8489990234375,1485391,0.0,0.0
2021-10-18 00:00:00+01:00,658.8507796306535,663.3888844121523,657.8525208736373,661.4462280273438,1055563,0.0,0.0
2021-10-19 00:00:00+01:00,661.446216764377,678.9127591996614,658.8507684118814,675.8211669921875,2147227,0.0,0.0
2021-10-20 00:00:00+01:00,674.6231687551365,679.4147979847461,668.2343500919476,671.2291259765625,1998973,0.0,0.0
2021-10-21 00:00:00+01:00,669.2326949327379,670.4305566977989,657.6528567964876,664.84033203125,3876347,0.0,0.0
2021-10-22 00:00:00+01:00,666.2379478329474,668.6068018310607,658.451480445852,660.447998046875,1241012,0.0,0.0
2021-10-25 00:00:00+01:00,661.8455561509076,664.8403324230836,658.0521850585938,658.0521850585938,1231404,0.0,0.0
2021-10-26 00:00:00+01:00,659.849045118645,670.880828101377,658.0521915234625,668.8333740234375,1902315,0.0,0.0
2021-10-27 00:00:00+01:00,668.6337578285913,668.8334217820643,660.8473510742188,660.8473510742188,1752591,0.0,0.0
2021-10-28 00:00:00+01:00,662.2449020863664,663.0904121665744,654.4584348232504,657.8525390625,986993,0.0,0.0
2021-10-29 00:00:00+01:00,655.4567260742188,662.045270936365,653.8595363112715,655.4567260742188,1217041,0.0,0.0
2021-11-01 00:00:00+00:00,655.0573872348576,666.8368279987609,653.8594645796234,663.04345703125,1305054,0.0,0.0
2021-11-02 00:00:00+00:00,661.0470116974955,662.0452705309472,654.8577947443182,658.850830078125,1351473,0.0,0.0
2021-11-03 00:00:00+00:00,655.8560214932663,659.2501257325159,652.2623142401981,657.8525390625,1481693,0.0,0.0
2021-11-04 00:00:00+00:00,659.6494077187083,663.4427790009056,651.4636733125675,652.2623291015625,1944842,0.0,0.0
2021-11-05 00:00:00+00:00,651.8629436328084,665.2396348415408,651.8629436328084,661.0469360351562,1134797,0.0,0.0
2021-11-08 00:00:00+00:00,660.6476404041825,663.6424167078542,657.0539332113285,662.0452270507812,654806,0.0,0.0
2021-11-09 00:00:00+00:00,659.0505247239961,660.8473785221157,646.07315928474,647.6703491210938,1164318,0.0,0.0
2021-11-10 00:00:00+00:00,647.6702802879331,657.2536010742188,645.6737627402337,657.2536010742188,983072,0.0,0.0
2021-11-11 00:00:00+00:00,656.2553276464186,666.437518169217,654.4584131505094,662.8438110351562,1314848,0.0,0.0
2021-11-12 00:00:00+00:00,663.6424636361878,663.6424636361878,657.4532466518307,660.8473510742188,908659,0.0,0.0
2021-11-15 00:00:00+00:00,657.0539336758222,664.9431878344005,653.0608986014372,655.257080078125,1376968,0.0,0.0
2021-11-16 00:00:00+00:00,655.0574792984079,666.4375938003327,654.4076118025303,664.0418090820312,966924,0.0,0.0
2021-11-17 00:00:00+00:00,663.8421200058795,668.833414141262,660.8473435246499,663.6424560546875,1200787,0.0,0.0
2021-11-18 00:00:00+00:00,665.6389304861755,667.8351119489134,657.8525243263587,663.4427490234375,1426727,0.0,0.0
2021-11-19 00:00:00+00:00,666.8368681240515,667.2361960094507,652.0626502974985,657.8525390625,1485766,0.0,0.0
2021-11-22 00:00:00+00:00,661.04697935905,664.4410226694188,656.4549523924841,657.8525390625,1106788,0.0,0.0
2021-11-23 00:00:00+00:00,654.4584277643353,658.6511268002803,654.0591608121235,657.2536010742188,1036699,0.0,0.0
2021-11-24 00:00:00+00:00,658.2518598480685,664.6406794433786,654.8577556454272,657.2536010742188,1058169,0.0,0.0
2021-11-25 00:00:00+00:00,658.6511120928328,662.8438110351562,655.057404958772,662.8438110351562,576618,0.0,0.0
2021-11-26 00:00:00+00:00,644.2762239476986,651.4367076660257,634.09397247516,635.691162109375,2220102,0.0,0.0
2021-11-29 00:00:00+00:00,640.4827558291,650.4653428023022,634.2636236420352,642.8786010742188,2462362,0.0,0.0
2021-11-30 00:00:00+00:00,634.0940329047429,649.2675795913516,631.7181719704334,639.0853271484375,3025195,0.0,0.0
2021-12-01 00:00:00+00:00,639.4846006909661,649.8665171959112,639.4846006909661,643.078369140625,1259961,0.0,0.0
2021-12-02 00:00:00+00:00,640.8821268047304,643.6772391595359,637.0887556854317,639.6842041015625,1514822,0.0,0.0
2021-12-03 00:00:00+00:00,644.8751293035265,646.8716467317107,638.8855770189735,642.0800170898438,1172932,0.0,0.0
2021-12-06 00:00:00+00:00,645.6737490230056,650.0661119061815,644.0765593903301,649.2675170898438,877843,0.0,0.0
2021-12-07 00:00:00+00:00,655.4566761264031,655.6174065099226,649.8664514531961,651.2640380859375,1204712,0.0,0.0
2021-12-08 00:00:00+00:00,650.6650211153548,655.4606720885479,645.4740635887296,654.2587890625,1111611,0.0,0.0
2021-12-09 00:00:00+00:00,658.2518894337563,658.2518894337563,645.8734557101084,649.4671630859375,917104,0.0,0.0
2021-12-10 00:00:00+00:00,646.8716430899567,657.2535580296176,645.8733843814845,650.2657470703125,884157,0.0,0.0
2021-12-13 00:00:00+00:00,643.2779943564245,649.4671501662461,634.2936651666917,634.6929321289062,1487329,0.0,0.0
2021-12-14 00:00:00+00:00,637.088766496384,644.0765779664158,636.4897746701957,638.8856201171875,1319338,0.0,0.0
2021-12-15 00:00:00+00:00,639.4845978931503,641.2815125745607,631.4985270562511,637.687744140625,1077029,0.0,0.0
2021-12-16 00:00:00+00:00,644.4758412399632,645.4741000156936,636.2901680220787,640.283203125,1777798,0.0,0.0
2021-12-17 00:00:00+00:00,639.2849443492696,642.2797206764607,635.6911761993122,640.283203125,1879404,0.0,0.0
2021-12-20 00:00:00+00:00,628.9030805278428,633.6947108603731,624.1114501953125,624.1114501953125,4272521,0.0,0.0
2021-12-21 00:00:00+00:00,626.307566382823,636.4897569264825,624.111384939118,635.691162109375,838616,0.0,0.0
2021-12-22 00:00:00+00:00,636.0905543447992,638.8856669519369,633.2534617357799,637.687744140625,1401903,0.0,0.0
2021-12-23 00:00:00+00:00,639.2850073484536,649.2675960895045,638.8856794272571,649.0679321289062,842501,0.0,0.0
2021-12-24 00:00:00+00:00,653.8594685297119,657.4531755882477,648.069580078125,648.069580078125,940492,0.0,0.0
2021-12-29 00:00:00+00:00,657.0539410066041,659.449725520637,650.2657934901899,652.4619140625,750597,0.0,0.0
2021-12-30 00:00:00+00:00,653.4601551078366,654.4584138604785,648.6685252809312,649.2675170898438,561304,0.0,0.0
2021-12-31 00:00:00+00:00,647.0713283632967,652.0626220703125,647.0713283632967,652.0626220703125,296702,0.0,0.0
2022-01-04 00:00:00+00:00,656.854280044103,663.842091533934,653.987271554514,661.2466430664062,1662000,0.0,0.0
2022-01-05 00:00:00+00:00,660.647640583197,668.4340467890771,658.651123046875,658.651123046875,1455309,0.0,0.0
2022-01-06 00:00:00+00:00,651.6633224120994,663.6424278275015,649.6668048428656,657.8525390625,2834359,0.0,0.0
2022-01-07 00:00:00+00:00,655.8560100498484,669.6319688514209,655.8560100498484,668.8333740234375,2323745,0.0,0.0
2022-01-10 00:00:00+00:00,671.6283997898779,671.8280637033502,663.8419945954352,668.4339599609375,1411283,0.0,0.0
2022-01-11 00:00:00+00:00,698.7811323848084,700.1787190211298,680.8124746949134,683.8072509765625,3523921,0.0,0.0
2022-01-12 00:00:00+00:00,674.822922131615,686.8020272582116,663.5725264029782,683.8072509765625,10040337,0.0,0.0
2022-01-13 00:00:00+00:00,686.0034036051221,689.9964384795071,677.6180059973628,684.8054809570312,6198046,0.0,0.0
2022-01-14 00:00:00+00:00,678.8159755830568,688.7985634592783,676.8194580078125,676.8194580078125,13876739,0.0,0.0
2022-01-17 00:00:00+00:00,681.8107048012425,687.9999210423147,678.2169977858467,684.8054809570312,5599638,0.0,0.0
2022-01-18 00:00:00+00:00,683.6076387369992,703.1735484807876,679.215336415737,700.1787719726562,5494379,0.0,0.0
2022-01-19 00:00:00+00:00,698.5815287588894,701.3766413439685,691.7933807868731,697.3836059570312,3803661,0.0,0.0
2022-01-20 00:00:00+00:00,696.1857119243876,700.9773419815904,689.1979003200431,696.3853149414062,2837490,0.0,0.0
2022-01-21 00:00:00+00:00,688.3992098657833,690.1961243595058,670.2309493526226,679.814208984375,2766253,0.0,0.0
2022-01-24 00:00:00+00:00,674.423643508418,678.0174118661745,653.1966905831613,658.850830078125,2362561,0.0,0.0
2022-01-25 00:00:00+00:00,663.4427701128302,668.6337280273438,657.6528812934764,668.6337280273438,3145344,0.0,0.0
2022-01-26 00:00:00+00:00,674.4236549058814,686.2031580827871,668.6337657597918,680.4132080078125,1953358,0.0,0.0
2022-01-27 00:00:00+00:00,675.4218671294313,691.5936715740249,674.2240053348456,685.0051879882812,1506469,0.0,0.0
2022-01-28 00:00:00+00:00,653.4601718795244,666.0382690429688,651.6633182644268,666.0382690429688,10600033,0.0,0.0
2022-01-31 00:00:00+00:00,673.8246942209914,673.8246942209914,655.2571047962325,659.0504760742188,4759532,0.0,0.0
2022-02-01 00:00:00+00:00,662.2448911695826,663.8420808270884,654.0591570848861,658.651123046875,6551649,0.0,0.0
2022-02-02 00:00:00+00:00,660.6476115845846,667.0364917919322,658.0521632728431,666.4375,2640459,0.0,0.0
2022-02-03 00:00:00+00:00,667.8351301222816,669.8316477011225,660.0487237505782,663.2431640625,8073041,0.0,0.0
2022-02-04 00:00:00+00:00,665.2396897296175,666.6372154944692,649.267548904694,653.6598510742188,2722960,0.0,0.0
2022-02-07 00:00:00+00:00,660.8472719870081,664.8403068630624,655.6563144623619,664.4409790039062,3693301,0.0,0.0
2022-02-08 00:00:00+00:00,667.0365204282549,669.3345140600716,664.0417441266575,668.8333740234375,3855844,0.0,0.0
2022-02-09 00:00:00+00:00,673.0260225162461,677.8176520533816,668.034729054881,674.8228759765625,2033306,0.0,0.0
2022-02-10 00:00:00+00:00,676.6197727850424,678.4166263604756,669.6319614914518,671.6284790039062,1411740,0.0,0.0
2022-02-11 00:00:00+00:00,666.237932665908,670.83989100857,663.0434923912168,669.4323120117188,1227858,0.0,0.0
2022-02-14 00:00:00+00:00,662.0452781674543,662.4445451481101,650.8647669180544,656.0557250976562,1671621,0.0,0.0
2022-02-15 00:00:00+00:00,652.0626393718759,664.4410115363906,651.4636475538136,662.0452270507812,2250419,0.0,0.0
2022-02-16 00:00:00+00:00,663.64238064997,665.2396311491389,657.0538975114184,662.4444580078125,8519773,0.0,0.0
2022-02-17 00:00:00+00:00,662.0452569854315,662.4445239533128,649.0678924160776,650.86474609375,4231760,0.0,0.0
2022-02-18 00:00:00+00:00,650.2658374202099,654.0592088536913,644.8752152739205,645.8734741210938,1909267,0.0,0.0
2022-02-21 00:00:00+00:00,649.2675321065732,651.2640496580339,636.4887961720348,640.283203125,1989722,0.0,0.0
2022-02-22 00:00:00+00:00,627.3058849190952,644.9151247048974,624.5107113995183,639.0853271484375,1693766,0.0,0.0
2022-02-23 00:00:00+00:00,642.2797355575652,647.0713656063131,633.0957424222843,634.6929321289062,1827294,0.0,0.0
2022-02-24 00:00:00+00:00,611.9326371871352,621.3921506250742,587.9744262695312,587.9744262695312,6541344,0.0,0.0
2022-02-25 00:00:00+00:00,600.9518025053441,612.930908203125,587.5950947780077,612.930908203125,4987876,0.0,0.0
2022-02-28 00:00:00+00:00,599.3545669719408,617.5228271484375,594.3632733127105,617.5228271484375,3753009,0.0,0.0
2022-03-01 00:00:00+00:00,615.3267071259417,620.5176037921887,597.9569808077222,603.946533203125,4898890,0.0,0.0
2022-03-02 00:00:00+00:00,604.1462461977362,619.9187232673943,591.7678125371081,614.9274291992188,4071196,0.0,0.0
2022-03-03 00:00:00+00:00,616.3249658585088,623.3127769864788,603.6760089860475,603.946533203125,2785796,0.0,0.0
2022-03-04 00:00:00+00:00,599.3546008269456,604.5454977826549,586.3183183518692,587.9744262695312,4354341,0.0,0.0
2022-03-07 00:00:00+00:00,572.8009164969809,592.7660935162475,558.2263616444702,580.7869873046875,5858580,0.0,0.0
2022-03-08 00:00:00+00:00,570.2053968833812,619.5193414256026,564.8147753875882,601.9500122070312,7008287,0.0,0.0
2022-03-09 00:00:00+00:00,618.920406462107,625.9082175028083,616.125294231602,623.7120361328125,3544627,0.0,0.0
2022-03-10 00:00:00+00:00,625.3093300926953,628.5037094758796,615.326742198041,620.5176391601562,5801313,0.0,0.0
2022-03-11 00:00:00+00:00,622.9135164986022,633.8943637445713,619.1201450903171,624.9100341796875,2530345,0.0,0.0
2022-03-14 00:00:00+00:00,624.9100440302982,648.0696616817348,624.9100440302982,630.8995971679688,4285551,0.0,0.0
2022-03-15 00:00:00+00:00,622.9134522237116,628.2950563040206,618.3214864025881,619.5193481445312,5069583,0.0,0.0
2022-03-16 00:00:00+00:00,630.8995498657226,638.8856201171875,619.9187032699584,638.8856201171875,3677214,0.0,0.0
2022-03-17 00:00:00+00:00,642.4792911142807,646.0730590820312,635.491480038456,646.0730590820312,2568591,0.0,0.0
2022-03-18 00:00:00+00:00,644.6754762865078,647.2709855444041,630.1009231856289,637.8873291015625,8385126,0.0,0.0
2022-03-21 00:00:00+00:00,636.8890742133523,642.8686342994308,629.7015991210938,629.7015991210938,2009616,0.0,0.0
2022-03-22 00:00:00+00:00,630.3005799550551,644.6754689606091,630.3005799550551,640.6824340820312,10686145,0.0,0.0
2022-03-23 00:00:00+00:00,640.0835139593374,646.4723333149096,638.8935729729052,643.2779541015625,3540833,0.0,0.0
2022-03-24 00:00:00+00:00,645.2745441963958,646.3666335277433,638.4863352818633,639.0853271484375,1734537,0.0,0.0
2022-03-25 00:00:00+00:00,638.2866754793992,639.2310121810815,626.9065012444919,627.5054321289062,1646424,0.0,0.0
2022-03-28 00:00:00+01:00,631.4984631584616,639.4845331872951,630.5002044048574,635.691162109375,3688025,0.0,0.0
2022-03-29 00:00:00+01:00,642.0800314321183,648.2692477835147,636.2901429468293,643.2779541015625,1814518,0.0,0.0
2022-03-30 00:00:00+01:00,642.8786265608019,644.8232326305505,633.095703125,633.095703125,2525886,0.0,0.0
2022-03-31 00:00:00+01:00,618.9628078961072,622.1584977637673,611.1733557486767,613.170654296875,3069251,24.8,0.0
2022-04-01 00:00:00+01:00,617.9641193440627,626.153055061728,615.9668209228132,618.9627685546875,2790205,0.0,0.0
2022-04-04 00:00:00+01:00,619.1625387341336,623.9141075056947,613.1097514373299,616.3663330078125,2481159,0.0,0.0
2022-04-05 00:00:00+01:00,612.9709648973981,625.0945827548674,612.9709648973981,622.9574584960938,8166919,0.0,0.0
2022-04-06 00:00:00+01:00,622.9574001081284,630.9465942382812,622.3582349294525,630.9465942382812,3573029,0.0,0.0
2022-04-07 00:00:00+01:00,631.5458337830557,655.2307789417139,623.3568974351816,624.9547119140625,1815147,0.0,0.0
2022-04-08 00:00:00+01:00,631.7455467758953,633.942587509824,627.3515262607563,628.9493408203125,1272952,0.0,0.0
2022-04-11 00:00:00+01:00,629.1490500479513,631.9452558576214,626.3528442382812,626.3528442382812,1623158,0.0,0.0
2022-04-12 00:00:00+01:00,618.7630954396379,623.7563420489079,617.1652809057586,619.9614868164062,1566441,0.0,0.0
2022-04-13 00:00:00+01:00,616.3663703126759,621.9587821037925,612.771196201772,613.3704223632812,1483930,0.0,0.0
2022-04-14 00:00:00+01:00,611.1733816765151,614.1693296259098,607.1787844106555,613.3704223632812,2034151,0.0,0.0
2022-04-19 00:00:00+01:00,614.9682177048397,615.9668669901521,610.9886149315214,615.5674438476562,2391005,0.0,0.0
2022-04-20 00:00:00+01:00,617.3650206832001,624.7549890660274,615.1679799926828,622.7576904296875,8578192,0.0,0.0
2022-04-21 00:00:00+01:00,624.555279783774,626.1530942396635,620.9601058289511,625.3541870117188,2070728,0.0,0.0
2022-04-22 00:00:00+01:00,618.7630796097824,626.3808281299035,617.9641723632812,617.9641723632812,1724851,0.0,0.0
2022-04-25 00:00:00+01:00,613.3704337147163,613.3704337147163,602.784714192652,610.1747436523438,3230411,0.0,0.0
2022-04-26 00:00:00+01:00,617.7643986644781,617.7643986644781,601.4864281591871,601.7860107421875,3648965,0.0,0.0
2022-04-27 00:00:00+01:00,602.7846641985316,627.3134988320234,593.7968209294518,596.193603515625,2076433,0.0,0.0
2022-04-28 00:00:00+01:00,600.5876704781774,603.9830412838869,599.3892792132812,603.5836181640625,1307084,0.0,0.0
2022-04-29 00:00:00+01:00,606.3798117787502,610.5741506462858,603.1841221200226,608.1773681640625,1846961,0.0,0.0
2022-05-03 00:00:00+01:00,607.5783109902729,617.5648048530143,607.5783109902729,614.1693725585938,10569419,0.0,0.0
2022-05-04 00:00:00+01:00,615.5675145033406,616.1666797622149,594.5958771046265,594.9953002929688,3590275,0.0,0.0
2022-05-05 00:00:00+01:00,603.3839141787747,605.9803779558636,586.0073921237473,588.4041748046875,2197687,0.0,0.0
2022-05-06 00:00:00+01:00,586.4069035374993,587.8049760392431,576.42041015625,576.42041015625,3439013,0.0,0.0
2022-05-09 00:00:00+01:00,574.2233832175335,576.2206819417685,565.0757818797344,570.4285278320312,2882616,0.0,0.0
2022-05-10 00:00:00+01:00,575.8211560384711,592.7981939627383,574.8225067488083,589.80224609375,4614610,0.0,0.0
2022-05-11 00:00:00+01:00,594.3960898495624,601.7780734697121,588.8036170633981,596.9925537109375,4473668,0.0,0.0
2022-05-12 00:00:00+01:00,585.607965739613,595.1949745049149,585.4082236918536,592.5985107421875,2371571,0.0,0.0
2022-05-13 00:00:00+01:00,600.5877552259392,616.7658262504051,599.189621727487,615.9669189453125,5165395,0.0,0.0
2022-05-16 00:00:00+01:00,628.1504042832852,636.5390827120336,622.1585085349549,632.9439086914062,5976420,0.0,0.0
2022-05-17 00:00:00+01:00,636.1396279770837,642.1315240019857,634.3420713601569,639.7347412109375,1830742,0.0,0.0
2022-05-18 00:00:00+01:00,641.1328348219216,647.3244725200906,634.741455078125,634.741455078125,3106136,0.0,0.0
2022-05-19 00:00:00+01:00,632.5445141285785,632.9439372915529,617.1652899651872,619.5620727539062,3630384,0.0,0.0
2022-05-20 00:00:00+01:00,625.5539290568836,640.1341840631966,623.7563116031149,625.3541870117188,3332255,0.0,0.0
2022-05-23 00:00:00+01:00,632.1449840243747,644.5282592773438,627.2016579777172,644.5282592773438,2321984,0.0,0.0
2022-05-24 00:00:00+01:00,639.1355219673405,645.7265826565435,637.3379655023501,642.1314697265625,2235255,0.0,0.0
2022-05-25 00:00:00+01:00,648.3231131766456,650.3204117009404,640.7333422126969,645.9263305664062,1433933,0.0,0.0
2022-05-26 00:00:00+01:00,643.7292769168938,656.112551896947,641.3325553080758,651.918212890625,2028339,0.0,0.0
2022-05-27 00:00:00+01:00,650.5201981810999,655.3137027763102,645.3272094726562,645.3272094726562,2153234,0.0,0.0
2022-05-30 00:00:00+01:00,649.5215442183091,652.1180080776538,644.1288134917102,650.9196166992188,2274014,0.0,0.0
2022-05-31 00:00:00+01:00,648.1233959364905,649.5215293380871,634.7414709305212,636.73876953125,9226153,0.0,0.0
2022-06-01 00:00:00+01:00,641.9318234720628,644.5283484891268,630.7469379781251,632.5445556640625,2132457,0.0,0.0
2022-06-06 00:00:00+01:00,639.5350566588222,646.7252830877778,638.136923212793,643.9290771484375,1553062,0.0,0.0
2022-06-07 00:00:00+01:00,641.9317695015021,645.7266247198413,638.5363983915005,644.3285522460938,1815180,0.0,0.0
2022-06-08 00:00:00+01:00,645.3271889964961,646.5255803454534,633.9844980790733,638.1369018554688,2260376,0.0,0.0
2022-06-09 00:00:00+01:00,634.9411832799675,638.3366151234619,629.9479370117188,629.9479370117188,3205101,0.0,0.0
2022-06-10 00:00:00+01:00,622.1585413034182,625.6128537803706,610.1747491755835,613.9696044921875,2854344,0.0,0.0
2022-06-13 00:00:00+01:00,609.1761033259463,610.5742367966345,598.5904446000585,609.7752685546875,1815920,0.0,0.0
2022-06-14 00:00:00+01:00,606.5795988403568,611.5728452550692,600.1882190484388,606.1801147460938,4592832,0.0,0.0
2022-06-15 00:00:00+01:00,612.9709137716811,626.1530964130245,611.9722644951053,622.5579833984375,2196461,0.0,0.0
2022-06-16 00:00:00+01:00,618.1639303238666,619.9614869129401,602.1855411717149,609.1760864257812,5476846,0.0,0.0
2022-06-17 00:00:00+01:00,609.1760774194529,619.162570491903,605.7806453937333,609.5755615234375,6375137,0.0,0.0
2022-06-20 00:00:00+01:00,611.3731936646515,625.154543617757,609.1761527265683,622.3583374023438,2386600,0.0,0.0
2022-06-21 00:00:00+01:00,623.35690186581,626.1531077000838,618.6792076022748,619.3623046875,1176601,0.0,0.0
2022-06-22 00:00:00+01:00,616.1665909660652,619.761703906662,610.5741795134229,616.3663330078125,1878731,0.0,0.0
2022-06-23 00:00:00+01:00,615.3676970717895,618.7630680441338,609.5056306882649,610.3744506835938,2052636,0.0,0.0
2022-06-24 00:00:00+01:00,610.9736429197204,620.9601361382602,608.5769211189013,619.9614868164062,1281742,0.0,0.0
2022-06-27 00:00:00+01:00,623.1571859842667,626.9520412724734,618.1639393017005,619.5620727539062,3027681,0.0,0.0
2022-06-28 00:00:00+01:00,626.5525664964301,630.3474214720308,616.1665898711632,617.764404296875,2898079,0.0,0.0
2022-06-29 00:00:00+01:00,611.9723037587336,616.5661272973468,605.9804077148438,605.9804077148438,4024574,0.0,0.0
2022-06-30 00:00:00+01:00,595.9939193603508,598.1300683526011,588.6039507485428,589.6026000976562,2617000,0.0,0.0
2022-07-01 00:00:00+01:00,586.2071012628014,589.8022141296657,576.2206089073875,585.8076171875,2572149,0.0,0.0
2022-07-04 00:00:00+01:00,589.6025763446127,593.1976894754988,585.4082370567679,586.6066284179688,1266031,0.0,0.0
2022-07-05 00:00:00+01:00,588.4041918848285,588.4041918848285,567.4325561523438,567.4325561523438,2417485,0.0,0.0
2022-07-06 00:00:00+01:00,573.2247235629363,579.4163616874351,568.4312189013858,572.22607421875,2782424,0.0,0.0
2022-07-07 00:00:00+01:00,579.2165923811432,588.404178106008,576.4203865395015,584.2098388671875,5122377,0.0,0.0
2022-07-08 00:00:00+01:00,579.2165584692219,595.7941114512216,579.2165584692219,595.1949462890625,2322500,0.0,0.0
2022-07-11 00:00:00+01:00,588.4042399223142,597.1923424704656,587.5973477845381,593.5972290039062,1781911,0.0,0.0
2022-07-12 00:00:00+01:00,592.9979774714997,602.7847290039062,589.461744485668,602.7847290039062,1529424,0.0,0.0
2022-07-13 00:00:00+01:00,601.3866649589839,602.226532495515,589.0033883455333,592.9979858398438,5036469,0.0,0.0
2022-07-14 00:00:00+01:00,590.4015008899989,592.9979647880364,574.8225346436191,576.42041015625,1415918,0.0,0.0
2022-07-15 00:00:00+01:00,577.8184735234488,587.6052856445312,575.421751721469,587.6052856445312,1331421,0.0,0.0
2022-07-18 00:00:00+01:00,589.2030508566223,595.3946883273529,588.2044016178822,595.1949462890625,1166607,0.0,0.0
2022-07-19 00:00:00+01:00,593.1976883595285,601.186882815549,590.8009056416357,598.7901000976562,1426444,0.0,0.0
2022-07-20 00:00:00+01:00,601.1868690677865,604.1638606258882,591.4001182735051,593.99658203125,1898122,0.0,0.0
2022-07-21 00:00:00+01:00,592.7982557295884,601.5864191564793,588.0047508302889,599.1896362304688,2072879,0.0,0.0
2022-07-22 00:00:00+01:00,598.1909729608215,606.3799099898944,595.9939321550623,605.1815185546875,2988460,0.0,0.0
2022-07-25 00:00:00+01:00,604.1828108299827,613.7698194802487,601.386605053048,613.170654296875,1761131,0.0,0.0
2022-07-26 00:00:00+01:00,613.7697785084885,622.5579402960851,611.9722221256475,621.7589721679688,4393390,0.0,0.0
2022-07-27 00:00:00+01:00,625.1544799804688,630.3474686820322,622.5580161060459,625.1544799804688,4454393,0.0,0.0
2022-07-28 00:00:00+01:00,629.149130859375,630.7739475970864,618.9628946453929,624.1558837890625,2136584,0.0,0.0
2022-07-29 00:00:00+01:00,623.3569176341153,644.727976507042,623.3569176341153,642.930419921875,2360839,0.0,0.0
2022-08-01 00:00:00+01:00,637.5377344366998,647.9236505351492,637.5377344366998,640.93310546875,1582235,0.0,0.0
2022-08-02 00:00:00+01:00,639.1355288714058,646.3258157617519,635.939839036506,644.5282592773438,1251222,0.0,0.0
2022-08-03 00:00:00+01:00,641.3325553080758,654.1152534132425,641.3325553080758,651.918212890625,1738679,0.0,0.0
2022-08-04 00:00:00+01:00,655.5134826049454,670.0937392873368,654.9142564005667,662.5040283203125,2319778,0.0,0.0
2022-08-05 00:00:00+01:00,663.1031359316697,670.0936810393831,662.1044866305679,669.0950317382812,2237263,0.0,0.0
2022-08-08 00:00:00+01:00,658.709014335389,670.2933820912358,655.1358444288711,665.4998779296875,1137212,0.0,0.0
2022-08-09 00:00:00+01:00,666.0991179847235,668.6955819196182,659.508056640625,659.508056640625,1007308,0.0,0.0
2022-08-10 00:00:00+01:00,656.7117682120326,679.5798867693246,656.512087110279,675.2866821289062,1978608,0.0,0.0
2022-08-11 00:00:00+01:00,679.8804651795324,681.8777638792094,668.8953223313084,671.6915283203125,1860034,0.0,0.0
2022-08-12 00:00:00+01:00,669.8939391159884,679.8804321289062,669.8939391159884,679.8804321289062,1653050,0.0,0.0
2022-08-15 00:00:00+01:00,680.2799309376047,689.4675168986605,671.691510189191,683.27587890625,2134876,0.0,0.0
2022-08-16 00:00:00+01:00,684.6739217173225,688.8682608822139,676.4850463867188,676.4850463867188,2605341,0.0,0.0
2022-08-17 00:00:00+01:00,677.2839612420937,680.0801670659185,663.1031291215417,666.6982421875,2145942,0.0,0.0
2022-08-18 00:00:00+01:00,666.0990632466229,668.6955269681476,661.9047241210938,661.9047241210938,1770225,0.0,0.0
2022-08-19 00:00:00+01:00,657.1112298777894,665.4999082573153,657.1112298777894,660.107177734375,2427848,0.0,0.0
2022-08-22 00:00:00+01:00,659.9074560170864,663.6733586878603,645.3272003802686,645.7266235351562,2789450,0.0,0.0
2022-08-23 00:00:00+01:00,643.5295992507141,646.1260629122438,633.9335698575671,635.5404052734375,10532006,0.0,0.0
2022-08-24 00:00:00+01:00,633.7428466760309,636.9385367540357,621.3596314337505,627.55126953125,2804561,0.0,0.0
2022-08-25 00:00:00+01:00,606.8191399622964,609.2168081463466,598.3072685157938,602.023681640625,2866669,24.8,0.0
2022-08-26 00:00:00+01:00,605.0207137929824,610.4155730353966,599.2662745049896,599.6259155273438,4909442,0.0,0.0
2022-08-30 00:00:00+01:00,596.6287923852283,606.4123941932492,591.8333957645899,596.82861328125,2547401,0.0,0.0
2022-08-31 00:00:00+01:00,601.2243898293417,606.4194284296964,596.8286348419481,601.8238525390625,4771191,0.0,0.0
2022-09-01 00:00:00+01:00,597.2282375394353,618.6677346321078,588.2368453554053,590.4347534179688,3363960,0.0,0.0
2022-09-02 00:00:00+01:00,592.0331987113734,611.6144893858672,590.2349324700374,609.8162231445312,2459235,0.0,0.0
2022-09-05 00:00:00+01:00,601.8238906361825,611.4146848310546,597.4280743937429,610.2158203125,3641626,0.0,0.0
2022-09-06 00:00:00+01:00,609.0169120002628,621.1043387040871,608.8171520755202,613.612548828125,1536355,0.0,0.0
2022-09-07 00:00:00+01:00,598.0275109311481,603.6221920173907,596.0314358435942,600.6250610351562,2583853,0.0,0.0
2022-09-08 00:00:00+01:00,602.6231358633314,606.0198476533732,591.8334767463307,598.8267822265625,1374021,0.0,0.0
2022-09-09 00:00:00+01:00,597.8276971235335,614.2119750976562,597.8276971235335,614.2119750976562,1366198,0.0,0.0
2022-09-12 00:00:00+01:00,616.6096846107491,620.0063960580785,615.4917363534053,618.2081298828125,5166568,0.0,0.0
2022-09-13 00:00:00+01:00,619.8066671671027,622.5720251881288,608.8171876852517,610.0159912109375,1886506,0.0,0.0
2022-09-14 00:00:00+01:00,609.4165387261678,611.2148048418078,601.224369780723,602.8228759765625,2084292,0.0,0.0
2022-09-15 00:00:00+01:00,604.8209808690808,611.814285618583,603.3094275118385,609.2167358398438,1409926,0.0,0.0
2022-09-16 00:00:00+01:00,608.017924151121,612.014098640387,603.0227060395383,609.0169677734375,2715861,0.0,0.0
2022-09-20 00:00:00+01:00,616.0102349096991,619.5598761925103,601.6240442269932,603.6221313476562,1900913,0.0,0.0
2022-09-21 00:00:00+01:00,601.8238436885688,615.0111694335938,599.4261148385036,615.0111694335938,3498739,0.0,0.0
2022-09-22 00:00:00+01:00,607.4185126818728,611.6145080240449,599.8258056640625,599.8258056640625,3808606,0.0,0.0
2022-09-23 00:00:00+01:00,600.2253708588323,603.0226806883625,581.0437219213982,583.0418090820312,2061427,0.0,0.0
2022-09-26 00:00:00+01:00,582.2425878380194,583.4954167840286,566.0580696019275,569.6546630859375,3854092,0.0,0.0
2022-09-27 00:00:00+01:00,573.4510392196762,574.0504410023632,557.0666994226864,558.2655639648438,5751316,0.0,0.0
2022-09-28 00:00:00+01:00,553.070516474395,554.5101783129293,519.1030338345582,532.6900634765625,5455676,0.0,0.0
2022-09-29 00:00:00+01:00,527.8946541075857,530.2923221228048,507.91375194179636,511.51031494140625,6636534,0.0,0.0
2022-09-30 00:00:00+01:00,511.909951698859,532.8898667524716,511.909951698859,526.296142578125,4148584,0.0,0.0
2022-10-03 00:00:00+01:00,517.7044327712885,533.2894893550716,513.7082581624429,530.2923583984375,2525657,0.0,0.0
2022-10-04 00:00:00+01:00,539.4834768247819,565.2288467035991,536.2865255075023,556.2673950195312,5456970,0.0,0.0
2022-10-05 00:00:00+01:00,551.2722312926636,556.9757554398988,539.2837084186943,542.6804809570312,1855660,0.0,0.0
2022-10-06 00:00:00+01:00,544.8783665700745,548.8745406968025,532.4902023865064,534.6881103515625,4046455,0.0,0.0
2022-10-07 00:00:00+01:00,534.2884745850375,538.2846487569178,520.9013276953059,525.8965454101562,2081568,0.0,0.0
2022-10-10 00:00:00+01:00,522.4997655821008,534.4882879281529,520.7014994255487,528.69384765625,1039407,0.0,0.0
2022-10-11 00:00:00+01:00,526.2961700086697,526.2961700086697,514.3076464960495,519.502685546875,3587058,0.0,0.0
2022-10-12 00:00:00+01:00,517.5045774561803,519.9023064528675,503.9175785913129,506.3152770996094,3666409,0.0,0.0
2022-10-13 00:00:00+01:00,501.51985356240976,525.2970774522839,500.5208100294169,521.3009033203125,5246013,0.0,0.0
2022-10-14 00:00:00+01:00,527.8946521054858,537.6852669949228,520.901347044919,521.900390625,2842514,0.0,0.0
2022-10-17 00:00:00+01:00,521.7005567380628,543.6795149531903,518.904222607238,536.4863891601562,2344633,0.0,0.0
2022-10-18 00:00:00+01:00,541.881228466861,545.877402538219,537.4854125976562,537.4854125976562,1875459,0.0,0.0
2022-10-19 00:00:00+01:00,540.4825596356754,542.6804676373131,530.6919450575939,537.8850708007812,1316785,0.0,0.0
2022-10-20 00:00:00+01:00,535.8870324757232,542.4806961039525,531.4912160723808,539.0839233398438,1182546,0.0,0.0
2022-10-21 00:00:00+01:00,535.0877604390519,538.2847123495981,529.0934984730724,534.8880004882812,1296190,0.0,0.0
2022-10-24 00:00:00+01:00,538.8841112949708,545.6775951896205,535.7211238288922,542.2808227539062,2211862,0.0,0.0
2022-10-25 00:00:00+01:00,544.4787321725457,548.2750854492188,536.48638381038,548.2750854492188,1074901,0.0,0.0
2022-10-26 00:00:00+01:00,547.8755128053721,553.6699532591865,544.8783821247667,548.4749145507812,1881332,0.0,0.0
2022-10-27 00:00:00+01:00,545.477762334487,549.8735782165381,542.080989973195,543.4796752929688,3597435,0.0,0.0
2022-10-28 00:00:00+01:00,536.8860800125428,541.2818354710123,532.6900845019427,537.685302734375,2125182,0.0,0.0
2022-10-31 00:00:00+00:00,538.6843348255577,545.4778192805819,537.0858284393979,541.8812866210938,2410910,0.0,0.0
2022-11-01 00:00:00+00:00,547.2760292630254,551.0723824520106,544.8783613958241,546.476806640625,2345728,0.0,0.0
2022-11-02 00:00:00+00:00,552.071459613544,552.071459613544,542.4806656067884,550.273193359375,1463277,0.0,0.0
2022-11-03 00:00:00+00:00,544.8783807847683,548.6747341088429,539.4835211822341,542.4806518554688,1833023,0.0,0.0
2022-11-04 00:00:00+00:00,545.6776253862167,553.4701532547357,542.6804945924185,550.4730224609375,4425362,0.0,0.0
2022-11-07 00:00:00+00:00,548.2751468605159,554.6690506571296,545.4778368157921,551.2722778320312,3177677,0.0,0.0
2022-11-08 00:00:00+00:00,549.0743494882707,553.6699867290776,545.4778168448423,552.2713012695312,4133737,0.0,0.0
2022-11-09 00:00:00+00:00,553.0705278634141,553.2703487842962,547.0762660976541,550.8726806640625,1301626,0.0,0.0
2022-11-10 00:00:00+00:00,547.6756957675769,566.4577026367188,547.2760539499606,566.4577026367188,3311719,0.0,0.0
2022-11-11 00:00:00+00:00,565.059025421485,578.646054718738,562.261715588068,566.6575317382812,2352712,0.0,0.0
2022-11-14 00:00:00+00:00,570.2540686240771,570.4538895373099,562.8611826487169,568.2559814453125,3539819,0.0,0.0
2022-11-15 00:00:00+00:00,566.8573608398438,578.0466003351722,563.260767307675,566.8573608398438,2265291,0.0,0.0
2022-11-16 00:00:00+00:00,565.6584887548917,569.6546630859375,563.4605806774603,569.6546630859375,2770190,0.0,0.0
2022-11-17 00:00:00+00:00,571.6527152073579,577.6469763364597,564.8592314563981,576.248291015625,3596078,0.0,0.0
2022-11-18 00:00:00+00:00,579.8448772836952,599.2262847812334,579.7559121664889,595.429931640625,3752119,0.0,0.0
2022-11-21 00:00:00+00:00,594.0312859008685,598.2272811154386,587.8252520852624,590.4347534179688,1548201,0.0,0.0
2022-11-22 00:00:00+00:00,591.233996799558,598.4271229941769,590.6345950236661,592.432861328125,1280364,0.0,0.0
2022-11-23 00:00:00+00:00,594.4309419850584,601.2244262695312,593.1551857473463,601.2244262695312,1661285,0.0,0.0
2022-11-24 00:00:00+00:00,600.824785268224,611.8142637678127,600.0255016868331,604.2214965820312,1606153,0.0,0.0
2022-11-25 00:00:00+00:00,604.4213390641122,609.2167358398438,601.4242084571828,609.2167358398438,979697,0.0,0.0
2022-11-28 00:00:00+00:00,606.6192620286507,609.4165718022231,602.4232668799025,603.6221313476562,2756819,0.0,0.0
2022-11-29 00:00:00+00:00,605.02072494077,611.214806894803,595.429931640625,595.429931640625,4566192,0.0,0.0
2022-11-30 00:00:00+00:00,599.4261161021795,602.8228884841363,586.2387293525761,588.23681640625,5217182,0.0,0.0
2022-12-01 00:00:00+00:00,593.4318841459788,597.4280584499921,586.8382209350691,590.4347534179688,2082488,0.0,0.0
2022-12-02 00:00:00+00:00,591.4337900981707,601.0245839252668,587.0379740242965,596.2291870117188,2695821,0.0,0.0
2022-12-05 00:00:00+00:00,598.227310813187,602.2234853155821,592.832511821024,595.6298217773438,1757369,0.0,0.0
2022-12-06 00:00:00+00:00,604.421343516108,617.4089095751318,598.2312858215382,610.8152465820312,4264292,0.0,0.0
2022-12-07 00:00:00+00:00,609.4165679817379,612.2138777377736,602.5800953799352,605.020751953125,2081483,0.0,0.0
2022-12-08 00:00:00+00:00,605.220551185785,607.2186382223686,600.0255126953125,600.0255126953125,1464698,0.0,0.0
2022-12-09 00:00:00+00:00,602.2234296113417,605.0207393089169,595.6297666830014,603.2224731445312,1568377,0.0,0.0
2022-12-12 00:00:00+00:00,599.6259885540665,601.2244339437163,595.8296350210607,598.4271240234375,1721556,0.0,0.0
2022-12-13 00:00:00+00:00,600.6249697041114,613.2128935246621,599.0264635039171,608.817138671875,3556252,0.0,0.0
2022-12-14 00:00:00+00:00,607.2186943751165,614.8114624023438,605.6202489887438,614.8114624023438,1894148,0.0,0.0
2022-12-15 00:00:00+00:00,612.8133664642431,615.6106763389973,606.0198212268344,611.614501953125,2139935,0.0,0.0
2022-12-16 00:00:00+00:00,611.0150111694808,612.0140547201024,589.057029067854,596.0293579101562,10708874,0.0,0.0
2022-12-19 00:00:00+00:00,597.2282350247599,601.224409311947,594.3709850438483,597.8276977539062,1095422,0.0,0.0
2022-12-20 00:00:00+00:00,591.2339767007664,596.8286573182954,589.435710457439,593.431884765625,1347199,0.0,0.0
2022-12-21 00:00:00+00:00,590.4347417791649,611.1069676320138,590.4347417791649,611.0150146484375,1432353,0.0,0.0
2022-12-22 00:00:00+00:00,611.2148551295177,616.8095358100935,607.0188598632812,607.0188598632812,1761880,0.0,0.0
2022-12-23 00:00:00+00:00,606.0198049921794,611.414664659297,604.9218570847023,611.21484375,318064,0.0,0.0
2022-12-28 00:00:00+00:00,614.8114574708289,618.208169133821,608.4175540230592,610.2158203125,1168889,0.0,0.0
2022-12-29 00:00:00+00:00,610.8152346391977,615.0111686563422,606.019776945128,612.0140380859375,1220644,0.0,0.0
2022-12-30 00:00:00+00:00,611.8142975919448,615.6106509063287,608.0178833007812,608.0178833007812,615136,0.0,0.0
2023-01-03 00:00:00+00:00,614.6116131736221,622.2043198743191,609.8162162586145,615.6106567382812,1564703,0.0,0.0
2023-01-04 00:00:00+00:00,618.0083827815237,625.6011511724917,617.4089809771145,623.0036010742188,1331824,0.0,0.0
2023-01-05 00:00:00+00:00,620.0064086914062,623.2033602774532,618.4079633867727,620.0064086914062,3468538,0.0,0.0
2023-01-06 00:00:00+00:00,620.0063812701922,625.2014197456582,618.4079360362535,623.8027954101562,1024141,0.0,0.0
2023-01-09 00:00:00+00:00,625.4012683039091,626.2004909562258,615.6106536152741,620.0064086914062,1761535,0.0,0.0
2023-01-10 00:00:00+00:00,618.0082779751064,624.7038937811143,616.2100118900565,623.4031372070312,1610886,0.0,0.0
2023-01-11 00:00:00+00:00,625.0016594880502,626.7999867716853,608.9170817201187,620.8057250976562,2021186,0.0,0.0
2023-01-12 00:00:00+00:00,623.4031751080528,630.3964799570213,622.9036533331264,628.7980346679688,2369700,0.0,0.0
2023-01-13 00:00:00+00:00,629.5972850671991,634.592503036668,625.0016479492188,625.0016479492188,1767193,0.0,0.0
2023-01-16 00:00:00+00:00,626.0006840016989,629.1976356590017,620.6058852457327,627.7990112304688,1901347,0.0,0.0
2023-01-17 00:00:00+00:00,627.9987309917395,633.5934112783177,626.6001066526779,629.7970581054688,2973341,0.0,0.0
2023-01-18 00:00:00+00:00,629.7970490631404,632.3945377818022,624.9017115047667,626.60009765625,7776755,0.0,0.0
2023-01-19 00:00:00+00:00,624.2024367935363,627.7990303840235,618.6078169551557,620.8057250976562,1034523,0.0,0.0
2023-01-20 00:00:00+00:00,622.8037318810527,627.3993075135309,620.2061822384029,624.8018188476562,1137779,0.0,0.0
2023-01-23 00:00:00+00:00,626.4003420997278,631.3955601388006,626.0007002658889,628.1986083984375,1350839,0.0,0.0
2023-01-24 00:00:00+00:00,631.1957076998715,635.3917028385006,628.198577026105,633.3936157226562,3205536,0.0,0.0
2023-01-25 00:00:00+00:00,635.1918781980337,637.6885114496899,630.7961231550813,634.7922973632812,1003965,0.0,0.0
2023-01-26 00:00:00+00:00,639.3878942029244,639.3878942029244,633.1938117824773,636.7904052734375,2631036,0.0,0.0
2023-01-27 00:00:00+00:00,638.3888392418017,640.986328125,635.391708541136,640.986328125,1154039,0.0,0.0
2023-01-30 00:00:00+00:00,641.5857730357499,642.1352347869251,628.7980279300201,634.5924682617188,3283768,0.0,0.0
2023-01-31 00:00:00+00:00,637.1899422063909,642.5848015826293,633.1937681430372,640.1870727539062,2058518,0.0,0.0
2023-02-01 00:00:00+00:00,641.5857857723649,642.584829331345,634.1928390452003,636.3907470703125,6252864,0.0,0.0
2023-02-02 00:00:00+00:00,636.5906102530993,646.3812255859375,636.5906102530993,646.3812255859375,1647354,0.0,0.0
2023-02-03 00:00:00+00:00,642.3849896733064,645.5819411640813,638.3888155540324,643.384033203125,1207023,0.0,0.0
2023-02-06 00:00:00+00:00,640.3869085934174,641.785593938935,632.5943811834242,634.5924682617188,4380032,0.0,0.0
2023-02-07 00:00:00+00:00,634.1928167074789,636.7903664554033,625.4012458934693,628.3983764648438,1450351,0.0,0.0
2023-02-08 00:00:00+00:00,626.6001252582299,635.9910980197246,622.8037719726562,622.8037719726562,3992232,0.0,0.0
2023-02-09 00:00:00+00:00,627.3993649733954,630.3964956977907,626.1006205215137,626.2005004882812,5994717,0.0,0.0
2023-02-10 00:00:00+00:00,624.2024531813261,625.2014968198931,613.2129731570888,621.205322265625,3248601,0.0,0.0
2023-02-13 00:00:00+00:00,623.2033289967341,627.3993239317604,619.8066176506854,625.201416015625,1609227,0.0,0.0
2023-02-14 00:00:00+00:00,626.000708900333,634.7923415517906,623.0915065574212,631.3955688476562,1857757,0.0,0.0
2023-02-15 00:00:00+00:00,632.59442622483,637.5896442762315,628.1986099488837,637.1900024414062,1182897,0.0,0.0
2023-02-16 00:00:00+00:00,639.7874985925442,640.5867212181779,629.7970633301796,634.3926391601562,1775213,0.0,0.0
2023-02-17 00:00:00+00:00,631.5953331607207,636.5905508209972,626.9996963271994,632.9939575195312,3976062,0.0,0.0
2023-02-20 00:00:00+00:00,630.1966804381894,636.590583764943,630.1966804381894,633.7932739257812,5733671,0.0,0.0
2023-02-21 00:00:00+00:00,633.1938055118701,634.5924909073001,625.2014569134828,626.2005004882812,2664954,0.0,0.0
2023-02-22 00:00:00+00:00,623.8028432772526,625.4012886338468,616.2100753914755,619.0073852539062,1114699,0.0,0.0
2023-02-23 00:00:00+00:00,621.0054120714542,624.0025425563102,620.2061894708478,622.0044555664062,1635143,0.0,0.0
2023-02-24 00:00:00+00:00,625.6010868223028,632.9939725489777,624.0025805469935,627.3993530273438,1303891,0.0,0.0
2023-02-27 00:00:00+00:00,629.5972623979079,636.1909254894824,629.5972623979079,633.3936157226562,1245605,0.0,0.0
2023-02-28 00:00:00+00:00,629.7971196415924,637.7894685660959,629.0987525438726,632.7942504882812,1905361,0.0,0.0
2023-03-01 00:00:00+00:00,632.5943737714479,639.3878575626959,629.9968240140328,637.3897705078125,1500280,0.0,0.0
2023-03-02 00:00:00+00:00,635.3916991037995,638.7884715714813,632.5943893534154,634.7922973632812,1252859,0.0,0.0
2023-03-03 00:00:00+00:00,635.3916826863928,636.99012793766,628.5981989033403,634.3926391601562,3653553,0.0,0.0
2023-03-06 00:00:00+00:00,636.3907381604265,636.7903799691352,628.398389800484,633.1937866210938,3154971,0.0,0.0
2023-03-07 00:00:00+00:00,634.5924921585498,637.3898019781448,631.9949422728839,632.1947631835938,4653524,0.0,0.0
2023-03-08 00:00:00+00:00,629.3974701973933,638.0691613584547,624.8018940120619,635.591552734375,1788832,0.0,0.0
2023-03-09 00:00:00+00:00,634.19287109375,640.9863554427632,632.1947838748176,634.19287109375,4159066,0.0,0.0
2023-03-10 00:00:00+00:00,628.5982275542242,628.5982275542242,611.6144868341022,617.2091064453125,2573096,0.0,0.0
2023-03-13 00:00:00+00:00,619.4069960310652,622.2043057532692,590.0350915059774,591.4337768554688,5807937,0.0,0.0
2023-03-14 00:00:00+00:00,595.829569777918,599.6259228952243,571.2530630098848,596.82861328125,5740275,0.0,0.0
2023-03-15 00:00:00+00:00,592.8324804711094,600.089510056425,562.0618896484375,562.0618896484375,3432337,0.0,0.0
2023-03-16 00:00:00+00:00,569.2550130753402,575.9995937672624,564.4596161424068,569.454833984375,3798654,0.0,0.0
2023-03-17 00:00:00+00:00,569.6546317377863,577.2473381582334,556.8668867775068,558.46533203125,6908115,0.0,0.0
2023-03-20 00:00:00+00:00,550.473032147397,564.209881860694,531.4912034526592,559.6642456054688,9845147,0.0,0.0
2023-03-21 00:00:00+00:00,565.6585258047342,578.7819495086555,565.2408958031165,575.0494995117188,2593252,0.0,0.0
2023-03-22 00:00:00+00:00,573.2511911290097,573.6508329497146,564.6534040735921,568.05615234375,6251442,0.0,0.0
2023-03-23 00:00:00+00:00,565.2588195680592,566.7584214748886,555.0685633218253,557.066650390625,3880799,0.0,0.0
2023-03-24 00:00:00+00:00,553.4701240799823,555.4682111705238,540.082916182643,548.2750854492188,4141478,0.0,0.0
2023-03-27 00:00:00+01:00,556.6670627623688,557.2664644849747,543.8793178736291,546.476806640625,3094981,0.0,0.0
2023-03-28 00:00:00+01:00,550.8726599339689,552.8707471140315,522.1001557596422,548.8745727539062,5119552,0.0,0.0
2023-03-29 00:00:00+01:00,550.4729975961753,567.2569170879624,550.2931770738837,566.2578735351562,2353761,0.0,0.0
2023-03-30 00:00:00+01:00,543.4797118206245,546.876484410216,540.8822228827826,542.8803100585938,4675145,0.0,0.0
2023-03-31 00:00:00+01:00,542.0810269867226,549.4739739358447,537.8850926944559,545.87744140625,3400672,0.0,0.0
2023-04-03 00:00:00+01:00,547.2760821930366,549.2741694306721,542.6924573867295,546.2770385742188,2875653,0.0,0.0
2023-04-04 00:00:00+01:00,548.8745474459092,551.0723944612125,545.2779541015625,545.2779541015625,3065287,0.0,0.0
2023-04-05 00:00:00+01:00,546.0771640562315,547.8105509070995,540.2827238311841,543.4796752929688,1591298,0.0,0.0
2023-04-06 00:00:00+01:00,544.0791436470245,554.269401002104,543.9802393019851,554.069580078125,2599724,0.0,0.0
2023-04-11 00:00:00+01:00,557.6661094043784,561.2626417136896,555.8678432497228,558.46533203125,2017756,0.0,0.0
2023-04-12 00:00:00+01:00,559.2645717443677,565.4586540012211,558.6651700000959,561.8621215820312,1815248,0.0,0.0
2023-04-13 00:00:00+01:00,563.6604326124638,567.2569653176408,561.4584999462835,561.4625244140625,9241163,0.0,0.0
2023-04-14 00:00:00+01:00,563.4605337126359,575.8486974970283,562.4614902131453,574.4500122070312,2232451,0.0,0.0
2023-04-17 00:00:00+01:00,575.6488944634004,577.4471606229258,563.2607302946195,564.4595947265625,4113474,0.0,0.0
2023-04-18 00:00:00+01:00,568.8554039800965,573.4509797757418,567.0570768648832,570.2540283203125,1643891,0.0,0.0
2023-04-19 00:00:00+01:00,570.4538945090289,574.6498898163607,567.6565846297351,572.8516235351562,1535780,0.0,0.0
2023-04-20 00:00:00+01:00,578.6460438796563,578.6460438796563,570.8535162836837,573.8506469726562,1500270,0.0,0.0
2023-04-21 00:00:00+01:00,574.4500323039729,575.4490758384146,570.4538581662061,573.4509887695312,2011641,0.0,0.0
2023-04-24 00:00:00+01:00,572.6517868772951,576.448140250312,570.2540579170842,575.4490966796875,4132960,0.0,0.0
2023-04-25 00:00:00+01:00,574.0504112901011,576.248319340831,571.2531014877087,575.4490966796875,3538194,0.0,0.0
2023-04-26 00:00:00+01:00,579.84494616139,582.0427933618641,571.8525971362945,579.2454833984375,2694349,0.0,0.0
2023-04-27 00:00:00+01:00,577.8468752155146,582.0368340657026,572.2521941539611,579.6451416015625,3777508,0.0,0.0
2023-04-28 00:00:00+01:00,582.0427350997247,613.6125471748023,579.4452463172894,591.2339477539062,3730232,0.0,0.0
2023-05-02 00:00:00+01:00,588.0369992592159,600.0255216577873,586.8381958007812,586.8381958007812,3300008,0.0,0.0
2023-05-03 00:00:00+01:00,587.6374019993441,590.0350698259432,583.441407081825,586.4385375976562,1314469,0.0,0.0
2023-05-04 00:00:00+01:00,585.0399178899943,586.8382451825297,564.4596437646854,565.6585083007812,2979665,0.0,0.0
2023-05-05 00:00:00+01:00,569.8544814049899,578.2464108759339,569.8544814049899,577.0475463867188,1094664,0.0,0.0
2023-05-09 00:00:00+01:00,573.850635723335,579.0456133676252,571.8525486365222,578.0465698242188,2223479,0.0,0.0
2023-05-10 00:00:00+01:00,580.4443055785687,583.4414362442067,571.2530926752561,572.2521362304688,1256315,0.0,0.0
2023-05-11 00:00:00+01:00,572.8515996288396,576.4461198074318,568.8554254032509,575.249267578125,1597323,0.0,0.0
2023-05-12 00:00:00+01:00,579.445246248311,582.2425559313956,574.8496704101562,574.8496704101562,1336182,0.0,0.0
2023-05-15 00:00:00+01:00,578.6460198579766,579.8448842791524,574.0503830729322,576.248291015625,1130670,0.0,0.0
2023-05-16 00:00:00+01:00,574.6498930856245,576.0485175448373,567.8564087753241,568.455810546875,1497422,0.0,0.0
2023-05-17 00:00:00+01:00,565.059009076433,569.2550041935746,563.460563782655,566.2578735351562,1582953,0.0,0.0
2023-05-18 00:00:00+01:00,572.0522944587485,572.0522944587485,566.2578542452202,570.2540283203125,2980168,0.0,0.0
2023-05-19 00:00:00+01:00,573.0513595586954,578.2463982473165,570.034289482586,575.249267578125,1206617,0.0,0.0
2023-05-22 00:00:00+01:00,576.2483287167009,581.6431884765625,575.0494642170894,581.6431884765625,3920319,0.0,0.0
2023-05-23 00:00:00+01:00,582.4424477071622,586.4386223054961,579.9458142117676,581.0437622070312,2303172,0.0,0.0
2023-05-24 00:00:00+01:00,581.2435965110053,581.2435965110053,550.2732426610617,554.46923828125,3650959,0.0,0.0
2023-05-25 00:00:00+01:00,555.068550684345,562.861138856669,547.4758443864841,555.2683715820312,1715846,0.0,0.0
2023-05-26 00:00:00+01:00,559.2646153408954,559.2646153408954,549.3541195434418,555.46826171875,1570432,0.0,0.0
2023-05-30 00:00:00+01:00,558.4653935008201,566.6575635257061,554.6690398727368,561.4625244140625,1717310,0.0,0.0
2023-05-31 00:00:00+01:00,558.465367411957,566.4577161405717,551.8717041015625,551.8717041015625,8736467,0.0,0.0
2023-06-01 00:00:00+01:00,550.4730635909347,555.8679238135751,549.275235593856,554.46923828125,1451271,0.0,0.0
2023-06-02 00:00:00+01:00,558.2655331898264,568.4557897712398,554.2713711545318,566.4577026367188,1785787,0.0,0.0
2023-06-05 00:00:00+01:00,570.0542504292531,572.6488124977914,559.4644127220134,560.8630981445312,1699585,0.0,0.0
2023-06-06 00:00:00+01:00,559.6642303935635,567.8564000134562,559.6642303935635,565.2588500976562,2487551,0.0,0.0
2023-06-07 00:00:00+01:00,565.2588210627847,567.256908136868,562.061869548896,563.0609130859375,1731407,0.0,0.0
2023-06-08 00:00:00+01:00,563.860184001233,567.2568953646278,558.4653246319666,561.2626342773438,1627694,0.0,0.0
2023-06-09 00:00:00+01:00,557.6661621821569,562.86120121365,556.3674176684794,558.2655639648438,2285458,0.0,0.0
2023-06-12 00:00:00+01:00,559.6642197492948,562.0618877296841,550.872648534307,553.0704956054688,2055934,0.0,0.0
2023-06-13 00:00:00+01:00,557.0666819937368,557.0666819937368,548.4749315011885,551.8717041015625,1376579,0.0,0.0
2023-06-14 00:00:00+01:00,551.8717367478725,555.5711983113596,550.6229321851528,552.6709594726562,1641447,0.0,0.0
2023-06-15 00:00:00+01:00,550.4729844469975,552.4710715048814,542.8802780177501,545.078125,3069109,0.0,0.0
2023-06-16 00:00:00+01:00,545.2779830046964,553.4701526948135,545.0781620899555,547.4758911132812,6940406,0.0,0.0
2023-06-19 00:00:00+01:00,543.4796760740402,551.0723824520106,542.4806325518452,546.476806640625,1037218,0.0,0.0
2023-06-20 00:00:00+01:00,545.277969855679,546.2770134285098,541.6814373842005,542.6804809570312,1720071,0.0,0.0
2023-06-21 00:00:00+01:00,543.2799062277164,544.6785916809386,536.8860636708888,537.28564453125,2116120,0.0,0.0
2023-06-22 00:00:00+01:00,533.0896808825809,538.0848992603292,530.8918335778011,532.0906372070312,1672710,0.0,0.0
2023-06-23 00:00:00+01:00,530.2922727976061,535.2435259971388,526.092314449875,529.69287109375,1670469,0.0,0.0
2023-06-26 00:00:00+01:00,529.6929689717841,532.6900999984331,524.6977505940359,532.0906372070312,2527614,0.0,0.0
2023-06-27 00:00:00+01:00,535.687141169935,538.8840925908007,530.0924609392259,532.8898315429688,1809899,0.0,0.0
2023-06-28 00:00:00+01:00,536.0867637132702,537.4854491240081,532.690052107849,536.8860473632812,1157389,0.0,0.0
2023-06-29 00:00:00+01:00,537.6852515363981,537.6852515363981,526.1962506957776,527.4949951171875,2615508,0.0,0.0
2023-06-30 00:00:00+01:00,530.4921591399345,535.08578411748,528.0944300751424,531.2913818359375,1456240,0.0,0.0
2023-07-03 00:00:00+01:00,534.0886966224245,538.2817041732186,533.0896529991303,535.8870239257812,2093368,0.0,0.0
2023-07-04 00:00:00+01:00,538.6843424702209,539.5395418745334,534.8879888364895,539.0839233398438,4390970,0.0,0.0
2023-07-05 00:00:00+01:00,535.4873276700006,537.5852946750116,525.8965342516966,530.0924682617188,2126914,0.0,0.0
2023-07-06 00:00:00+01:00,528.4940703783935,528.4940703783935,518.4037542949634,522.2999877929688,3577078,0.0,0.0
2023-07-07 00:00:00+01:00,522.4997729733465,525.8965454101562,520.3018649834567,525.8965454101562,2176943,0.0,0.0
2023-07-10 00:00:00+01:00,526.2961150743391,530.0924682617188,523.2989845090219,530.0924682617188,1776180,0.0,0.0
2023-07-11 00:00:00+01:00,523.6986555129804,535.2875366210938,522.4997910246423,535.2875366210938,2023384,0.0,0.0
2023-07-12 00:00:00+01:00,537.8851001715442,546.6766716813721,535.2875502180339,543.080078125,1895405,0.0,0.0
2023-07-13 00:00:00+01:00,543.6795365220328,549.2741562625757,540.2827639087718,541.4816284179688,2488213,0.0,0.0
2023-07-14 00:00:00+01:00,546.0772039926505,546.8944757997797,538.4844970703125,538.4844970703125,2467977,0.0,0.0
2023-07-17 00:00:00+01:00,538.4844888798315,542.2778544209918,536.9859235118913,538.28466796875,1913687,0.0,0.0
2023-07-18 00:00:00+01:00,541.0819828189385,542.8803100585938,536.2865857923481,542.8803100585938,1727782,0.0,0.0
2023-07-19 00:00:00+01:00,553.470133021258,558.265529920671,547.7605722380155,551.4720458984375,4375480,0.0,0.0
2023-07-20 00:00:00+01:00,552.870736308929,561.9620084098246,550.2731864395442,556.067626953125,1956183,0.0,0.0
2023-07-21 00:00:00+01:00,559.4643906091009,559.4643906091009,550.2731777108811,552.8707275390625,1687409,0.0,0.0
2023-07-24 00:00:00+01:00,551.6718556205407,558.0656976978584,548.2750831899059,555.6680297851562,3421061,0.0,0.0
2023-07-25 00:00:00+01:00,557.4662848302811,559.864013671875,552.4740550863685,559.864013671875,1252290,0.0,0.0
2023-07-26 00:00:00+01:00,560.263594494289,560.6632362934805,554.069512467486,559.864013671875,1068761,0.0,0.0
2023-07-27 00:00:00+01:00,563.0609205854626,564.259785041236,556.0676157330261,560.2636108398438,2657606,0.0,0.0
2023-07-28 00:00:00+01:00,559.4643611500609,560.4634046521146,550.6727905273438,550.6727905273438,1968169,0.0,0.0
2023-07-31 00:00:00+01:00,549.8735879929037,553.4701203408695,546.4768155712195,549.6737670898438,1749987,0.0,0.0
2023-08-01 00:00:00+01:00,556.2674452610312,557.1146566443135,541.8812544990892,544.0791015625,1595444,0.0,0.0
2023-08-02 00:00:00+01:00,539.0838358985578,540.4825211573274,530.0924446038888,532.4901733398438,2301617,0.0,0.0
2023-08-03 00:00:00+01:00,530.6919199354875,538.8840888391805,529.0934137477948,534.2884521484375,1626997,0.0,0.0
2023-08-04 00:00:00+01:00,537.4854740840891,541.4816486125953,532.090614079892,540.4826049804688,2313002,0.0,0.0
2023-08-07 00:00:00+01:00,537.2856043236209,542.0810011265751,534.6881155069144,539.28369140625,1146385,0.0,0.0
2023-08-08 00:00:00+01:00,533.6890794008596,541.8812487491266,533.089616681652,536.4863891601562,1164662,0.0,0.0
2023-08-09 00:00:00+01:00,546.2770216714038,546.4768425843412,531.6910096786952,542.8803100585938,3117225,0.0,0.0
2023-08-10 00:00:00+01:00,545.0781533334044,549.9375149695679,543.180007115815,544.2789306640625,1668845,0.0,0.0
2023-08-11 00:00:00+01:00,541.4815701294658,544.6785214842569,536.8859944784867,537.0857543945312,1456822,0.0,0.0
2023-08-14 00:00:00+01:00,537.8850670344767,539.6833332134872,536.2865607823063,539.28369140625,3191041,0.0,0.0
2023-08-15 00:00:00+01:00,538.8841184125255,541.2817863604814,519.1030072254068,520.10205078125,3421388,0.0,0.0
2023-08-16 00:00:00+01:00,522.1001620008974,524.1891655873249,516.505542220556,517.7044067382812,2005478,0.0,0.0
2023-08-17 00:00:00+01:00,516.9051718569067,519.9023025921185,507.1145264955139,507.7139587402344,3859680,0.0,0.0
2023-08-18 00:00:00+01:00,508.51318140760134,513.7681603862909,505.3162297613526,507.7139587402344,3338082,0.0,0.0
2023-08-21 00:00:00+01:00,504.5169967623209,510.51125810999207,504.47702648325395,506.71490478515625,1735776,0.0,0.0
2023-08-22 00:00:00+01:00,503.7177979346273,516.0849260397796,503.5179770182318,504.31719970703125,1280198,0.0,0.0
2023-08-23 00:00:00+01:00,506.11548291711,512.1356900078101,505.7158715834265,507.7139587402344,2323662,0.0,0.0
2023-08-24 00:00:00+01:00,512.9089997483377,515.9061304964345,506.7149173402482,508.51318359375,1187722,0.0,0.0
2023-08-25 00:00:00+01:00,507.31431630256407,511.1107001889266,503.71778381538644,504.7168273925781,1201580,0.0,0.0
2023-08-29 00:00:00+01:00,511.3104790126804,519.7024692614373,510.5132685981348,517.1049194335938,3276596,0.0,0.0
2023-08-30 00:00:00+01:00,519.103042756508,521.1011300049577,513.5084228515625,513.5084228515625,1432842,0.0,0.0
2023-08-31 00:00:00+01:00,517.5045782224688,520.501708984375,514.3076265477459,520.501708984375,6980434,0.0,0.0
2023-09-01 00:00:00+01:00,519.9022827148438,524.7615831764342,519.8942947568502,519.9022827148438,2075829,0.0,0.0
2023-09-04 00:00:00+01:00,524.697736346027,526.0944096106193,514.1078370866941,515.3067016601562,1335970,0.0,0.0
2023-09-05 00:00:00+01:00,511.7101320948372,517.1049308220394,509.112612698177,512.9089965820312,3029471,0.0,0.0
2023-09-06 00:00:00+01:00,510.5112751572035,513.708226844738,505.9156685395192,510.1116638183594,3136504,0.0,0.0
2023-09-07 00:00:00+01:00,507.51411922537596,512.5093369342871,506.1154643645587,506.51507568359375,2072887,0.0,0.0
2023-09-08 00:00:00+01:00,507.91376007047114,512.1097248968429,503.71779524409936,511.71014404296875,1649926,0.0,0.0
2023-09-11 00:00:00+01:00,515.1068115234375,519.7024482747579,513.9080080878363,515.1068115234375,2004472,0.0,0.0
2023-09-12 00:00:00+01:00,514.9070650138049,522.2999506252753,514.9070650138049,519.9022827148438,2368938,0.0,0.0
2023-09-13 00:00:00+01:00,520.7015462684008,529.0934760795172,518.5036381118763,520.9013671875,2290683,0.0,0.0
2023-09-14 00:00:00+01:00,521.3009466740062,539.7433137784432,519.7025012789951,537.28564453125,2806314,0.0,0.0
2023-09-15 00:00:00+01:00,541.4815866690143,546.1171632262161,534.4882820441377,537.4854125976562,6039878,0.0,0.0
2023-09-18 00:00:00+01:00,541.4816002897778,554.4691663483887,523.8984583242161,525.8965454101562,7339563,0.0,0.0
2023-09-19 00:00:00+01:00,526.096335283337,540.0829456810519,526.096335283337,534.0886840820312,4415875,0.0,0.0
2023-09-20 00:00:00+01:00,536.4863935564279,540.882209626187,535.487349993008,538.0848388671875,2529823,0.0,0.0
2023-09-21 00:00:00+01:00,533.8889203649431,543.0501330371098,533.6890994510336,535.4873657226562,3577988,0.0,0.0
2023-09-22 00:00:00+01:00,516.3056711101993,530.3822209232923,499.52175242410476,526.8955688476562,6378524,0.0,0.0
2023-09-25 00:00:00+01:00,520.3019068168436,522.8994568234816,508.31338333729985,510.51129150390625,4050338,0.0,0.0
2023-09-26 00:00:00+01:00,507.5141611062135,517.7044182686635,506.1155061299771,513.5084228515625,3256951,0.0,0.0
2023-09-27 00:00:00+01:00,511.71014731286846,514.5773975846424,504.6488834449534,507.3143310546875,4352194,0.0,0.0
2023-09-28 00:00:00+01:00,487.5332670999379,487.5332670999379,471.7483907293535,471.94818115234375,9240135,0.0,0.0
2023-09-29 00:00:00+01:00,473.6465714019394,484.03661862458256,471.6484842249546,481.73883056640625,4362910,0.0,0.0
2023-10-02 00:00:00+01:00,483.53710703996745,487.1336701321579,470.0500183105469,470.0500183105469,3098344,0.0,0.0
2023-10-03 00:00:00+01:00,467.0528429626282,474.0491354252111,462.2574462890625,462.2574462890625,3467415,0.0,0.0
2023-10-04 00:00:00+01:00,456.8626051095214,462.8568664343175,448.8702566764599,453.7655944824219,5312759,0.0,0.0
2023-10-05 00:00:00+01:00,453.46587410531237,461.65804364295656,450.5686538258399,457.76177978515625,3483293,0.0,0.0
2023-10-06 00:00:00+01:00,456.2632122106705,470.44961266126984,455.9634808455877,466.65325927734375,6334244,0.0,0.0
2023-10-09 00:00:00+01:00,466.6532646639327,470.72535509677624,460.6590031537689,463.05670166015625,2177592,0.0,0.0
2023-10-10 00:00:00+01:00,468.65134953329465,474.7814672821293,459.46013640080844,471.94818115234375,4310975,0.0,0.0
2023-10-11 00:00:00+01:00,470.14990045492385,500.51981214277066,469.5504682275937,470.8492126464844,4402232,0.0,0.0
2023-10-12 00:00:00+01:00,475.6446441157574,497.9602856832137,469.45056186009464,470.9491271972656,1997951,0.0,0.0
2023-10-13 00:00:00+01:00,469.35063537807304,490.7061968203226,449.5695857983032,463.85589599609375,4048429,0.0,0.0
2023-10-16 00:00:00+01:00,465.4544051265839,468.85114725419544,460.8587984888078,467.6523132324219,1675408,0.0,0.0
2023-10-17 00:00:00+01:00,469.15087805987184,475.2450500838051,463.7560487474226,464.6551818847656,2583428,0.0,0.0
2023-10-18 00:00:00+01:00,470.7493469293749,472.34779226611244,459.4101962025985,460.7589111328125,1911234,0.0,0.0
2023-10-19 00:00:00+01:00,460.5590848401401,461.5581284081231,454.2651225572036,454.66473388671875,2683407,0.0,0.0
2023-10-20 00:00:00+01:00,451.3678800666366,456.25620570005225,445.173828125,445.173828125,2348230,0.0,0.0
2023-10-23 00:00:00+01:00,444.5743958755795,446.07296125493536,438.4802239018541,445.173828125,2278327,0.0,0.0
2023-10-24 00:00:00+01:00,445.8731292679218,448.57055907912104,439.97877835320156,441.1776428222656,2591587,0.0,0.0
2023-10-25 00:00:00+01:00,439.5791757591625,445.8731381258125,435.98261276890946,444.37457275390625,2307811,0.0,0.0
2023-10-26 00:00:00+01:00,443.6752608404846,448.2708674151204,440.27851875954184,445.8731384277344,1774761,0.0,0.0
2023-10-27 00:00:00+01:00,447.87123572033664,453.16618511743826,445.36664486738766,445.3736267089844,1472740,0.0,0.0
2023-10-30 00:00:00+00:00,448.77037344693684,453.6656807288955,446.97207676954685,448.47064208984375,2284566,0.0,0.0
2023-10-31 00:00:00+00:00,450.16901531468596,454.96441200579665,444.3745446171729,453.3659362792969,2311021,0.0,0.0
2023-11-01 00:00:00+00:00,457.7617652783088,459.8597323355985,449.76941690497046,456.6628112792969,1698878,0.0,0.0
2023-11-02 00:00:00+00:00,460.8587823675171,469.8501744140505,453.7655974770749,467.252685546875,2424928,0.0,0.0
2023-11-03 00:00:00+00:00,468.8511480892771,474.64561924753843,466.3535390956449,472.14801025390625,1730265,0.0,0.0
2023-11-06 00:00:00+00:00,471.7483882298199,476.5437851936451,469.05095838242426,469.650390625,2203803,0.0,0.0
2023-11-07 00:00:00+00:00,468.15183831721106,472.9472354147563,463.25653076171875,463.25653076171875,1644787,0.0,0.0
2023-11-08 00:00:00+00:00,458.1614141688355,465.4923785102045,455.26419374360427,462.05767822265625,2016272,0.0,0.0
2023-11-09 00:00:00+00:00,459.7598526043698,467.5523800769634,458.361167247616,466.353515625,1234162,0.0,0.0
2023-11-10 00:00:00+00:00,471.04904842617526,471.04904842617526,460.61903100180336,463.75604248046875,6299479,0.0,0.0
2023-11-13 00:00:00+00:00,478.2421815527962,506.7149240359527,460.7589186245422,490.0308837890625,4594074,0.0,0.0
2023-11-14 00:00:00+00:00,490.5303828932884,493.8272144118793,482.83773536539013,488.73211669921875,3303109,0.0,0.0
2023-11-15 00:00:00+00:00,491.0299057113798,500.3209985477957,490.3305630297615,493.2278137207031,8099571,0.0,0.0
2023-11-16 00:00:00+00:00,493.2278131461128,496.4247342151257,482.03851318359375,482.03851318359375,2027246,0.0,0.0
2023-11-17 00:00:00+00:00,482.8377577032245,493.52753637471335,479.74074694664654,490.0308837890625,4462668,0.0,0.0
2023-11-20 00:00:00+00:00,491.6293222732256,494.62645283312537,485.73497160310063,487.6331481933594,1439199,0.0,0.0
2023-11-21 00:00:00+00:00,485.8348887056611,487.23357413125245,478.64179310503476,480.34014892578125,3511495,0.0,0.0
2023-11-22 00:00:00+00:00,480.5399591423023,484.6360438937921,476.4438743908125,477.842529296875,1966242,0.0,0.0
2023-11-23 00:00:00+00:00,477.5428420470156,480.1403615114767,473.9462789799456,474.44580078125,2189203,0.0,0.0
2023-11-24 00:00:00+00:00,474.4457950866342,478.6417903625846,472.54761836213885,476.5437927246094,1676057,0.0,0.0
2023-11-27 00:00:00+00:00,477.0432891915749,478.8415553638524,471.84825060083455,472.94720458984375,1712210,0.0,0.0
2023-11-28 00:00:00+00:00,472.1480190953026,472.24792955459696,464.1556701660156,464.1556701660156,2690872,0.0,0.0
2023-11-29 00:00:00+00:00,462.75700896037483,465.4544083945973,461.258443556343,463.25653076171875,1998341,0.0,0.0
2023-11-30 00:00:00+00:00,465.25458768680215,467.5523756280802,459.0605055579121,464.75506591796875,5560975,0.0,0.0
2023-12-01 00:00:00+00:00,466.4534267791736,471.8482558443464,463.9568240243385,469.35064697265625,3121206,0.0,0.0
2023-12-04 00:00:00+00:00,469.3506620473632,476.543788024217,464.3554441435454,473.4467468261719,3307626,0.0,0.0
2023-12-05 00:00:00+00:00,470.05001315092,476.3439756268724,467.15279281259893,475.1451416015625,1462648,0.0,0.0
2023-12-06 00:00:00+00:00,478.3420517060319,482.8377477953307,477.0433072533684,480.83966064453125,2165161,0.0,0.0
2023-12-07 00:00:00+00:00,478.64178676218717,489.1317443847656,475.24504467731606,489.1317443847656,2084865,0.0,0.0
2023-12-08 00:00:00+00:00,489.5313472743958,500.7206474074523,486.13460524812905,497.12408447265625,3862467,0.0,0.0
2023-12-11 00:00:00+00:00,497.32386858616445,499.72159750454927,491.62933862597475,496.2249450683594,2133451,0.0,0.0
2023-12-12 00:00:00+00:00,497.4237869009833,500.72064897167473,493.2278222042717,494.9261779785156,2339363,0.0,0.0
2023-12-13 00:00:00+00:00,496.3248351029772,498.52274315996044,491.9290494774011,495.7254333496094,2517412,0.0,0.0
2023-12-14 00:00:00+00:00,501.12028103065177,519.3028564453125,492.72832080170133,519.3028564453125,5271707,0.0,0.0
2023-12-15 00:00:00+00:00,519.9022864312192,525.496905905663,516.1058721698691,518.5036010742188,6966814,0.0,0.0
2023-12-18 00:00:00+00:00,516.5055265061696,523.0991896878767,513.7082167011055,520.3018798828125,6408642,0.0,0.0
2023-12-19 00:00:00+00:00,519.7024625340343,525.6947115499196,518.9032398961126,522.8994140625,7203151,0.0,0.0
2023-12-20 00:00:00+00:00,531.4911573416399,534.2884670270298,519.702455896711,528.69384765625,3918885,0.0,0.0
2023-12-21 00:00:00+00:00,524.0982219588046,527.4949944196428,520.3018686640191,524.4978637695312,1463913,0.0,0.0
2023-12-22 00:00:00+00:00,524.2980586311257,525.6957074286743,509.51222584128385,521.900390625,1392707,0.0,0.0
2023-12-27 00:00:00+00:00,522.1001608839898,534.0886840820312,521.3009381994768,534.0886840820312,3379202,0.0,0.0
2023-12-28 00:00:00+00:00,535.4873037714001,537.485390725771,530.6919072762649,532.4901733398438,1797543,0.0,0.0
2023-12-29 00:00:00+00:00,532.0905605831224,535.6871538832445,531.0915170514404,534.6881103515625,782678,0.0,0.0
2024-01-02 00:00:00+00:00,534.6881748588817,537.8851267413152,529.2933147462261,530.2923583984375,2042954,0.0,0.0
2024-01-03 00:00:00+00:00,529.4931179177156,532.2904278547544,519.502681730589,520.9013671875,1660445,0.0,0.0
2024-01-04 00:00:00+00:00,519.5026659783516,525.2971065958308,519.5026659783516,523.4988403320312,1303559,0.0,0.0
2024-01-05 00:00:00+00:00,520.5017330171964,522.2999993620142,513.3086066611413,518.10400390625,1422790,0.0,0.0
2024-01-08 00:00:00+00:00,518.5036347724885,525.297119140625,514.7072812411872,525.297119140625,1100249,0.0,0.0
2024-01-09 00:00:00+00:00,527.6948273414438,528.0944081844902,520.5017014220213,523.2990112304688,890460,0.0,0.0
2024-01-10 00:00:00+00:00,520.5016837161655,522.4997707937707,516.3056886578388,516.9051513671875,1497752,0.0,0.0
2024-01-11 00:00:00+00:00,520.3018840613573,525.6967437819204,510.7110900878906,510.7110900878906,2836639,0.0,0.0
2024-01-12 00:00:00+00:00,513.50839991542,517.9042160563811,508.31336110613347,510.7110900878906,1888922,0.0,0.0
2024-01-15 00:00:00+00:00,513.1807009188169,519.1030096820562,507.31430786267265,512.7091674804688,1104974,0.0,0.0
2024-01-16 00:00:00+00:00,509.5122145520469,511.0627321052348,506.472125736941,506.71490478515625,2306123,0.0,0.0
2024-01-17 00:00:00+00:00,499.32195638076126,500.7156416519615,484.536123968421,499.2220764160156,2747773,0.0,0.0
2024-01-18 00:00:00+00:00,499.22210601220235,507.71397672951906,498.1231519393418,505.9156799316406,2103832,0.0,0.0
2024-01-19 00:00:00+00:00,510.910873863033,514.9070786178346,505.7158656097321,508.3133544921875,1944169,0.0,0.0
2024-01-22 00:00:00+00:00,510.51126821924146,517.7483584332477,510.51126821924146,515.9061279296875,4129141,0.0,0.0
2024-01-23 00:00:00+00:00,519.5027050590887,520.5017487226639,512.5093994140625,512.5093994140625,1295074,0.0,0.0
2024-01-24 00:00:00+00:00,513.3085685554578,517.9042055141488,508.7129925735466,509.7120361328125,3054884,0.0,0.0
2024-01-25 00:00:00+00:00,507.51415631626105,511.11071942720423,505.7158900049853,508.9128112792969,3163978,0.0,0.0
2024-01-26 00:00:00+00:00,507.51411476036685,521.3009033203125,507.51411476036685,521.3009033203125,6711943,0.0,0.0
2024-01-29 00:00:00+00:00,521.3009002551103,523.4988082101266,508.7129762041275,509.3123779296875,3646941,0.0,0.0
2024-01-30 00:00:00+00:00,509.31238239920185,515.706285419582,508.1145545660146,510.9108581542969,3614783,0.0,0.0
2024-01-31 00:00:00+00:00,513.1087651489192,514.1078087422597,504.9166259765625,504.9166259765625,3391883,0.0,0.0
2024-02-01 00:00:00+00:00,509.5122154205444,515.1068349638621,500.3210024764257,501.5198669433594,5096648,0.0,0.0
2024-02-02 00:00:00+00:00,504.3171729417711,509.91182293162,501.4099830347294,502.91851806640625,1847498,0.0,0.0
2024-02-05 00:00:00+00:00,503.11832930042755,507.5141147478095,495.41269384747454,496.7244567871094,2767125,0.0,0.0
2024-02-06 00:00:00+00:00,500.5208233837113,503.9175653888369,495.6754560217399,501.5198669433594,2049990,0.0,0.0
2024-02-07 00:00:00+00:00,503.3181464878216,505.11644323585745,496.02514050456097,496.62457275390625,1804507,0.0,0.0
2024-02-08 00:00:00+00:00,497.9233185296304,500.3210170449248,492.9281005859375,492.9281005859375,2460478,0.0,0.0
2024-02-09 00:00:00+00:00,493.02799176749045,495.4256901890466,486.18453735449884,488.73211669921875,2504635,0.0,0.0
2024-02-12 00:00:00+00:00,489.53134106658285,496.2249450683594,489.0318192899843,496.2249450683594,4350423,0.0,0.0
2024-02-13 00:00:00+00:00,495.725435885863,499.1221779553508,486.1346114338341,488.3324890136719,2297469,0.0,0.0
2024-02-14 00:00:00+00:00,489.03182701916995,495.5755502006792,488.2326043593364,494.9261779785156,1618210,0.0,0.0
2024-02-15 00:00:00+00:00,498.52276445654536,502.3191180025412,496.3248563056689,500.7206726074219,2935874,0.0,0.0
2024-02-16 00:00:00+00:00,503.91756605675425,506.5150854129602,500.92043537383734,504.5169982910156,1653105,0.0,0.0
2024-02-19 00:00:00+00:00,503.5179786846924,505.1164545559729,502.11932373046875,502.11932373046875,1037194,0.0,0.0
2024-02-20 00:00:00+00:00,501.1202474261668,505.1164215994403,499.92138297882906,501.3200378417969,1941739,0.0,0.0
2024-02-21 00:00:00+00:00,500.32098986473335,504.5169849048421,499.42185678139265,499.7215881347656,3586001,0.0,0.0
2024-02-22 00:00:00+00:00,501.3200564067033,505.91566297383036,500.3210128263883,502.5189208984375,1398303,0.0,0.0
2024-02-23 00:00:00+00:00,502.9185425952975,507.3143283415785,497.0241914476667,503.5179748535156,6717564,0.0,0.0
2024-02-26 00:00:00+00:00,503.71778697879296,506.1154854814327,499.7216126449299,500.3210144042969,1185482,0.0,0.0
2024-02-27 00:00:00+00:00,499.72163232742514,502.51894227595045,494.82629418491814,496.3248596191406,2284607,0.0,0.0
2024-02-28 00:00:00+00:00,498.9223493751151,500.5208251739474,489.73116688651174,491.12982177734375,1721667,0.0,0.0
2024-02-29 00:00:00+00:00,492.4285855844804,498.72257857339173,491.92906378322033,496.8243713378906,2670259,0.0,0.0
2024-03-01 00:00:00+00:00,501.71968785064496,504.9166089484851,498.2230353918765,501.5198669433594,2220748,0.0,0.0
2024-03-04 00:00:00+00:00,500.9204384786882,501.719691625454,494.32674483772337,500.1212158203125,1844690,0.0,0.0
2024-03-05 00:00:00+00:00,496.7244952011762,499.2221042267485,491.7292771500316,495.42572021484375,2890167,0.0,0.0
2024-03-06 00:00:00+00:00,494.9262051198704,503.31816546189214,490.93003062477516,499.3219909667969,2498753,0.0,0.0
2024-03-07 00:00:00+00:00,498.7225804317133,509.3124182671729,497.7235368254706,507.3143310546875,1682500,0.0,0.0
2024-03-08 00:00:00+00:00,507.91373126445444,511.90993592563797,506.71489730564986,509.51220703125,1839126,0.0,0.0
2024-03-11 00:00:00+00:00,508.1135804383649,511.2895256483733,504.3171964699575,508.7130126953125,2836173,0.0,0.0
2024-03-12 00:00:00+00:00,511.90995735870405,516.1058916343936,509.11261702759316,514.5074462890625,2125221,0.0,0.0
2024-03-13 00:00:00+00:00,514.5074202315578,516.9051491049016,507.9137268066406,507.9137268066406,2106480,0.0,0.0
2024-03-14 00:00:00+00:00,508.7129874352547,511.310476272398,502.9185165570061,505.1164245605469,1979179,0.0,0.0
2024-03-15 00:00:00+00:00,504.51700426284106,508.3133576441162,503.9175720214844,503.9175720214844,8355521,0.0,0.0
2024-03-18 00:00:00+00:00,502.5189036656951,503.3181263071834,479.24120123796797,481.2392883300781,6138159,0.0,0.0
2024-03-19 00:00:00+00:00,479.5409127768311,487.7330822321246,478.54186920854596,483.7369079589844,2644487,0.0,0.0
2024-03-20 00:00:00+00:00,483.7369164140614,486.03470446592326,478.94148890944126,485.4352722167969,2497520,0.0,0.0
2024-03-21 00:00:00+00:00,490.0308813253805,492.62840075933997,483.93670932335,487.73309326171875,2808163,0.0,0.0
2024-03-22 00:00:00+00:00,509.5121997072112,540.682370002302,507.51411264953583,528.69384765625,9570758,0.0,0.0
2024-03-25 00:00:00+00:00,529.692878465876,534.8879168864419,520.5016660259172,526.8955688476562,3522019,0.0,0.0
2024-03-26 00:00:00+00:00,527.0953356214145,537.4854125976562,523.498803347903,537.4854125976562,5424872,0.0,0.0
2024-03-27 00:00:00+00:00,536.0867767176456,544.3788874617991,534.0917383368532,541.6814575195312,5880004,0.0,0.0
2024-03-28 00:00:00+00:00,543.6794823580427,552.4580648684042,518.8532149128393,552.0714111328125,6058828,0.0,0.0
2024-04-02 00:00:00+01:00,550.9725234512857,559.9639154931018,525.0972708513475,548.4749145507812,5797105,0.0,0.0
2024-04-03 00:00:00+01:00,547.9754129117423,552.4711090978915,544.3139400806645,547.4758911132812,3471335,0.0,0.0
2024-04-04 00:00:00+01:00,547.9753834443934,556.9667753331802,546.9763399011948,551.9715576171875,4027256,0.0,0.0
2024-04-05 00:00:00+01:00,546.9763793945312,549.4739884328625,542.8703247699427,546.9763793945312,3553506,0.0,0.0
2024-04-08 00:00:00+01:00,547.4759225922592,556.9668373087309,545.4778352835283,554.96875,5224630,0.0,0.0
2024-04-09 00:00:00+01:00,556.4672535615808,558.5472324618522,549.8635903754655,551.9715576171875,4185793,0.0,0.0
2024-04-10 00:00:00+01:00,554.9687066284743,557.4663155691965,539.4835311959965,541.9811401367188,7864756,0.0,0.0
2024-04-11 00:00:00+01:00,516.5055532436782,522.8395166451553,503.9026276920931,510.51129150390625,8753744,0.0,0.0
2024-04-12 00:00:00+01:00,515.5064771210899,517.5045642417142,502.0193890568753,503.0184326171875,4176232,0.0,0.0
2024-04-15 00:00:00+01:00,503.01845386246316,513.5084116887906,502.51893206120945,508.013671875,2589318,0.0,0.0
2024-04-16 00:00:00+01:00,484.73594552401426,495.9252150571984,479.5409068379143,484.3363037109375,6181170,0.0,0.0
2024-04-17 00:00:00+01:00,480.1403760963859,486.93386060513063,475.5447692871094,475.5447692871094,5031758,0.0,0.0
2024-04-18 00:00:00+01:00,480.5399430478582,485.1355494324802,477.7496151705719,478.94146728515625,6953476,0.0,0.0
2024-04-19 00:00:00+01:00,476.54378143478533,480.7397766113281,474.54569430088685,480.7397766113281,3036804,0.0,0.0
2024-04-22 00:00:00+01:00,484.13649770193126,490.9299814680056,482.93763327808813,486.9338073730469,3026334,0.0,0.0
2024-04-23 00:00:00+01:00,489.93097361086154,493.72735757047946,487.1336637361039,491.5294494628906,3396141,0.0,0.0
2024-04-24 00:00:00+01:00,492.3286688050114,495.3257995740883,482.2583228358049,484.7359619140625,2920048,0.0,0.0
2024-04-25 00:00:00+01:00,484.5361239330407,489.1317303814238,479.341085254279,481.33917236328125,2711468,0.0,0.0
2024-04-26 00:00:00+01:00,484.73595372241795,488.13269577229147,483.7369101496087,484.5361328125,2237173,0.0,0.0
2024-04-29 00:00:00+01:00,487.5332573010125,495.72542668872154,484.93473183035604,493.32769775390625,2023564,0.0,0.0
2024-04-30 00:00:00+01:00,494.32676096756694,496.6036035269764,481.53901508595203,489.33154296875,2111299,0.0,0.0
2024-05-01 00:00:00+01:00,489.930970287428,494.32675598439596,483.33727649778064,484.7359619140625,1537126,0.0,0.0
2024-05-02 00:00:00+01:00,484.73595434803605,489.33153039817773,484.73595434803605,487.53326416015625,4004423,0.0,0.0
2024-05-03 00:00:00+01:00,489.53132871714087,530.4921133649017,486.93380944667825,519.0031127929688,13479477,0.0,0.0
2024-05-07 00:00:00+01:00,525.4969365658967,525.4969365658967,493.3277202689777,517.0050659179688,4452284,0.0,0.0
2024-05-08 00:00:00+01:00,518.0041079000738,519.0031515025811,505.0165410674779,508.013671875,3999564,0.0,0.0
2024-05-09 00:00:00+01:00,511.0107737696448,524.9973834133888,510.0117302236631,515.5064697265625,3588402,0.0,0.0
2024-05-10 00:00:00+01:00,518.0041100523085,524.4060014841593,512.0098484123589,520.002197265625,7674684,0.0,0.0
2024-05-13 00:00:00+01:00,519.5026733038349,523.4988477138643,502.01941025995575,508.013671875,5314325,0.0,0.0
2024-05-14 00:00:00+01:00,506.51509552455633,508.51318268638886,501.8795186746773,504.0174865722656,2573684,0.0,0.0
2024-05-15 00:00:00+01:00,505.0165322313031,514.5074462890625,500.5208360986802,514.5074462890625,3789590,0.0,0.0
2024-05-16 00:00:00+01:00,514.0078966483743,526.4959407846322,511.01076605567243,524.9973754882812,3683431,0.0,0.0
2024-05-17 00:00:00+01:00,523.9983603468219,524.9974039318492,513.5084027040352,514.5074462890625,2031032,0.0,0.0
2024-05-20 00:00:00+01:00,514.5074355706936,518.5036098275533,509.5122177496189,512.0098266601562,1998632,0.0,0.0
2024-05-21 00:00:00+01:00,509.5122170939647,515.5064784715407,505.35619221357183,509.0126953125,2142164,0.0,0.0
2024-05-22 00:00:00+01:00,507.0146071934464,512.5093467787941,502.01938938858484,504.5169982910156,3956959,0.0,0.0
2024-05-23 00:00:00+01:00,504.0174744821364,508.01364870994325,495.1259929229442,495.5256042480469,3182322,0.0,0.0
2024-05-24 00:00:00+01:00,490.33057702323845,505.016529849225,487.53326719371273,502.5189208984375,2329997,0.0,0.0
2024-05-28 00:00:00+01:00,503.5179781579416,506.51510898031034,495.3817545795544,499.1221923828125,1722098,0.0,0.0
2024-05-29 00:00:00+01:00,497.3238879261797,500.52083961608986,490.730224609375,490.730224609375,2091773,0.0,0.0
2024-05-30 00:00:00+01:00,489.5313737775896,500.5208535970865,486.53424291772683,500.0213317871094,4247913,0.0,0.0
2024-05-31 00:00:00+01:00,500.0213085201607,501.519873880361,494.12695753438436,495.7254333496094,16138457,0.0,0.0
2024-06-03 00:00:00+01:00,503.0184602246687,505.0165474549553,495.72545402947895,497.7235412597656,3187821,0.0,0.0
2024-06-04 00:00:00+01:00,496.9242831923893,518.004109362485,493.1279296875,493.1279296875,2070500,0.0,0.0
2024-06-05 00:00:00+01:00,494.9262003419003,503.0184597140247,486.73406099907623,494.7264099121094,3936630,0.0,0.0
2024-06-06 00:00:00+01:00,493.527517804163,501.02034449147317,491.52943068754695,498.5227355957031,2570237,0.0,0.0
2024-06-07 00:00:00+01:00,501.5198915427369,503.5179787600386,490.9300231933594,490.9300231933594,2065618,0.0,0.0
2024-06-10 00:00:00+01:00,488.53228759765625,493.92711657774396,484.3562929472659,488.53228759765625,2518550,0.0,0.0
2024-06-11 00:00:00+01:00,489.73116330357584,495.12599240782447,481.93860527442587,484.3363037109375,3816825,0.0,0.0
2024-06-12 00:00:00+01:00,486.5342130786106,494.3267406409819,483.5370824025617,490.33056640625,3065533,0.0,0.0
2024-06-13 00:00:00+01:00,489.5313522612274,494.2788214811984,480.91359530097117,482.3382263183594,2118951,0.0,0.0
2024-06-14 00:00:00+01:00,481.5390052552336,485.7339943670482,477.343010026533,480.1403503417969,3819303,0.0,0.0
2024-06-17 00:00:00+01:00,482.5380443979156,484.7359524476721,476.5437829768235,478.5418701171875,8374927,0.0,0.0
2024-06-18 00:00:00+01:00,481.7388289487005,485.7350032892508,479.2631716271315,483.93670654296875,3345241,0.0,0.0
2024-06-19 00:00:00+01:00,485.3353636771652,487.73309268313943,482.33823290808834,484.7359619140625,2825967,0.0,0.0
2024-06-20 00:00:00+01:00,486.1346067667855,494.9261779785156,481.73882116092045,494.9261779785156,2923402,0.0,0.0
2024-06-21 00:00:00+01:00,492.7282890735353,519.5026439104894,488.13268266434153,515.5064697265625,14261660,0.0,0.0
2024-06-24 00:00:00+01:00,512.5093313520234,527.4949843155329,491.9290285177926,524.9973754882812,6838536,0.0,0.0
2024-06-25 00:00:00+01:00,529.4930511503591,532.989703374937,521.5007032084669,525.9963989257812,7633216,0.0,0.0
2024-06-26 00:00:00+01:00,526.9954814561423,528.4940468062546,514.5074368718736,518.0040893554688,4995463,0.0,0.0
2024-06-27 00:00:00+01:00,519.502685546875,523.4988600510818,514.5074674166166,519.502685546875,2512840,0.0,0.0
2024-06-28 00:00:00+01:00,521.5007424871164,528.1034302085724,520.5016989191336,521.001220703125,2005442,0.0,0.0
2024-07-01 00:00:00+01:00,527.4949658890845,536.486357353103,517.504530929064,531.9906616210938,3454012,0.0,0.0
2024-07-02 00:00:00+01:00,527.4949742306321,535.4873223250356,520.6415503741075,525.4968872070312,4168045,0.0,0.0
2024-07-03 00:00:00+01:00,527.9945387769102,535.9868875190393,525.9964515913779,535.4873657226562,2810350,0.0,0.0
2024-07-04 00:00:00+01:00,541.9811496486911,543.9792368363361,536.4864098826675,538.4844970703125,1766435,0.0,0.0
2024-07-05 00:00:00+01:00,539.9830624610462,542.9801932425137,536.1377446440521,538.4844970703125,1442159,0.0,0.0
2024-07-08 00:00:00+01:00,537.4854740840891,546.4768667732282,535.4873868198359,540.4826049804688,1902766,0.0,0.0
2024-07-09 00:00:00+01:00,540.4826040677935,546.9763876656506,534.4883422851562,534.4883422851562,1966121,0.0,0.0
2024-07-10 00:00:00+01:00,536.9859222552743,543.9792272892965,530.991660797541,541.9811401367188,1691639,0.0,0.0
2024-07-11 00:00:00+01:00,543.9792178646549,548.4749138800653,538.4844782902644,545.477783203125,1571078,0.0,0.0
2024-07-12 00:00:00+01:00,548.4749438003159,548.4749438003159,539.9830730857391,540.9821166992188,1624873,0.0,0.0
2024-07-15 00:00:00+01:00,537.9849747045716,544.4787580575517,534.4883221298901,535.4873657226562,1332187,0.0,0.0
2024-07-16 00:00:00+01:00,533.988800333507,539.4835400937209,512.5093630890348,535.4873657226562,1403814,0.0,0.0
2024-07-17 00:00:00+01:00,533.4892685064509,540.9820953113168,531.9537512164108,535.9868774414062,1694975,0.0,0.0
2024-07-18 00:00:00+01:00,540.9821166992188,541.4816385059586,536.6622774808745,540.9821166992188,1436065,0.0,0.0
2024-07-19 00:00:00+01:00,540.4826142870454,540.4826142870454,531.990743267748,533.9888305664062,1296906,0.0,0.0
2024-07-22 00:00:00+01:00,532.9897167673785,543.4796737046933,532.9897167673785,537.4854125976562,1229014,0.0,0.0
2024-07-23 00:00:00+01:00,538.4844443451071,538.4844443451071,530.4920963770907,531.9906616210938,1385749,0.0,0.0
2024-07-24 00:00:00+01:00,529.4930429082874,534.4882602942147,527.5019682830106,532.4901733398438,1675945,0.0,0.0
2024-07-25 00:00:00+01:00,526.9955250211025,533.9888305664062,524.4979158977798,533.9888305664062,1508014,0.0,0.0
2024-07-26 00:00:00+01:00,532.4901950084587,539.983021392255,531.990673249539,537.4854125976562,1167608,0.0,0.0
2024-07-29 00:00:00+01:00,542.9801729555484,551.9715649640119,538.9839987295645,539.4835205078125,1042682,0.0,0.0
2024-07-30 00:00:00+01:00,539.4835412282346,544.9782810000036,538.984019430801,541.4816284179688,807935,0.0,0.0
2024-07-31 00:00:00+01:00,544.9782413573326,546.9763284017224,539.983023746358,546.476806640625,1827691,0.0,0.0
2024-08-01 00:00:00+01:00,545.4777825287034,549.6937170735325,538.4844776244893,542.4806518554688,4503025,0.0,0.0
2024-08-02 00:00:00+01:00,535.4873849908436,540.982124948772,522.0002960032011,528.4940795898438,2756163,0.0,0.0
2024-08-05 00:00:00+01:00,513.5083826345991,520.501687456471,499.52177299085514,515.5064697265625,3819943,0.0,0.0
2024-08-06 00:00:00+01:00,521.0011998489571,524.9134699146374,513.3335529669574,519.0031127929688,1874120,0.0,0.0
2024-08-07 00:00:00+01:00,525.9964714264202,535.9869077308156,516.0060351220246,534.4883422851562,2334843,0.0,0.0
2024-08-08 00:00:00+01:00,532.9897051170958,535.986835605102,519.5026179210681,531.9906616210938,1241122,0.0,0.0
2024-08-09 00:00:00+01:00,533.4892885865283,543.9792465081736,531.9907231691504,534.9878540039062,1028593,0.0,0.0
2024-08-12 00:00:00+01:00,538.4844561154957,549.4739348117304,534.9878038030574,537.4854125976562,1368530,0.0,0.0
2024-08-13 00:00:00+01:00,539.4835417861239,545.4778033615253,538.9840199881737,544.478759765625,1169362,0.0,0.0
2024-08-14 00:00:00+01:00,547.9754444194419,554.96875,546.7785920727692,554.96875,2091790,0.0,0.0
2024-08-15 00:00:00+01:00,557.466298539615,559.6132299484904,552.5709607746309,557.9658203125,1527665,0.0,0.0
2024-08-16 00:00:00+01:00,559.4643638493676,561.4624508631154,549.9734505340658,552.9705810546875,1611116,0.0,0.0
2024-08-19 00:00:00+01:00,552.4711207743711,558.9649042916105,552.4711207743711,555.9677734375,1218522,0.0,0.0
2024-08-20 00:00:00+01:00,555.4682100183824,557.4662971047794,551.4720358455883,551.9715576171875,1282976,0.0,0.0
2024-08-21 00:00:00+01:00,551.4720871740108,559.4644362634892,549.9735217197336,555.46826171875,1515108,0.0,0.0
2024-08-22 00:00:00+01:00,556.9668069562107,559.3135593967977,554.2494376332799,556.46728515625,1496915,0.0,0.0
2024-08-23 00:00:00+01:00,558.9648453689696,565.9581499580363,557.3413996607934,564.9591064453125,1679476,0.0,0.0
2024-08-27 00:00:00+01:00,566.4577019874085,568.955310902697,562.2806705929974,563.4605712890625,3486453,0.0,0.0
2024-08-28 00:00:00+01:00,564.9591473329415,567.1769948228471,561.4624947853458,565.9581909179688,1388992,0.0,0.0
2024-08-29 00:00:00+01:00,567.4567556982032,569.9543646581425,562.9610595703125,562.9610595703125,3369857,0.0,0.0
2024-08-30 00:00:00+01:00,563.9600629325887,567.9562369834839,561.9619759071411,564.9591064453125,2054121,0.0,0.0
2024-09-02 00:00:00+01:00,565.4586897743513,567.956298828125,563.9601243420872,567.956298828125,1819352,0.0,0.0
2024-09-03 00:00:00+01:00,567.9562470832757,568.4557688485205,558.9648553088703,564.4595947265625,1465893,0.0,0.0
2024-09-04 00:00:00+01:00,556.4672656815745,562.9610488538011,553.9696567691797,560.4634399414062,1895686,0.0,0.0
2024-09-05 00:00:00+01:00,562.461518382606,570.953388553569,561.9619966078435,566.9572143554688,1834280,0.0,0.0
2024-09-06 00:00:00+01:00,566.4577222590336,569.454853064637,560.3735198938746,562.4615478515625,2078520,0.0,0.0
2024-09-09 00:00:00+01:00,567.4567568865233,569.9543658516928,563.9601043352859,568.955322265625,1109771,0.0,0.0
2024-09-10 00:00:00+01:00,565.9581915074215,573.9505401959641,565.9581915074215,568.955322265625,1274994,0.0,0.0
2024-09-11 00:00:00+01:00,573.4510291039527,574.4500727086634,567.9562892780438,571.4529418945312,2193062,0.0,0.0
2024-09-12 00:00:00+01:00,576.9477021172252,580.6611273268306,570.4539184570312,570.4539184570312,2112090,0.0,0.0
2024-09-13 00:00:00+01:00,573.4510602860066,577.9467567516634,570.453929308902,575.9486694335938,1795296,0.0,0.0
2024-09-16 00:00:00+01:00,579.4452642084478,579.4452642084478,545.477783203125,545.477783203125,7013913,0.0,0.0
2024-09-17 00:00:00+01:00,547.9753535852535,559.9638754503821,547.9753535852535,553.4700927734375,3895065,0.0,0.0
2024-09-18 00:00:00+01:00,551.472084933861,552.4711285659874,538.984039532279,540.4826049804688,3460692,0.0,0.0
2024-09-19 00:00:00+01:00,543.979238524054,549.4739783071253,542.480673128671,547.4758911132812,3566663,0.0,0.0
2024-09-20 00:00:00+01:00,547.4758709905794,553.969654131891,545.4777838701758,548.4749145507812,3612838,0.0,0.0
2024-09-23 00:00:00+01:00,548.9744169983683,553.9696346234672,547.4758517108386,552.4710693359375,1589137,0.0,0.0
2024-09-24 00:00:00+01:00,556.9667962696017,559.9639270118596,553.4701437369674,553.9696655273438,1676800,0.0,0.0
2024-09-25 00:00:00+01:00,553.4701845184518,559.1697456401066,551.4720972097209,554.96875,2071746,0.0,0.0
2024-09-26 00:00:00+01:00,561.462442452567,563.9600511823382,556.2624040036861,559.46435546875,1952098,0.0,0.0
2024-09-27 00:00:00+01:00,561.4625047879168,569.4548536105207,557.4663303766149,565.4586791992188,3473655,0.0,0.0
2024-09-30 00:00:00+01:00,564.9591048089812,569.6466335427878,558.4653219950849,558.96484375,3655667,0.0,0.0
2024-10-01 00:00:00+01:00,559.4643655049151,565.4586265638964,555.9677132205094,558.96484375,3483097,0.0,0.0
2024-10-02 00:00:00+01:00,560.4634900990098,561.4625337533753,553.9697063456346,554.96875,3568821,0.0,0.0
2024-10-03 00:00:00+01:00,528.7477435063723,530.4269350686154,520.7515583493762,523.2503662109375,5553708,26.65,0.0
2024-10-04 00:00:00+01:00,513.2550985646802,522.3247455608013,509.2570062681686,515.75390625,4781525,0.0,0.0
2024-10-07 00:00:00+01:00,518.7524853797055,523.7501008457913,513.855834923341,520.2517700195312,2379365,0.0,0.0
2024-10-08 00:00:00+01:00,516.7534391932712,520.7515315661398,514.7543930068368,520.2517700195312,1956199,0.0,0.0
2024-10-09 00:00:00+01:00,520.7515640404666,523.2503719293364,518.7525177293709,522.7506103515625,2989572,0.0,0.0
2024-10-10 00:00:00+01:00,522.7505850833637,525.0585049240477,513.2551155646411,514.254638671875,1895007,0.0,0.0
2024-10-11 00:00:00+01:00,513.7548828125,516.7534521674368,511.25607501671936,513.7548828125,2068404,0.0,0.0
2024-10-14 00:00:00+01:00,513.7548601017442,515.75390625,510.75629087936045,515.75390625,2282238,0.0,0.0
2024-10-15 00:00:00+01:00,517.7529907226562,519.2522754448261,515.2541828523731,517.7529907226562,3024361,0.0,0.0
2024-10-16 00:00:00+01:00,519.7520069658983,528.7477147787696,518.2527223304197,525.7491455078125,2012710,0.0,0.0
2024-10-17 00:00:00+01:00,536.2441749465498,536.2441749465498,527.2124729423514,533.24560546875,2949670,0.0,0.0
2024-10-18 00:00:00+01:00,530.7467481156469,534.7448403801716,530.2469865825814,532.2460327148438,1157397,0.0,0.0
2024-10-21 00:00:00+01:00,532.2460612171101,536.7439152555646,528.2479687384839,529.7472534179688,1483335,0.0,0.0
2024-10-22 00:00:00+01:00,528.2479317551024,530.7467393792987,520.2517473576742,522.2507934570312,3188362,0.0,0.0
2024-10-23 00:00:00+01:00,520.751562023628,523.7501314786585,511.25609208269816,512.255615234375,2514400,0.0,0.0
2024-10-24 00:00:00+01:00,512.255615234375,514.2546615377287,510.2565689310213,512.255615234375,2005385,0.0,0.0
2024-10-25 00:00:00+01:00,513.7548766668081,514.7543997731636,506.2584533691406,506.2584533691406,2466166,0.0,0.0
2024-10-28 00:00:00+00:00,508.2574881718076,511.7558189655172,504.75915737809805,507.2579650878906,2393502,0.0,0.0
2024-10-29 00:00:00+00:00,512.755355195371,512.755355195371,498.56211483865576,500.7610778808594,2955512,0.0,0.0
2024-10-30 00:00:00+00:00,499.1618199262362,520.0638643837211,498.9519286203355,504.7591552734375,2726292,0.0,0.0
2024-10-31 00:00:00+00:00,500.7610734632393,504.2594043157769,489.16659939422414,490.96575927734375,4399140,0.0,0.0
2024-11-01 00:00:00+00:00,493.1646961477304,501.26083943563066,487.09160495926244,500.7610778808594,3651329,0.0,0.0
2024-11-04 00:00:00+00:00,499.7615661621094,504.75918182373044,497.9624367251359,499.7615661621094,2351705,0.0,0.0
2024-11-05 00:00:00+00:00,499.76154679191797,501.26083143229374,494.8438797501549,495.56353759765625,1779463,0.0,0.0
2024-11-06 00:00:00+00:00,500.261323467274,500.261323467274,486.1680413209376,488.36700439453125,3642918,0.0,0.0
2024-11-07 00:00:00+00:00,491.7653617159655,495.163734131284,487.767269344291,490.7658386230469,2366049,0.0,0.0
2024-11-08 00:00:00+00:00,491.1656608270334,492.9648207659461,487.56737145223315,490.1661376953125,1662893,0.0,0.0
2024-11-11 00:00:00+00:00,492.1651840115012,496.3631933663889,491.5654640317993,491.765380859375,1571291,0.0,0.0
2024-11-12 00:00:00+00:00,487.9671821095761,489.9662282788033,484.56877921947074,487.3674621582031,4994267,0.0,0.0
2024-11-13 00:00:00+00:00,487.96718977048965,489.76631914983034,481.7701343473841,487.76727294921875,3646729,0.0,0.0
2024-11-14 00:00:00+00:00,485.56831782975297,494.56402587890625,485.36843150825337,494.56402587890625,3941312,0.0,0.0
2024-11-15 00:00:00+00:00,494.5640167811791,503.75964148569915,493.16469054432366,501.2608337402344,1764772,0.0,0.0
2024-11-18 00:00:00+00:00,504.25941080890794,506.25845703609883,498.9619505080619,503.2598876953125,1347603,0.0,0.0
2024-11-19 00:00:00+00:00,504.7591666569785,507.75773596385164,497.56258811927324,503.7596435546875,1847217,0.0,0.0
2024-11-20 00:00:00+00:00,503.7596586390862,505.2589433374168,497.9364480958834,498.1623229980469,3177268,0.0,0.0
2024-11-21 00:00:00+00:00,502.26037226374143,506.7582263437152,498.1623213347158,505.2589416503906,1993333,0.0,0.0
2024-11-22 00:00:00+00:00,508.25749387120356,510.9961773908791,506.258447680953,506.7582092285156,1637751,0.0,0.0
2024-11-25 00:00:00+00:00,510.2565575648887,514.5145358571524,505.7587034825341,513.255126953125,4112314,0.0,0.0
2024-11-26 00:00:00+00:00,511.25606524137095,513.601930825696,507.7577343941671,509.25701904296875,1424733,0.0,0.0
2024-11-27 00:00:00+00:00,511.7558536585366,515.7539462652439,507.99763684726344,512.255615234375,1556957,0.0,0.0
2024-11-28 00:00:00+00:00,513.2550929199691,517.752946704078,513.2550929199691,516.253662109375,908529,0.0,0.0
2024-11-29 00:00:00+00:00,514.2546443716561,516.7534521674368,512.2555981350316,513.7548828125,2333046,0.0,0.0
2024-12-02 00:00:00+00:00,515.7539119331959,519.7520042737633,510.7562965074867,515.254150390625,1964134,0.0,0.0
2024-12-03 00:00:00+00:00,514.2546159831045,519.7519928303485,513.2550929199691,516.253662109375,3348639,0.0,0.0
2024-12-04 00:00:00+00:00,515.753916100054,521.2512931127484,510.75630063396824,520.2517700195312,2582077,0.0,0.0
2024-12-05 00:00:00+00:00,523.2503321286281,527.2484244467073,519.7520013503087,526.2489013671875,2422629,0.0,0.0
2024-12-06 00:00:00+00:00,526.7486586310148,528.247943238124,519.7519971311721,521.2512817382812,2173503,0.0,0.0
2024-12-09 00:00:00+00:00,522.7505834726187,525.2493912330041,519.2522526080792,519.7520141601562,1320921,0.0,0.0
2024-12-10 00:00:00+00:00,517.2531965609087,520.2517658163343,514.2546273054832,515.254150390625,991990,0.0,0.0
2024-12-11 00:00:00+00:00,512.2556077594812,519.252269719123,512.2556077594812,518.2527465820312,1098937,0.0,0.0
2024-12-12 00:00:00+00:00,521.7510833151092,522.7506064632224,517.7030267664609,517.7529907226562,2347106,0.0,0.0
2024-12-13 00:00:00+00:00,517.7529907226562,522.2508448891658,516.2537060004863,517.7529907226562,2269186,0.0,0.0
2024-12-16 00:00:00+00:00,518.2527541444359,520.751562023628,512.1156673516879,512.255615234375,1042633,0.0,0.0
2024-12-17 00:00:00+00:00,510.25654371957927,512.7553514753068,502.2603589012509,503.7596435546875,2617224,0.0,0.0
2024-12-18 00:00:00+00:00,504.7591552734375,507.25796297281096,502.7601091139387,504.7591552734375,1369942,0.0,0.0
2024-12-19 00:00:00+00:00,501.26083943563066,501.760600990402,497.16278858590096,500.7610778808594,1667456,0.0,0.0
2024-12-20 00:00:00+00:00,499.76156046102335,502.2603682633284,492.9648154399634,500.2613220214844,3415182,0.0,0.0
2024-12-23 00:00:00+00:00,498.1623060352532,502.2603568384203,496.7629797983978,501.2608337402344,1071229,0.0,0.0
2024-12-24 00:00:00+00:00,502.2603511430353,505.2589204035907,501.7605895996094,501.7605895996094,436491,0.0,0.0
2024-12-27 00:00:00+00:00,500.26132402363163,503.75965496085985,500.26132402363163,502.7601318359375,881757,0.0,0.0
2024-12-30 00:00:00+00:00,501.760600990402,504.7591703190299,498.96194848489245,500.7610778808594,608408,0.0,0.0
2024-12-31 00:00:00+00:00,502.2603517420152,509.75677490234375,500.52317402634185,509.75677490234375,514204,0.0,0.0
