close,open,pre_close,high
497.9900207519531,497.9900207519531,497.9900207519531,497.9900207519531
503.5437622070313,507.4684273607192,497.9900207519531,507.4684273607192
503.5437622070313,503.5437622070313,503.5437622070313,503.5437622070313
503.5437622070313,503.5437622070313,503.5437622070313,503.5437622070313
499.8412170410156,499.8412170410156,503.5437622070313,499.8412170410156
503.5437622070313,496.805161026355,499.8412170410156,496.805161026355
501.6925354003906,501.6925354003906,503.5437622070313,501.6925354003906
499.8412170410156,492.4360941716845,501.6925354003906,492.4360941716845
501.6925354003906,501.6925354003906,499.8412170410156,501.6925354003906
499.8412170410156,499.8412170410156,501.6925354003906,499.8412170410156
485.0311584472656,492.4361610873748,499.8412170410156,492.4361610873748
485.0311584472656,485.0311584472656,485.0311584472656,485.0311584472656
481.3286437988281,481.3286437988281,485.0311584472656,481.3286437988281
481.3286437988281,481.3286437988281,481.3286437988281,481.3286437988281
481.3286437988281,481.3286437988281,481.3286437988281,481.3286437988281
481.3286437988281,492.436147451416,481.3286437988281,492.436147451416
459.1134033203125,470.2210277000406,481.3286437988281,470.2210277000406
453.5596618652344,450.5976669235033,459.1134033203125,450.5976669235033
453.5596618652344,455.7811808031851,453.5596618652344,455.7811808031851
453.5596618652344,453.5596618652344,453.5596618652344,453.5596618652344
453.5596618652344,453.5596618652344,453.5596618652344,453.5596618652344
451.70843505859375,444.3033111722823,453.5596618652344,448.7463188245538
451.70843505859375,440.60080984686783,451.70843505859375,440.60080984686783
433.1957092285156,444.3033039508345,451.70843505859375,444.3033039508345
433.1957092285156,433.1957092285156,433.1957092285156,433.1957092285156
423.9393310546875,425.79056605315606,433.1957092285156,425.79056605315606
416.904541015625,408.75903274253926,423.9393310546875,408.75903274253926
412.8317565917969,412.8317565917969,416.904541015625,412.8317565917969
416.5342712402344,407.6482873682832,412.8317565917969,407.6482873682832
416.5342712402344,419.0520591126642,416.5342712402344,419.0520591126642
416.5342712402344,416.5342712402344,416.5342712402344,416.5342712402344
423.9393310546875,417.64496839203815,416.5342712402344,429.3450075667761
423.9393310546875,433.1955969736171,423.9393310546875,433.1955969736171
423.9393310546875,426.1608191146222,423.9393310546875,426.1608191146222
420.2368774414063,420.2368774414063,423.9393310546875,420.2368774414063
423.9393310546875,423.9393310546875,420.2368774414063,423.9393310546875
425.7906188964844,425.7906188964844,423.9393310546875,425.7906188964844
425.7906188964844,428.3823906484029,425.7906188964844,428.3823906484029
423.9393310546875,428.012084421953,425.7906188964844,433.1955969736171
429.4931335449219,433.1956341686251,423.9393310546875,433.1956341686251
436.8983154296875,436.8983154296875,429.4931335449219,436.8983154296875
435.0469970703125,435.0469970703125,436.8983154296875,435.0469970703125
435.0469970703125,435.0469970703125,435.0469970703125,435.0469970703125
435.417236328125,439.4899902600535,435.0469970703125,444.30325041758095
457.2620849609375,444.3032267045836,435.417236328125,459.1133504261309
473.9235229492188,462.81589870540296,457.2620849609375,473.2570915602163
477.62603759765625,435.0470172238216,473.9235229492188,477.62603759765625
485.0311584472656,485.0311584472656,477.62603759765625,485.0311584472656
518.3538818359375,485.0311578353896,485.0311584472656,510.94887920516993
522.0563354492188,529.4614582089197,518.3538818359375,530.572217530215
518.3538818359375,518.3538818359375,522.0563354492188,518.3538818359375
503.9140319824219,512.4298849116916,518.3538818359375,512.4298849116916
509.0975341796875,513.5406325842424,503.9140319824219,513.5406325842424
507.2462463378906,507.2462463378906,509.0975341796875,507.2462463378906
510.2081909179688,508.7271786205014,507.2462463378906,509.4676847692351
527.6101684570312,518.3537805866904,510.2081909179688,526.4994091867178
527.6101684570312,538.3474474523315,527.6101684570312,538.3474474523315
523.90771484375,519.6127657444553,527.6101684570312,519.6127657444553
527.6101684570312,527.6101684570312,523.90771484375,527.6101684570312
527.9805297851562,531.3127476614847,527.6101684570312,533.9045198235391
523.90771484375,529.8318264625236,527.9805297851562,529.8318264625236
507.2462463378906,510.94883828334594,523.90771484375,510.94883828334594
507.2462463378906,518.353840321048,507.2462463378906,518.353840321048
507.2462463378906,515.7621290093808,507.2462463378906,516.1323821421527
499.8412170410156,496.138716224083,507.2462463378906,496.138716224083
499.8412170410156,499.8412170410156,499.8412170410156,499.8412170410156
503.5437622070313,510.94885541969165,499.8412170410156,510.94885541969165
518.3538818359375,514.6514108294242,503.5437622070313,514.6514108294242
522.0563354492188,522.0563354492188,518.3538818359375,522.0563354492188
516.5026245117188,520.9456013946599,522.0563354492188,535.4595481439625
525.7587890625,524.6480903945122,516.5026245117188,524.6480903945122
525.7587890625,533.163911585016,525.7587890625,533.163911585016
526.8696899414062,526.8696899414062,525.7587890625,526.8696899414062
523.90771484375,514.6514457723881,526.8696899414062,522.7229410141914
523.1671752929688,514.6514131367463,523.90771484375,526.4995143874785
523.1671752929688,529.4615397001616,523.1671752929688,529.4615397001616
522.0563354492188,516.1323463533756,523.1671752929688,536.4962066260581
522.0563354492188,522.0563354492188,522.0563354492188,522.0563354492188
522.0563354492188,522.0563354492188,522.0563354492188,522.0563354492188
522.0563354492188,522.0563354492188,522.0563354492188,522.0563354492188
523.90771484375,523.90771484375,522.0563354492188,523.90771484375
516.5026245117188,533.0232607587072,523.90771484375,533.0232607587072
520.2051391601562,520.2051391601562,516.5026245117188,520.2051391601562
503.5437622070313,510.94885541969165,520.2051391601562,510.94885541969165
501.6925354003906,492.4361757437109,503.5437622070313,503.5438012699522
507.2462463378906,507.2462463378906,501.6925354003906,513.1703570799774
503.5437622070313,499.8412610640048,507.2462463378906,499.8412610640048
488.7336730957031,492.4361745167296,503.5437622070313,492.4361745167296
488.7336730957031,493.9171872086888,488.7336730957031,493.9171872086888
494.2874145507813,496.13877124559457,488.7336730957031,496.13877124559457
494.2874145507813,507.0722717066096,494.2874145507813,507.0722717066096
505.3950500488281,503.5437842418698,494.2874145507813,507.246285546916
490.5848693847656,490.5848693847656,505.3950500488281,490.5848693847656
471.7020263671875,485.0311397165812,490.5848693847656,485.0311397165812
471.7020263671875,479.8475350185226,471.7020263671875,479.8475350185226
470.2210388183594,470.2210388183594,471.7020263671875,470.2210388183594
464.6673278808594,464.6673278808594,470.2210388183594,464.6673278808594
464.6673278808594,473.9235969883147,464.6673278808594,473.9235969883147
464.6673278808594,464.6673278808594,464.6673278808594,464.6673278808594
464.6673278808594,464.6673278808594,464.6673278808594,464.6673278808594
463.1861572265625,470.2210274182953,464.6673278808594,470.5912502449005
463.1861572265625,463.1861572265625,463.1861572265625,463.1861572265625
463.1861572265625,473.9235284641618,463.1861572265625,473.9235284641618
468.3697814941406,473.9235484516013,463.1861572265625,473.9235484516013
459.1134033203125,455.41090227222753,468.3697814941406,460.90914315198216
459.1134033203125,451.33814808844727,459.1134033203125,451.33814808844727
462.0753784179688,462.1494835979148,459.1134033203125,462.1494835979148
466.51849365234375,467.2589999194634,462.0753784179688,467.2589999194634
471.7020263671875,471.7020263671875,466.51849365234375,471.7020263671875
471.7020263671875,471.7020263671875,471.7020263671875,471.7020263671875
470.5911865234375,470.5911865234375,471.7020263671875,470.5911865234375
470.5911865234375,470.5911865234375,470.5911865234375,470.5911865234375
470.5911865234375,481.32855630711896,470.5911865234375,481.32855630711896
470.5911865234375,470.5911865234375,470.5911865234375,470.5911865234375
471.3317565917969,463.55641043673256,470.5911865234375,463.55641043673256
469.850830078125,469.850830078125,471.3317565917969,469.850830078125
472.0722961425781,472.0722961425781,469.850830078125,472.0722961425781
473.9235229492188,469.1102625529427,472.0722961425781,481.3286158813853
489.8443603515625,481.32859924680736,473.9235229492188,501.3222373298711
490.5848693847656,485.0311028864383,489.8443603515625,497.9899621032253
475.0342712402344,481.3286353422652,490.5848693847656,481.3286353422652
475.0342712402344,464.6672740750662,475.0342712402344,483.4501349507176
485.0311584472656,485.0311584472656,475.0342712402344,485.0311584472656
485.0311584472656,483.1799229416736,485.0311584472656,483.1799229416736
496.8792419433594,496.1387356891472,485.0311584472656,496.1387356891472
495.0278930664063,493.17662740213535,496.8792419433594,493.17662740213535
495.0278930664063,489.4741263824617,495.0278930664063,489.4741263824617
492.4361267089844,491.3253976067206,495.0278930664063,493.9171392571607
489.1038513183594,491.3253700158723,492.4361267089844,491.3253700158723
487.9930419921875,488.7335481488535,489.1038513183594,488.7335481488535
489.4740905761719,488.73358436463343,487.9930419921875,488.73358436463343
486.8824157714844,488.73365124479454,489.4740905761719,488.73365124479454
486.8824157714844,485.0311499893041,486.8824157714844,488.73365124479454
486.8824157714844,488.73365124479454,486.8824157714844,488.73365124479454
487.9930419921875,486.8823130660522,486.8824157714844,492.4360486233196
487.9930419921875,488.7335481488535,487.9930419921875,488.7335481488535
482.8096008300781,485.03108918131807,487.9930419921875,490.2146024126995
480.5880737304688,488.3633282865682,482.8096008300781,488.733581390084
480.5880737304688,488.3633282865682,480.5880737304688,488.733581390084
478.73675537109375,483.1798838933428,480.5880737304688,484.66086611635626
483.1798706054688,487.6228777700587,478.73675537109375,487.6228777700587
477.62603759765625,481.3286296328236,483.1798706054688,481.3286296328236
475.0342712402344,476.51528382477375,477.62603759765625,481.3286353422652
481.3286437988281,473.9235504371603,475.0342712402344,481.3286437988281
479.1069641113281,480.2178143339153,481.3286437988281,480.2178143339153
472.0722961425781,472.0722961425781,479.1069641113281,472.0722961425781
463.556396484375,480.2178476996182,472.0722961425781,480.2178476996182
470.2210388183594,473.9235399539895,463.556396484375,473.9235399539895
472.0722961425781,482.0691618155911,470.2210388183594,482.0691618155911
473.9235229492188,467.0738703315356,472.0722961425781,467.11081684159535
473.9235229492188,471.7020041622292,473.9235229492188,473.1830166868889
477.2557373046875,466.5184578726854,473.9235229492188,467.99947029333833
470.5911865234375,465.77795703176514,477.2557373046875,470.2209637469632
480.5880737304688,466.5184557968699,470.5911865234375,467.25896200390144
499.4709777832031,488.7336069116766,480.5880737304688,515.3918620657669
497.9900207519531,502.06277524801385,499.4709777832031,502.8032815761832
500.5817565917969,490.21463844051465,497.9900207519531,510.9488444342106
500.5817565917969,505.39501706690623,500.5817565917969,510.9488444342106
495.3982238769531,502.43297259530914,500.5817565917969,503.1734788412134
498.3602600097656,489.4741540108212,495.3982238769531,507.9867813896068
493.1766357421875,503.5437539462896,498.3602600097656,507.24625502857583
494.65765380859375,497.98999271548894,493.1766357421875,497.98999271548894
490.9552001953125,494.6577016771354,494.65765380859375,494.6577016771354
510.2081909179688,490.9550613597563,490.9552001953125,512.4297699818965
518.3538818359375,507.2462869631745,510.2081909179688,518.3538818359375
520.9456176757812,522.0563770856648,518.3538818359375,525.7588478342067
540.5690307617188,518.3539008203188,520.9456176757812,540.5690307617188
557.2303466796875,540.5689560626997,540.5690307617188,558.3411666718882
561.30322265625,553.5278459880277,557.2303466796875,562.0437289467723
545.75244140625,562.0435753455259,561.30322265625,570.1890816974422
536.4962768554688,540.5690009489547,545.75244140625,540.5690009489547
533.1638793945312,540.5688802345003,536.4962768554688,544.2714715810744
533.1638793945312,529.4614092834099,533.1638793945312,534.6448916860703
537.236572265625,529.8315726789983,533.1638793945312,537.6068252758422
540.5690307617188,536.8665596196049,537.236572265625,544.2716231393192
534.64501953125,540.5690094962339,540.5690307617188,540.9392626576542
540.5690307617188,533.1640278597476,534.64501953125,542.0501647011482
536.1260375976562,525.7588883553256,540.5690307617188,546.4931262222456
528.7211303710938,529.4616368351177,536.1260375976562,536.126134393581
525.7587890625,528.7209350598745,528.7211303710938,530.2019474408316
520.9456176757812,528.7209941627034,525.7587890625,528.7209941627034
503.5437622070313,522.0563891576403,520.9456176757812,523.5374017383986
503.5437622070313,510.94885541969165,503.5437622070313,510.94885541969165
503.5437622070313,499.8412610640048,503.5437622070313,510.94885541969165
505.7652282714844,506.13548140020407,503.5437622070313,510.2600939800132
503.5437622070313,499.8412610640048,505.7652282714844,510.57854165676383
507.2462463378906,503.54374531903966,503.5437622070313,508.3570057362064
507.9867248535156,511.6893165967085,507.2462463378906,511.6893165967085
507.2462463378906,512.0595976816617,507.9867248535156,513.9108633455212
507.2462463378906,502.8032390534958,507.2462463378906,507.2462463378906
507.2462463378906,513.5406102127494,507.2462463378906,513.5406102127494
507.2462463378906,502.8032390534958,507.2462463378906,507.2462463378906
507.2462463378906,503.54374531903966,507.2462463378906,507.2462463378906
501.322265625,505.7652426784612,507.2462463378906,507.24625523552737
493.1766357421875,489.8443877990168,501.322265625,493.7986646529657
496.1387634277344,485.4013918324752,493.1766357421875,497.9899988578978
502.0626831054688,499.1006886452709,496.1387634277344,506.5056899501981
508.3569641113281,506.5056985990525,502.0626831054688,508.3569641113281
510.9488525390625,503.5437593681506,508.3569641113281,510.9488525390625
517.9835205078125,514.2810502744518,510.9488525390625,517.9835205078125
509.46771240234375,515.3918225312588,517.9835205078125,521.6860645191629
503.5437622070313,509.4677822211952,509.46771240234375,509.4677822211952
494.2874145507813,498.7305130122102,503.5437622070313,505.7652623136453
499.4709777832031,506.8759796224749,494.2874145507813,506.8759796224749
496.1387634277344,501.6925000270939,499.4709777832031,502.0627531749005
494.2874145507813,499.100766165851,496.1387634277344,503.5437737006705
496.1387634277344,496.1387634277344,494.2874145507813,498.2647184495578
495.7685546875,497.61979028348446,496.1387634277344,497.61979028348446
488.7336730957031,488.3634199227134,495.7685546875,494.6576935546683
502.0626831054688,488.7335716446853,488.7336730957031,502.0626831054688
497.2494812011719,500.581728943316,502.0626831054688,501.6924579847861
507.2462463378906,507.2462463378906,497.2494812011719,507.2462463378906
507.2462463378906,504.2842515845834,507.2462463378906,513.1703570799774
504.2842102050781,512.8000618689241,507.2462463378906,512.8000618689241
499.8412170410156,499.8412170410156,504.2842102050781,511.6893166435728
499.1006774902344,507.24618480537305,499.8412170410156,507.24618480537305
499.8412170410156,503.5437178579483,499.1006774902344,503.5437178579483
499.4709777832031,493.17661407701314,499.8412170410156,503.54373182568935
500.5817565917969,506.875999306954,499.4709777832031,506.875999306954
496.8792419433594,502.8032313593216,500.5817565917969,503.5437376135337
496.1387634277344,488.7336398538648,496.8792419433594,500.9520240403502
497.2494812011719,500.21147582653697,496.1387634277344,505.7652119604881
499.8412170410156,504.654477195688,497.2494812011719,505.0247303082679
495.0278930664063,496.87924965728143,499.8412170410156,502.803239165212
489.1038513183594,502.0627103871847,495.0278930664063,502.0627103871847
487.9930419921875,492.4360486233196,489.1038513183594,492.4360486233196
487.2526245117188,492.0658847977578,487.9930419921875,492.4361076115756
476.14495849609375,488.7335635562733,487.2526245117188,488.7335635562733
473.9235229492188,474.2937760803837,476.14495849609375,481.3286158813853
466.51849365234375,476.1450145071626,473.9235229492188,482.43937839541576
459.85394287109375,473.9235630457273,466.51849365234375,473.9235630457273
468.739990234375,462.81587976049775,459.85394287109375,477.2557512848482
481.3286437988281,468.7400366090714,468.739990234375,485.0311450163574
481.3286437988281,485.0311450163574,481.3286437988281,488.7336462338867
480.9583435058594,481.3285966222096,481.3286437988281,485.0310974768444
477.9962768554688,485.0311166531192,480.9583435058594,490.95513644006815
480.9583435058594,481.3285966222096,477.9962768554688,491.69562326228055
474.6639709472656,477.9962489314949,480.9583435058594,477.9962489314949
471.7020263671875,481.3286385395079,474.6639709472656,481.3286385395079
476.14495849609375,477.2557177661096,471.7020263671875,477.2557177661096
473.9235229492188,470.9614978998993,476.14495849609375,480.9583627502203
468.3697814941406,468.3697814941406,473.9235229492188,477.2557965025298
460.5943603515625,470.2209710282957,468.3697814941406,470.2209710282957
451.3381652832031,470.2210456141828,460.5943603515625,470.2210456141828
451.70843505859375,449.48691607802266,451.3381652832031,454.6704300571512
463.1861572265625,451.3381478180161,451.70843505859375,470.2210274182953
456.1513977050781,469.480510273399,463.1861572265625,473.5532643604072
458.7431640625,468.3697761906708,456.1513977050781,468.3697761906708
455.0406494140625,451.70840149964056,458.7431640625,462.0753983788275
450.9678649902344,455.4108720145145,455.0406494140625,465.0374832118648
452.4488525390625,450.5975870854489,450.9678649902344,456.8918290100058
456.891845703125,457.6323519116258,452.4488525390625,466.5184567225008
459.1134033203125,466.51849634308735,456.891845703125,466.51849634308735
459.4836120605469,460.5943713603109,459.1134033203125,472.4424705577941
458.002685546875,464.66730321295887,459.4836120605469,465.77806272101583
451.70843505859375,459.4836908728512,458.002685546875,460.96467321769467
462.0753784179688,463.5563908976761,451.70843505859375,466.1482233548982
466.51849365234375,463.9266610996887,462.0753784179688,473.5532728811121
470.5911865234375,469.8507106616247,466.51849365234375,476.5152055799897
470.2210388183594,473.5532868095396,470.5911865234375,477.6260410896196
462.81585693359375,472.07221468614506,470.2210388183594,474.6639560615119
459.85394287109375,470.2210617296943,462.81585693359375,470.2210617296943
456.1513977050781,460.59440491898414,459.85394287109375,462.8158933715033
439.8603210449219,459.113456001417,456.1513977050781,459.113456001417
437.6387634277344,437.6387634277344,439.8603210449219,437.6387634277344
432.825439453125,442.8223046282607,437.6387634277344,444.303286892172
435.417236328125,436.8982487793231,432.825439453125,436.8982487793231
456.891845703125,433.1956470311002,435.417236328125,459.1133643286273
456.1513977050781,452.4488967449677,456.891845703125,462.8158933715033
453.18939208984375,457.6323994939442,456.1513977050781,462.8159131835396
459.1134033203125,456.15140854361823,453.18939208984375,465.4077672448697
462.4456176757813,460.9646052404682,459.1134033203125,466.1482093817962
459.1134033203125,464.2969169111787,462.4456176757813,464.2969169111787
460.9645690917969,459.11333400169485,459.1134033203125,462.4455814109695
460.5943603515625,455.4108473854211,460.9645690917969,460.5943603515625
468.3697814941406,458.0026629547879,460.5943603515625,473.9235484516013
479.1069641113281,470.2209806699939,468.3697814941406,481.3285736299066
481.3286437988281,481.3286437988281,479.1069641113281,487.62291708483673
479.1069641113281,479.84747030865566,481.3286437988281,487.6228459983252
484.2906188964844,486.51213772143103,479.1069641113281,486.51213772143103
481.3286437988281,487.2526639321968,484.2906188964844,492.436147451416
483.5501098632813,483.5501098632813,481.3286437988281,491.6956177133264
481.3286437988281,488.3633930812468,483.5501098632813,495.3982635991444
487.9930419921875,481.3285471999211,481.3286437988281,503.5436712821727
492.4361267089844,488.7336256474121,487.9930419921875,495.7684958689864
491.6956787109375,491.6956787109375,492.4361267089844,493.17666103448215
488.3633728027344,490.214638489063,491.6956787109375,492.43612700378895
486.8824157714844,489.4741575576667,488.3633728027344,489.8444107141027
480.5880737304688,485.0310806637921,486.8824157714844,485.0310806637921
486.1419067382813,487.2526662013738,480.5880737304688,488.7336485099608
490.9552001953125,488.7336811208956,486.1419067382813,495.7685521409596
488.7336730957031,496.50905034623145,490.9552001953125,496.50905034623145
488.7336730957031,485.0311716746767,488.7336730957031,492.8064276897194
487.9930419921875,487.6228192227181,488.7336730957031,493.1765547799856
487.9930419921875,485.77155383105327,487.9930419921875,489.4740543055194
486.1419067382813,488.7336485099608,487.9930419921875,488.7336485099608
488.7336730957031,487.2526907126154,486.1419067382813,489.8444326146725
486.1419067382813,489.4741548186892,488.7336730957031,492.436149744733
481.6988830566406,487.9931258522192,486.1419067382813,487.9931258522192
479.4772338867188,492.80634590221473,481.6988830566406,492.80634590221473
473.5532531738281,476.8855009283242,479.4772338867188,478.6923640290608
466.1482238769531,470.2210082007097,473.5532531738281,478.7583189553295
465.7779541015625,466.14817687570775,466.1482238769531,473.1829551440198
469.48046875,470.22097493830125,465.7779541015625,475.0342045445293
481.3286437988281,469.4805429143512,469.48046875,481.698896951468
492.4361267089844,485.0311245858399,481.3286437988281,500.95200947873496
493.9171447753906,494.2873979165713,492.4361267089844,500.5817619343805
496.5090026855469,494.6576460716984,493.9171447753906,496.5090026855469
498.73046875,492.4361050789904,496.5090026855469,498.73046875
498.3602600097656,504.2842801609455,498.73046875,505.0247864684517
501.6925354003906,488.7336743134591,498.3602600097656,502.8032949221276
499.8412170410156,503.5437178579483,501.6925354003906,515.7621008819518
499.8412170410156,496.138716224083,499.8412170410156,503.5437178579483
494.65765380859375,499.8412584316874,499.8412170410156,499.8412584316874
499.8412170410156,493.1766003968444,494.65765380859375,503.5437178579483
500.9519958496094,500.9519958496094,499.8412170410156,515.0216146744998
499.8412170410156,503.9139709705282,500.9519958496094,509.4677373503605
489.4740905761719,498.36019542349874,499.8412170410156,498.36019542349874
491.3254089355469,487.2526546430222,489.4740905761719,499.8412615927848
495.3982238769531,490.21461953788855,491.3254089355469,503.5437319641656
496.1387634277344,499.471011449124,495.3982238769531,514.2811373613858
486.8824157714844,497.2495344605638,496.1387634277344,499.100769933874
493.9171447753906,492.8063853518486,486.8824157714844,497.61973680493503
488.7336730957031,495.3982908272621,493.9171447753906,495.3982908272621
483.92034912109375,482.06911380615486,488.7336730957031,493.1766166223905
465.03753662109375,486.5121589132472,483.92034912109375,487.2526652204849
465.7779541015625,470.2209607888097,465.03753662109375,470.2209607888097
467.99951171875,469.4805242704961,465.7779541015625,479.4772680681769
470.9615173339844,472.0722767733144,467.99951171875,475.0342716359916
479.4772338867188,482.80960281719183,470.9615173339844,482.80960281719183
477.9962768554688,478.3665299864573,479.4772338867188,480.9583625211131
495.7685546875,479.107070617175,477.9962768554688,497.99004346445577
495.7685546875,495.7685546875,495.7685546875,495.7685546875
499.4709777832031,490.9551256487785,495.7685546875,507.98673899102585
492.8063659667969,497.6197172305451,499.4709777832031,500.5817422434762
492.4361267089844,492.4361267089844,492.8063659667969,497.9899843823824
497.9900207519531,490.9551803254737,492.4361267089844,498.3602739160378
499.8412170410156,497.2494755618228,497.9900207519531,506.1354593371413
506.1354675292969,497.2494836101525,499.8412170410156,512.429831162767
504.6544494628906,508.72720316858897,506.1354675292969,511.3190354319496
506.5057373046875,502.06273004457023,504.6544494628906,508.72725608918006
507.2462463378906,497.2495026796534,506.5057373046875,508.7272588689783
509.46771240234375,507.9867000245475,507.2462463378906,509.46771240234375
497.2494812011719,505.39498915257593,509.46771240234375,509.8379962450569
496.1387634277344,497.6197457100913,497.2494812011719,505.0247783573528
502.0626831054688,506.5056899501981,496.1387634277344,510.2082209115269
501.6925354003906,498.73054031796346,502.0626831054688,502.4330417482153
502.80322265625,493.9171174506467,501.6925354003906,505.0247413804341
500.5817565917969,502.0627388318446,502.80322265625,506.50574616972494
493.1766357421875,498.73049344665696,500.5817565917969,505.8541383837892
493.1766357421875,497.2495111990637,493.1766357421875,505.0247665027516
494.65765380859375,496.1387573081594,493.1766357421875,496.1387573081594
492.4361267089844,492.8063798460285,494.65765380859375,494.6576455312488
492.4361267089844,492.4361267089844,492.4361267089844,492.4361267089844
492.4361267089844,480.21786411313536,492.4361267089844,492.4776498587675
492.0659484863281,490.5849358038988,492.4361267089844,492.43617134806425
488.7336730957031,489.4741794416827,492.0659484863281,492.0659516526112
490.2146301269531,487.9931113412536,488.7336730957031,490.2146301269531
486.1419067382813,479.1070361876217,490.2146301269531,488.3633953555966
487.2526245117188,487.2526245117188,486.1419067382813,488.7336066935919
485.0311584472656,481.6989102901036,487.2526245117188,485.1622746213548
482.0691223144531,486.8823827124339,485.0311584472656,489.1038711913423
477.62603759765625,480.21787020759473,482.0691223144531,482.80964219979546
467.2590637207031,480.9584315329774,477.62603759765625,480.9584315329774
456.891845703125,467.9994691395024,467.2590637207031,467.9994691395024
452.0787048339844,463.1862092183812,456.891845703125,465.03756603016507
454.6703796386719,451.7083849685705,452.0787048339844,455.4108858834141
455.0406494140625,454.67039627814137,454.6703796386719,457.262137920721
453.5596618652344,453.9299150215595,455.0406494140625,458.00266943226586
444.6735534667969,451.3381708633517,453.5596618652344,452.8191531719962
439.1197509765625,447.26528940581534,444.6735534667969,456.151394701723
444.3032531738281,441.3412585619235,439.1197509765625,446.5247718644066
436.8983154296875,443.5628118590385,444.3032531738281,444.3033181976043
444.3032531738281,440.2304992166343,436.8983154296875,455.22278010910645
451.3381652832031,448.3760491581869,444.3032531738281,455.0406664723433
451.70843505859375,452.0786882220223,451.3381652832031,453.5596705668657
447.2652893066406,455.0406352274442,451.70843505859375,455.0406352274442
444.3032531738281,453.9298644752015,447.2652893066406,453.9298644752015
444.3032531738281,448.0057540159256,444.3032531738281,448.376007131022
440.9710693359375,450.2274288633015,444.3032531738281,450.2274288633015
433.5660400390625,448.376044646604,440.9710693359375,452.819143017248
426.1608581542969,430.2336118946586,433.5660400390625,438.2762510874208
423.9393310546875,424.3095841161536,426.1608581542969,429.1228436063515
419.8666687011719,423.1989166678305,423.9393310546875,427.641924059665
413.9425354003906,418.0153803565574,419.8666687011719,418.0153803565574
415.4234924316406,414.68298628714047,413.9425354003906,427.6418438158932
415.0533142089844,417.2748027342389,415.4234924316406,417.2748027342389
420.2368774414063,419.12611813359126,415.0533142089844,422.45836574817054
418.3856201171875,418.3856201171875,420.2368774414063,422.0881209068385
417.2747497558594,418.015346866478,418.3856201171875,422.458353661759
425.7906188964844,423.5691305608488,417.2747497558594,432.8253976285401
425.7906188964844,425.4203960979335,425.7906188964844,428.7526437558199
423.1988525390625,422.45834636782337,425.7906188964844,426.9013530863939
422.4584045410156,425.7906524615833,423.1988525390625,425.7906524615833
425.7906188964844,427.641884433569,422.4584045410156,427.641884433569
420.6071472167969,423.1988887289023,425.7906188964844,438.7495196547357
419.8666687011719,429.4931897682914,420.6071472167969,431.1630872057911
399.8728942871094,416.1640004157291,419.8666687011719,422.0881106470911
381.3602600097656,400.9836435549739,399.8728942871094,402.4647468479132
371.3633728027344,387.2843456632551,381.3602600097656,396.1703586830731
356.92364501953125,362.8476641449744,371.3633728027344,362.8476641449744
347.6673278808594,348.33372896372225,356.92364501953125,365.587537070195
339.1515197753906,350.25911520521794,347.6673278808594,350.77745753506105
341.9653625488281,344.11289728111325,339.1515197753906,352.77680799119184
379.1388244628906,340.33631931885884,341.9653625488281,379.1388244628906
381.3602600097656,368.2533430000218,379.1388244628906,404.6862350885662
378.3983459472656,392.0977132453242,381.3602600097656,399.4345816895468
375.0660400390625,378.3982877496522,378.3983459472656,390.6166404876584
377.6577758789063,381.360276647434,375.0660400390625,382.4710359706521
374.6958312988281,380.61985150387534,377.6577758789063,380.61985150387534
372.4743041992188,366.1799405604661,374.6958312988281,382.4710474824712
395.0596923828125,370.25273097759367,372.4743041992188,401.72421886937445
391.357177734375,382.1008188599983,395.0596923828125,395.8001851369499
386.1735534667969,382.84130566166783,391.357177734375,396.1704181176535
400.6134643554688,396.17045674579725,386.1735534667969,416.5343199213734
395.0596923828125,408.7590591289781,400.6134643554688,408.7590591289781
394.3191223144531,400.98364772342296,395.0596923828125,403.9457331046352
394.68939208984375,396.9109107563389,394.3191223144531,398.391923200669
394.3191223144531,398.3919063642411,394.68939208984375,409.86975232273454
388.7654113769531,405.79702454792846,394.3191223144531,417.2747803142647
391.7273559570313,392.4678621006461,388.7654113769531,400.79113054485
385.0627746582031,385.0627746582031,391.7273559570313,406.9077684761081
374.1063537597656,383.7367630759008,385.0627746582031,388.181656006595
370.7726440429688,376.6991473391484,374.1063537597656,382.9959320167652
377.8103637695313,372.624786557622,370.7726440429688,379.2919745849979
372.6247253417969,366.69822241132886,377.8103637695313,373.7951200716932
384.8479919433594,364.40176837579247,372.6247253417969,388.9224824035135
381.5143127441406,384.4775340042544,384.8479919433594,388.5520238791273
385.2183532714844,379.6623734124362,381.5143127441406,401.88647477529895
382.2552185058594,385.2184102235144,385.2183532714844,395.9601204351762
377.8103637695313,385.2183572046404,382.2552185058594,387.07037072397367
374.1063537597656,381.8847496223706,377.8103637695313,381.8847496223706
378.9216003417969,372.9951869559116,374.1063537597656,378.9216003417969
368.9205932617188,367.8835204805524,378.9216003417969,370.4022037747999
368.6244201660156,368.920687766535,368.9205932617188,369.5133442520281
364.6981201171875,364.10546366265993,368.6244201660156,369.3652063135343
364.4758911132813,362.99431051859136,364.6981201171875,370.4023044553829
362.9942932128906,354.3268515759883,364.4758911132813,364.2536199817261
355.5121765136719,369.8837476190901,362.9942932128906,369.8837476190901
355.5861511230469,355.5861511230469,355.5121765136719,355.5861511230469
351.73394775390625,344.02956715321034,355.5861511230469,355.58609257259627
337.14019775390625,339.88113528280815,351.73394775390625,349.6597847499746
334.1769104003906,351.5858338650863,337.14019775390625,351.80808756967355
355.5861511230469,327.2874285962884,334.1769104003906,366.6982619322381
355.43798828125,355.58613722018794,355.5861511230469,355.58613722018794
351.8822326660156,355.51221614928994,355.43798828125,355.51221614928994
355.5861511230469,340.99232786492155,351.8822326660156,359.2161338011523
368.4762268066406,354.0305223442022,355.5861511230469,369.2910459929518
366.4018859863281,370.402179531836,368.4762268066406,373.7358636102892
387.07037353515625,358.993902956154,366.4018859863281,387.07037353515625
387.07037353515625,390.77446124294846,387.07037353515625,390.77446124294846
384.4775390625,381.8847204257889,387.07037353515625,390.0336396405267
382.9959106445313,382.9959106445313,384.4775390625,388.9224136099956
374.4766845703125,368.6984218970925,382.9959106445313,387.8111788761964
374.1063537597656,382.62555500378267,374.4766845703125,382.62555500378267
384.4775390625,369.7355373563722,374.1063537597656,384.4775390625
388.9224243164063,379.2919249549056,384.4775390625,388.9224243164063
381.8847351074219,381.5143324307944,388.9224243164063,388.922446605564
392.6264953613281,388.55209569669296,381.8847351074219,396.3304922999861
392.6264953613281,392.6264953613281,392.6264953613281,392.6264953613281
386.699951171875,385.21834042096106,392.6264953613281,392.626454817752
368.3279724121094,380.0327390426149,386.699951171875,383.7367353610483
370.40228271484375,377.4399644729539,368.3279724121094,377.4399644729539
368.1798095703125,368.1798095703125,370.40228271484375,374.10631261197744
382.9959106445313,359.43835092338395,368.1798095703125,382.9959106445313
359.29022216796875,370.40224150579047,382.9959106445313,373.7359261420201
384.8479919433594,353.0674939415153,359.29022216796875,384.8479919433594
370.40228271484375,380.4031861306372,384.8479919433594,380.4031861306372
362.9942932128906,362.10533883423466,370.40228271484375,367.8836029377236
366.25384521484375,356.17880734549533,362.9942932128906,366.25384521484375
354.10455322265625,356.7714768933227,366.25384521484375,362.9942785774701
347.9559020996094,355.51213497490266,354.10455322265625,364.9203812528007
355.5861511230469,350.548692827783,347.9559020996094,357.6604182759327
361.8831481933594,366.6243097890043,355.5861511230469,369.0689802383407
364.5499877929688,364.4017478821247,361.8831481933594,374.1063529352335
388.9224243164063,408.1833017549755,364.5499877929688,414.8505192310624
381.5143127441406,391.51521481813296,388.9224243164063,396.33041904470974
370.40228271484375,387.0703742182002,381.5143127441406,388.18167330316817
377.8103637695313,378.1807664733979,370.40228271484375,402.9977779535757
394.1080932617188,391.1448715516722,377.8103637695313,395.2192710818734
403.7385864257813,390.7744613709356,394.1080932617188,414.8505766627876
403.7385864257813,415.2209793694657,403.7385864257813,422.25866111746177
411.1465148925781,392.626412808817,403.7385864257813,412.2576925157628
400.0344543457031,423.3698543679525,411.1465148925781,423.3698543679525
409.6650085449219,407.4426224119292,400.0344543457031,415.2210193590762
421.517822265625,415.9617218636555,409.6650085449219,421.517822265625
417.8137817382813,415.9617984650855,421.517822265625,420.0362890147915
411.1465148925781,411.1465148925781,417.8137817382813,424.1106075759861
400.7752685546875,420.0362696916532,411.1465148925781,420.0362696916532
407.4425659179688,402.25686760184345,400.7752685546875,407.4425659179688
392.256103515625,412.25779063096536,407.4425659179688,417.0729958811175
389.6632385253906,393.7376375067207,392.256103515625,404.10891209474687
389.6632385253906,395.9600231687605,389.6632385253906,395.9600231687605
392.6264953613281,382.2551887128534,389.6632385253906,398.5529086558492
387.4408874511719,379.66239988589433,392.6264953613281,400.03448916885753
370.40228271484375,387.81127059595775,387.4408874511719,394.4784586835207
377.4400024414063,366.7724276575349,370.40228271484375,382.6256105428844
383.3663330078125,374.1063270436692,377.4400024414063,402.2568385636797
374.84710693359375,387.811199302705,383.3663330078125,391.1447927336555
382.9959106445313,375.9583210278862,374.84710693359375,387.0703094206585
405.2201843261719,374.1063859507092,382.9959106445313,405.2201843261719
398.1824951171875,407.072190620353,405.2201843261719,408.9241738788343
388.9224243164063,391.1448099276965,398.1824951171875,391.1448099276965
388.9224243164063,385.5887094544848,388.9224243164063,391.885615238496
402.2568664550781,392.25605446899687,388.9224243164063,402.2568664550781
392.6264953613281,392.9968980873053,402.2568664550781,397.8121032038948
401.886474609375,386.69996391216944,392.6264953613281,407.8129784505078
408.5537109375,397.44163109798,401.886474609375,408.5537109375
407.4425659179688,410.4057571248026,408.5537109375,412.6281429496503
411.1465148925781,403.7385225728455,407.4425659179688,416.165476838519
406.7017822265625,400.4048755016257,411.1465148925781,408.18336274844097
405.9609680175781,395.9600647227574,406.7017822265625,407.8129815312279
399.6640319824219,401.14564268417934,405.9609680175781,403.42736682728366
407.07220458984375,401.5161030181664,399.6640319824219,411.8874097409192
407.81298828125,407.81298828125,407.07220458984375,408.1833606689984
412.9985046386719,408.1833004549199,407.81298828125,424.8514198948195
413.3689575195313,416.33214879222754,412.9985046386719,421.8882499228406
417.8137817382813,410.7761907221337,413.3689575195313,417.8137817382813
429.6666259765625,420.0362175665176,417.8137817382813,429.6666259765625
417.44329833984375,422.9993986911653,429.6666259765625,429.66661602098617
425.9627075195313,418.9251159144679,417.44329833984375,427.0739157691041
423.74029541015625,407.8130084620855,425.9627075195313,423.74029541015625
422.2586059570313,425.2218272233649,423.74029541015625,437.9658496599498
431.88909912109375,418.5546917711249,422.2586059570313,440.03798952256494
437.0747680664063,438.5563788886503,431.88909912109375,447.44598317988994
437.0747680664063,430.0370560185231,437.0747680664063,437.0747680664063
432.6298828125,430.7778692510689,437.0747680664063,438.9267895635911
433.0002746582031,438.5563758452857,432.6298828125,438.5563758452857
428.1850280761719,431.5186217568235,433.0002746582031,433.0002324242727
428.9259033203125,432.62990027153904,428.1850280761719,432.62990027153904
421.8882446289063,425.5922715746873,428.9259033203125,429.6666708939353
415.59130859375,392.6264054824504,421.8882446289063,416.70248619620025
420.4066467285156,412.2577271436836,415.59130859375,429.8740797797386
419.2954406738281,420.4066487167122,420.4066467285156,426.7034336508351
418.55462646484375,424.1106362407157,419.2954406738281,426.7034246315309
416.7025146484375,420.7770349430069,418.55462646484375,422.9994206207576
418.55462646484375,418.55462646484375,416.7025146484375,427.1182477300182
415.59130859375,418.55459036544926,418.55462646484375,422.9993917385708
412.9985046386719,409.6649110717999,415.59130859375,421.5178263279475
420.7770080566406,416.3320853796116,412.9985046386719,423.3697962351967
426.3330383300781,422.25863909027294,420.7770080566406,426.3330383300781
418.1842346191406,422.2586338079766,426.3330383300781,422.2586338079766
414.8505554199219,422.2586394952572,418.1842346191406,422.2586394952572
409.6650085449219,421.1475238789272,414.8505554199219,422.25870178486593
407.4425659179688,414.8505590956089,409.6650085449219,416.3321395384704
415.59130859375,409.6648966558857,407.4425659179688,418.55459036544926
417.0729064941406,419.295413398665,415.59130859375,420.6591658788461
411.1465148925781,416.7024939718239,417.0729064941406,420.0362087680225
408.5537109375,411.5169322280387,411.1465148925781,411.5169322280387
411.8873901367188,405.9609770818271,408.5537109375,416.3321620264968
410.0353088378906,408.5536982386733,411.8873901367188,411.516919437108
405.2201843261719,407.8130033842199,410.0353088378906,409.81313563658375
411.1465148925781,407.0721160846144,405.2201843261719,413.73930310815234
425.9627075195313,411.146627846342,411.1465148925781,425.9627075195313
422.2586059570313,418.92501235351415,425.9627075195313,426.7034075354235
422.6290283203125,425.59224972480575,422.2586059570313,429.2962461593127
424.4810485839844,421.1474547709621,422.6290283203125,425.9626289891553
420.7770080566406,421.14741069944967,424.4810485839844,422.396397737972
418.925048828125,420.0362568997498,420.7770080566406,422.25864272188863
422.2586059570313,418.92501235351415,418.925048828125,422.2586059570313
407.4425659179688,418.9250493387548,422.2586059570313,418.9250493387548
414.8505554199219,411.1465588639202,407.4425659179688,420.40665637781166
416.3321533203125,411.88738152348185,414.8505554199219,423.7402680276272
417.0729064941406,420.0362187123984,416.3321533203125,424.4068851643223
415.2209777832031,410.77617564115855,417.0729064941406,417.44336369366937
416.3321533203125,416.702556023567,415.2209777832031,417.1500653144424
418.55462646484375,414.8505390913039,416.3321533203125,419.5576487656959
419.6658020019531,417.443295171855,418.55462646484375,419.6658020019531
420.4066467285156,416.7025289730893,419.6658020019531,420.7770494077253
404.2530822753906,403.1415081803953,420.4066467285156,409.8110740780717
413.1457824707031,403.1414354295709,404.2530822753906,414.998456181239
411.2931823730469,412.7752911655194,413.1457824707031,420.482420678765
408.3289184570313,407.5878792007456,411.2931823730469,414.9985144190008
409.8110656738281,411.2932048793282,408.3289184570313,412.4047789515279
407.5878601074219,408.6994341057414,409.8110656738281,413.1458210947899
394.2486267089844,404.6236009464583,407.5878601074219,407.1105761302891
392.025390625,391.6548558566257,394.2486267089844,395.3601732084458
392.7664489746094,395.3601619474301,392.025390625,397.212835736532
387.2084045410156,383.8736217287501,392.7664489746094,393.1370219056483
388.6906127929688,383.8736000813736,387.2084045410156,392.1980447236111
386.4673767089844,391.65492504650376,388.6906127929688,391.65492504650376
392.7664489746094,386.4672974278193,386.4673767089844,397.5833704943523
394.9896545410156,395.7307241079724,392.7664489746094,396.1012588914508
389.0611267089844,398.6949696241824,394.9896545410156,400.9181478105012
396.4717712402344,381.27984597726896,389.0611267089844,403.5119923917946
391.2843322753906,393.5075409491997,396.4717712402344,395.360184512117
393.1369934082031,389.4316760707271,391.2843322753906,394.2485977090228
389.4316711425781,392.7664536709135,393.1369934082031,393.1369884331644
387.5790710449219,386.0968407182466,389.4316711425781,392.7665283711132
372.7576293945313,383.8735810343232,387.5790710449219,388.6905935069076
350.0808410644531,376.4629719603111,372.7576293945313,376.833506739783
351.1925354003906,355.86125540931107,350.0808410644531,360.6314660345207
363.1237182617188,354.9718924862537,351.1925354003906,366.9772071542308
362.6050415039063,357.3434528578142,363.1237182617188,363.34611118172
365.7916564941406,363.1238114755242,362.6050415039063,372.75774850329856
367.5701293945313,364.0130131997378,365.7916564941406,369.1264302893549
358.380859375,364.3094768586427,367.5701293945313,367.7924615255748
356.4541015625,363.56836281015086,358.380859375,363.56836281015086
344.5970153808594,356.00946245960654,356.4541015625,359.1960434020385
337.1863098144531,346.5237817085773,344.5970153808594,346.6720745074728
337.1863098144531,341.4844957558482,337.1863098144531,344.3747342357727
327.0335998535156,337.18624023352623,337.1863098144531,340.07644778510604
329.7756042480469,332.14698425813646,327.0335998535156,334.5183642682261
325.99615478515625,331.4059445940114,329.7756042480469,336.4244525711383
319.3266296386719,325.9961961319834,325.99615478515625,329.62747398253447
311.9899597167969,318.6595246285454,319.3266296386719,325.4403470287029
303.83819580078125,313.5461709532535,311.9899597167969,314.8060681091073
300.3552551269531,305.5427126415434,303.83819580078125,312.731106856592
306.28375244140625,302.9489691529313,300.3552551269531,310.0632321434076
320.9568786621094,306.7283859319523,306.28375244140625,320.9568786621094
321.4015197753906,316.8069305718239,320.9568786621094,324.36585893489723
324.4398498535156,329.9238006352488,321.4015197753906,331.3317781092102
315.2506408691406,322.2908321988685,324.4398498535156,328.96042807538936
318.06671142578125,315.69533105699,315.2506408691406,326.4408711031626
309.0256042480469,319.5487785634358,318.06671142578125,320.0676060541537
343.5594482421875,313.5461613410331,309.0256042480469,343.7654930002909
337.7791748046875,336.074732755775,343.5594482421875,346.89428325240846
349.7103576660156,341.11398591755926,337.7791748046875,353.6381300340438
364.6058044433594,350.5254837596023,349.7103576660156,364.6058044433594
356.60235595703125,364.0871530651763,364.6058044433594,373.8692599327821
359.1218566894531,354.9718434854191,356.60235595703125,360.5299250490326
335.7782592773437,360.3817551706833,359.1218566894531,360.3817551706833
340.8917541503906,341.5586622740547,335.7782592773437,346.2273831228516
352.52642822265625,342.37384675191714,340.8917541503906,354.23087022896976
355.7129821777344,350.22915208524444,352.52642822265625,361.7898014087365
355.63897705078125,363.56844072639706,355.7129821777344,368.8300293219608
360.9005126953125,355.7129650976892,355.63897705078125,366.0287310500081
352.6747131347656,360.9005497181455,360.9005126953125,368.9040532773576
362.6050415039063,363.7906862581655,352.6747131347656,372.0166446112983
360.6781311035156,369.2745004659354,362.6050415039063,369.2745004659354
355.2684326171875,358.52908448269125,360.6781311035156,366.236214916104
349.7844543457031,351.11836130119326,355.2684326171875,355.5647481514161
363.1237182617188,355.26838703872613,349.7844543457031,364.1611610420987
366.4585266113281,366.4585266113281,363.1237182617188,366.5103942041935
363.1237182617188,363.27188970814615,366.4585266113281,366.82903570780337
365.0504760742188,363.1236712137613,363.1237182617188,366.0879187201829
377.9450988769531,370.0156360167114,365.0504760742188,390.91381678059946
371.6459045410156,382.3914427753056,377.9450988769531,382.3914427753056
366.9772338867188,366.8290624294978,371.6459045410156,377.2040369636866
374.6102600097656,374.6102600097656,366.9772338867188,376.1294645840477
363.4942321777344,378.3156236759097,374.6102600097656,384.9852195181643
343.85595703125,356.23180708467936,363.4942321777344,362.604999509391
346.07916259765625,350.9702465536333,343.85595703125,350.9702465536333
340.59521484375,346.07913589753696,346.07916259765625,346.67203403654577
351.118408203125,338.890759318872,340.59521484375,352.6005474618223
361.3450622558594,349.0433751237248,351.118408203125,361.9379299964528
365.2727966308594,369.126407180808,361.3450622558594,370.163850049959
359.7147521972656,366.5326098939505,365.2727966308594,369.27452461848486
355.9353332519531,358.2326733864829,359.7147521972656,362.9755554498032
347.5612487792969,355.5647512457335,355.9353332519531,363.34604204604994
361.5674133300781,356.8246531595902,347.5612487792969,362.753179202508
370.3861999511719,362.3085346693548,361.5674133300781,373.8692758503778
365.2727966308594,360.9745807078143,370.3861999511719,373.8692588088756
368.0888671875,366.38451614663546,365.2727966308594,371.64598339350295
361.0486755371094,365.1986585701842,368.0888671875,371.6458902673771
361.0486755371094,355.7129267353037,361.0486755371094,363.123682219607
360.7522888183594,366.7549458362316,361.0486755371094,367.64421712335263
364.7540588378906,363.04958658696273,360.7522888183594,373.49872277835146
353.34161376953125,369.8674481494971,364.7540588378906,375.7219345646275
357.6397705078125,360.4558469782923,353.34161376953125,363.1237216690306
365.717529296875,360.2335767187623,357.6397705078125,371.2755221201408
360.01129150390625,367.94063312492494,365.717529296875,367.94063312492494
364.9022521972656,370.5343750868341,360.01129150390625,371.6459491541102
363.1237182617188,380.5388224864336,364.9022521972656,380.5388224864336
359.4183349609375,368.23706786739046,363.1237182617188,368.244438524079
369.2745666503906,359.4183895686095,359.4183349609375,369.2745666503906
363.8648071289063,363.0496062409846,369.2745666503906,367.11065704025424
363.1237182617188,361.6415791505155,363.8648071289063,368.01477126230486
367.42193603515625,359.4924728885893,363.1237182617188,368.7114372142797
363.1237182617188,363.1237182617188,367.42193603515625,370.23794959718623
376.0924377441406,363.1237204432018,363.1237182617188,376.0924377441406
376.8335571289063,381.6504492422942,376.0924377441406,381.6504492422942
355.8599548339844,364.68233281519065,376.8335571289063,367.4995426141291
366.3133850097656,362.5323747832068,355.8599548339844,367.2030237650304
369.5753784179688,370.6874420184913,366.3133850097656,372.5409723860618
371.4288635253906,370.6874877003451,369.5753784179688,375.5064912520594
376.6184387207031,376.6184387207031,371.4288635253906,376.6184387207031
377.3598937988281,376.61854833134805,376.6184387207031,382.93499013969495
383.2908325195313,375.8771358130477,377.3598937988281,385.8856172634638
389.5925903320313,380.3253631639431,383.2908325195313,392.55806297113776
385.5149536132813,385.5149536132813,389.5925903320313,389.2219235772321
379.9546813964844,382.5494662043411,385.5149536132813,382.5494662043411
378.8426208496094,378.4719329676842,379.9546813964844,385.144284497881
385.5149536132813,381.43741713410265,378.8426208496094,385.5149536132813
386.9977416992188,383.6615806913849,385.5149536132813,388.8512723727633
378.1012268066406,379.95466612666297,386.9977416992188,385.8856112618242
381.8080749511719,376.9891934099306,378.1012268066406,382.5494506788875
378.1012268066406,375.13575423906,381.8080749511719,381.8080751022301
377.3598937988281,375.13579670747066,378.1012268066406,379.66555679483895
377.3598937988281,378.1012696107668,377.3598937988281,379.2133333286748
375.5064697265625,372.91168483210544,377.3598937988281,380.32538196866057
375.8771667480469,378.4719517055324,375.5064697265625,378.4719517055324
372.9116516113281,376.6184998493817,375.8771667480469,376.6184998493817
374.3943786621094,378.10122695919455,372.9116516113281,378.10122695919455
375.1357421875,378.8425903640038,374.3943786621094,381.4373749842202
372.1702575683594,375.5064177838824,375.1357421875,375.7102414758653
367.87017822265625,372.1702603701383,372.1702575683594,372.1702603701383
363.2737426757813,372.911657486604,367.87017822265625,372.911657486604
369.2046508789063,369.2788430643219,363.2737426757813,369.797763539902
373.6530151367188,370.09442973129535,369.2046508789063,377.3598635548637
372.9116516113281,371.4288091449608,373.6530151367188,375.87712413288006
378.1012268066406,372.9116573994883,372.9116516113281,379.5839782626585
378.1012268066406,378.1012268066406,378.1012268066406,378.1012268066406
376.9892578125,378.1012912495914,378.1012268066406,378.1012912495914
367.7219848632813,370.6874881671983,376.9892578125,371.799521561708
369.946044921875,370.0943989556285,367.7219848632813,373.6529840651332
366.9805908203125,369.5013047084344,369.946044921875,372.7707376825743
369.4271545410156,369.0564666349092,366.9805908203125,370.6134104605816
370.68743896484375,369.8719924223132,369.4271545410156,372.9116571809324
365.2013244628906,369.27886040703686,370.68743896484375,369.7977809069873
362.6064758300781,361.9392922246906,365.2013244628906,362.6064758300781
360.3082885742188,362.4582238571806,362.6064758300781,368.46336200008426
366.4616394042969,367.573702994458,360.3082885742188,369.64956716720746
370.61334228515625,365.572005896153,366.4616394042969,374.394352163022
368.5375671386719,370.6875024970966,370.61334228515625,370.6875024970966
361.791015625,370.6874642744091,368.5375671386719,370.6874642744091
369.2046508789063,359.5668280655694,361.791015625,373.0004990825936
377.3598937988281,369.204729523044,369.2046508789063,377.3598937988281
378.1012268066406,377.35985107863166,377.3598937988281,382.1787629662346
375.8771667480469,375.5064788477693,378.1012268066406,377.35988800469937
373.6530151367188,375.8771423942794,375.8771667480469,377.7305514311238
373.2823486328125,375.13578812023206,373.6530151367188,375.13578812023206
374.3943786621094,374.3943786621094,373.2823486328125,382.1787631204337
368.46331787109375,372.5409754735031,374.3943786621094,372.5409754735031
363.6444396972656,369.3530819755128,368.46331787109375,370.6134087125467
364.7565002441406,365.7203009248888,363.6444396972656,369.0564616906937
365.7944641113281,363.7185998918108,364.7565002441406,365.7944641113281
367.4995422363281,362.5323972687625,365.7944641113281,367.72196711116777
369.5753784179688,369.9460662848096,367.4995422363281,372.1702845192209
371.05810546875,369.5753540989554,369.5753784179688,374.023668897246
372.9116516113281,369.130611181606,371.05810546875,373.6529969833752
374.3943786621094,372.5409696857944,372.9116516113281,374.3943786621094
370.3167724609375,369.72375074025575,374.3943786621094,370.8150284428028
369.6496276855469,370.02028526516216,370.3167724609375,372.5410299066869
374.3943786621094,373.28231506964727,369.6496276855469,374.3943786621094
375.8771667480469,369.5754117544105,374.3943786621094,377.73057590497706
378.1012268066406,373.2823149190377,375.8771667480469,381.8080751022301
389.221923828125,372.5409989742276,378.1012268066406,389.221923828125
392.9287414550781,385.88561134850096,389.221923828125,398.8597169360267
395.5235290527344,391.81668072919433,392.9287414550781,396.635592653133
384.03216552734375,395.52348821155215,395.5235290527344,396.6355516971207
386.9977416992188,384.03226861941766,384.03216552734375,388.109896516698
400.3424377441406,385.5149231918826,386.9977416992188,402.1958770631729
398.8597106933594,398.4890228350734,400.3424377441406,402.56655893176463
399.2303161621094,394.7820927870184,398.8597106933594,399.2303161621094
398.489013671875,390.7045991713254,399.2303161621094,406.6441767110946
400.3424377441406,398.11834090575707,398.489013671875,400.3424377441406
400.3424377441406,402.9373438241512,400.3424377441406,414.4285765687858
404.0493774414063,400.3424080449757,400.3424377441406,406.27347411479656
404.0493774414063,398.8596870441998,404.0493774414063,404.0493774414063
407.3855895996094,401.8252106566802,404.0493774414063,410.721750207562
407.75628662109375,412.57516852698575,407.3855895996094,412.88659369354224
399.60107421875,403.6787318785017,407.75628662109375,404.0494197536275
404.0493774414063,400.3424080449757,399.60107421875,404.0493774414063
405.9028015136719,404.0493926070228,404.0493774414063,412.5751221287349
415.1699523925781,407.3855679397496,405.9028015136719,415.54064025647045
408.8682861328125,411.46310116153984,415.1699523925781,411.46310116153984
415.5406799316406,408.8683280889682,408.8682861328125,417.7647769828927
412.9458618164063,408.8683252965768,415.5406799316406,414.7993013001732
419.9889526367188,412.5751347171887,412.9458618164063,420.38628292968593
415.1699523925781,416.6526735036923,419.9889526367188,423.6958036065568
413.6872253417969,418.5062285455964,415.1699523925781,420.3596679743986
418.5062255859375,412.9458466499398,413.6872253417969,418.8769134690765
418.8769226074219,415.54067089747326,418.5062255859375,418.8769226074219
418.8769226074219,417.7647679003718,418.8769226074219,418.8769226074219
421.4717712402344,415.17001590117445,418.8769226074219,422.5838046575641
422.5837707519531,418.8769221878635,421.4717712402344,430.73884366184177
434.81646728515625,427.773337224125,422.5837707519531,434.81646728515625
427.7733459472656,423.695809729975,434.81646728515625,439.5130696073052
421.1009826660156,432.2215265924441,427.7733459472656,433.3335900884227
433.7044067382813,424.0665809327673,421.1009826660156,434.3442500541775
432.5921936035156,427.4025945498465,433.7044067382813,432.5921936035156
434.0751037597656,433.3336369821835,432.5921936035156,436.2992006479538
438.1526184082031,418.5061924995104,434.0751037597656,442.04481052899496
479.0884704589844,452.4724999538737,438.1526184082031,492.3888695979665
486.6931457519531,482.890863611013,479.0884704589844,486.6931457519531
486.6931457519531,486.6931457519531,486.6931457519531,486.6931457519531
480.60943603515625,483.27103938071855,486.6931457519531,486.6931051599354
482.8908386230469,479.08852633440415,480.60943603515625,486.6931205672317
478.32806396484375,485.1721957412044,482.8908386230469,485.1721957412044
474.52587890625,477.5676379363802,478.32806396484375,479.08856296813553
477.567626953125,471.48401799939694,474.52587890625,479.0885519499016
479.0884704589844,471.48393780197847,477.567626953125,486.3128477926076
479.0884704589844,479.0884704589844,479.0884704589844,482.8907823041688
479.0884704589844,473.0048625400522,479.0884704589844,482.1303199351319
486.6931457519531,475.2863296735922,479.0884704589844,486.6931457519531
484.4117736816406,480.2292149043258,486.6931457519531,487.36999424871215
485.9327087402344,481.36996386291537,484.4117736816406,489.35480532879984
485.1721496582031,485.1721496582031,485.9327087402344,488.2139992007546
498.480224609375,483.271007290661,485.1721496582031,498.480224609375
494.2977600097656,493.5372975291673,498.480224609375,498.1000724127571
497.3396606445313,497.7198767513706,494.2977600097656,499.6209572855675
496.5791320800781,498.10005699419486,497.3396606445313,508.3661939588805
487.8338012695313,494.29771661491424,496.5791320800781,494.29771661491424
486.6931457519531,485.1722207577933,487.8338012695313,489.35477966396246
490.875732421875,485.9327107390504,486.6931457519531,496.57918630032987
486.6931457519531,490.4954582373526,490.875732421875,490.4954582373526
482.8908386230469,482.8908386230469,486.6931457519531,485.9326581095032
484.4117736816406,480.9896773779777,482.8908386230469,486.693130758138
484.79193115234375,483.651252751962,484.4117736816406,485.172147170986
482.8908386230469,479.4687423910395,484.79193115234375,484.4117635385039
484.79193115234375,479.848940843265,482.8908386230469,488.2139966979436
486.6931457519531,480.22922969900367,484.79193115234375,486.6931457519531
478.7082214355469,486.69306109372656,486.6931457519531,486.69306109372656
471.8642272949219,478.7082678640952,478.7082214355469,481.7501176183181
482.8908386230469,471.1037767338568,471.8642272949219,486.6931205672317
476.0467529296875,479.8489740682881,482.8908386230469,490.4954178053509
481.3698425292969,476.0466971456835,476.0467529296875,486.693048601817
477.1873474121094,475.2862975036907,481.3698425292969,486.3128967594026
465.0201110839844,475.28633984197126,477.1873474121094,476.4270487842254
460.4573364257813,462.3585078831267,465.0201110839844,470.7235651931746
493.9175109863281,462.3584566972597,460.4573364257813,494.67797341618655
500.7615356445313,494.2977114007016,493.9175109863281,504.9440637042841
507.2254028320313,501.14170416230513,500.7615356445313,508.36611150483134
494.2977600097656,509.8871043119662,507.2254028320313,516.9912883043332
507.9859008789063,499.2406896319416,494.2977600097656,508.7463632660852
521.6741943359375,513.3090782057466,507.9859008789063,528.8984803998516
502.2825012207031,512.5487293601661,521.6741943359375,512.5487293601661
485.9327087402344,513.3092083486092,502.2825012207031,513.3092083486092
474.9060974121094,500.3813626126236,485.9327087402344,500.3813626126236
477.9478149414063,487.8338268394597,474.9060974121094,487.8338268394597
484.031494140625,478.7082571894371,477.9478149414063,486.3128814054198
491.2558898925781,484.4117581930042,484.031494140625,491.2558898925781
495.8186340332031,492.01632202084096,491.2558898925781,499.0201561686031
494.2977600097656,495.8186849709622,495.8186340332031,498.1000724127571
487.8338012695313,491.2558669595679,494.2977600097656,497.8603985144285
485.5524597167969,491.63615959994434,487.8338012695313,491.63615959994434
479.0884704589844,486.6930638048989,485.5524597167969,486.6930638048989
478.32806396484375,479.8489888805812,479.0884704589844,486.6931206569418
479.0884704589844,479.0884704589844,478.32806396484375,481.5904010598966
482.8908386230469,477.18735501785386,479.0884704589844,487.45358302496027
486.6931457519531,482.1304011139331,482.8908386230469,489.7349957402727
485.9327087402344,486.6931712771977,486.6931457519531,486.6931712771977
485.1721496582031,486.6930744294789,485.9327087402344,486.6930744294789
486.6931457519531,484.0315421844031,485.1721496582031,486.6931457519531
486.6931457519531,486.6931457519531,486.6931457519531,488.59431716688255
482.5106201171875,491.25592371442633,486.6931457519531,491.6361701375026
485.9327087402344,486.6931712771977,482.5106201171875,490.4954839620144
486.31292724609375,486.31292724609375,485.9327087402344,488.9745308003467
486.6931457519531,490.4954582373526,486.31292724609375,496.1989117932222
484.031494140625,486.6930974439907,486.6931457519531,486.6930974439907
482.1303405761719,486.69308464127977,484.031494140625,486.69308464127977
488.5942687988281,485.9326351503054,482.1303405761719,493.9783463864959
486.31292724609375,490.4954557869082,488.5942687988281,496.57915573315415
485.9327087402344,483.2711050330932,486.31292724609375,487.453633814161
486.6931457519531,484.4117886051728,485.9327087402344,488.9745332431928
491.6360778808594,488.2139820931756,486.6931457519531,492.0162938881276
496.5791320800781,494.2977447089031,491.6360778808594,505.32434413064703
500.7615356445313,497.3395610239604,496.5791320800781,506.98214907544025
501.9022216796875,501.9022216796875,500.7615356445313,502.66268409701536
499.24072265625,501.9022349818401,501.9022216796875,508.36618087267215
498.8604736328125,501.5219857824647,499.24072265625,503.09231132966
492.7767639160156,492.7767639160156,498.8604736328125,500.7615126040899
495.0581970214844,501.9022376169339,492.7767639160156,501.9022376169339
493.1570434570313,501.902224759919,495.0581970214844,501.902224759919
494.2977600097656,490.8756940193026,493.1570434570313,494.2977600097656
496.5791320800781,490.8756788243693,494.2977600097656,501.14178544459713
492.0162658691406,493.91743683057706,496.5791320800781,498.0999643946138
492.0162658691406,488.594200620788,492.0162658691406,495.43836146194536
497.7198486328125,495.4384914317373,492.0162658691406,502.2825326905028
489.7349548339844,493.1570509572349,497.7198486328125,494.3608762500887
490.4954833984375,491.2559459345271,489.7349548339844,492.7768710067062
505.3243103027344,488.97447477608847,490.4954833984375,505.7045263335818
499.6208801269531,504.18362442669047,505.3243103027344,504.4877972651872
496.5791320800781,500.0011069312384,499.6208801269531,500.3813533319965
494.2977600097656,496.57914745156046,496.5791320800781,501.9022634379135
492.7767639160156,488.9744520618897,494.2977600097656,495.7615354806571
492.7767639160156,495.8186133993164,492.7767639160156,499.1075577745062
496.1988525390625,494.6779580709815,492.7767639160156,498.10002372696135
496.9593811035156,496.5791650219927,496.1988525390625,499.620924018636
494.6779479980469,496.1988424351585,496.9593811035156,499.6726453175053
484.031494140625,492.7767968167769,494.6779479980469,493.0338447068594
484.79193115234375,487.073318297562,484.031494140625,493.91747973321657
475.2863464355469,483.65134316505646,484.79193115234375,485.1722378683944
474.9060974121094,475.2863134754616,475.2863464355469,478.7082883900897
483.6512145996094,473.00483312845154,474.9060974121094,492.0162697944188
484.031494140625,484.4117405236523,483.6512145996094,486.2368078532492
483.6512145996094,487.073279875263,484.031494140625,488.0017897744394
486.6931457519531,479.0885511256135,483.6512145996094,487.0733921727228
482.8908386230469,492.3966041724248,486.6931457519531,492.3966041724248
481.7500915527344,483.6512627184874,482.8908386230469,484.79194114237487
486.6931457519531,484.4117886051728,481.7500915527344,492.0163832315124
484.4117736816406,486.693130758138,486.6931457519531,491.78817774602646
494.6779479980469,492.0163144580774,484.4117736816406,503.0429129188437
496.9593811035156,500.0011401001589,494.6779479980469,501.90228119669325
493.9175109863281,497.33957674846255,496.9593811035156,498.10003917832097
496.5791320800781,497.7198105934368,493.9175109863281,498.86051945125325
546.7692260742188,515.5905403562816,496.5791320800781,546.7692260742188
541.4461059570312,546.0087587457153,546.7692260742188,547.529683467882
541.4461059570312,540.6856132514939,541.4461059570312,544.8681714096792
541.0657958984375,541.4460725722128,541.4461059570312,541.8262885570839
549.8110961914062,551.3320210684417,541.0657958984375,553.6499127658446
549.0506591796875,547.1495182726496,549.8110961914062,550.9518000867254
547.5296630859375,544.4879351326492,549.0506591796875,549.8110197398095
553.613525390625,551.3321073734836,547.5296630859375,553.613525390625
553.2332153320312,554.3738634579694,553.613525390625,556.2750650456929
551.71240234375,552.4728345818986,553.2332153320312,556.0888021488075
547.909912109375,552.0924703639978,551.71240234375,553.8415854203906
554.3739624023438,552.4728211642189,547.909912109375,558.9367377871979
559.6971435546875,555.1343688802269,554.3739624023438,559.6971435546875
557.03564453125,557.7960768164328,559.6971435546875,559.6972789072483
562.739013671875,558.5564548969234,557.03564453125,563.6514715374747
563.879638671875,565.7808402934193,562.739013671875,569.2027847321071
571.4841918945312,567.3017547463452,563.879638671875,571.4841918945312
568.0620727539062,571.4841992404029,571.4841918945312,577.9481147889286
564.6401977539062,563.1192726914444,568.0620727539062,571.8644855949875
583.2714233398438,568.0621719298003,564.6401977539062,583.2714233398438
571.4841918945312,585.9329476813297,583.2714233398438,585.9329476813297
574.1455688476562,573.7653529357196,571.4841918945312,577.9479100336998
568.4424438476562,575.6667926886613,574.1455688476562,577.9482107250282
563.4994506835938,567.6818881169542,568.4424438476562,572.2446629958259
558.9366455078125,561.5982792151111,563.4994506835938,566.8073300933029
563.4994506835938,560.0773846966691,558.9366455078125,567.3017934271123
574.1455688476562,562.3585114442666,563.4994506835938,574.1455688476562
568.822509765625,572.2445752276896,574.1455688476562,572.2445752276896
566.541259765625,572.2446217475017,568.822509765625,573.3853305572248
558.9366455078125,558.9366455078125,566.541259765625,589.3550216736423
567.3016967773438,562.7389226758203,558.9366455078125,569.963208797645
562.739013671875,567.6818831977566,567.3016967773438,573.3853669191528
564.6401977539062,563.1192726914444,562.739013671875,564.6401977539062
577.56787109375,563.4994517408958,564.6401977539062,577.56787109375
569.2028198242188,576.807444712488,577.56787109375,576.807444712488
585.5526733398438,580.6096827101585,569.2028198242188,588.9747997963153
574.1455688476562,580.229266194212,585.5526733398438,585.552471028002
554.3739624023438,552.0926050543787,574.1455688476562,568.0166504859407
558.1762084960938,546.0088095858264,554.3739624023438,560.0773494035946
555.5145874023438,558.9366532511852,558.1762084960938,560.4575781494386
548.67041015625,554.3738325345389,555.5145874023438,557.4156820785237
563.1192626953125,552.0925713604329,548.67041015625,565.7808966796036
577.56787109375,560.4576018159404,563.1192626953125,579.5755211749009
576.807373046875,580.6096546741348,577.56787109375,581.3701474129332
588.21435546875,577.567880556968,576.807373046875,589.3550643815278
591.63623046875,592.0164464595933,588.21435546875,611.2271552553657
592.396728515625,591.6362964491335,591.63623046875,614.1359822804918
589.3551025390625,591.6363991344824,592.396728515625,593.1573242203515
584.412109375,598.8607459237694,589.3551025390625,598.8607459237694
579.8493041992188,587.453929212491,584.412109375,587.453929212491
569.5830688476562,578.3284031473263,579.8493041992188,596.7315296837768
574.1455688476562,571.1037201743784,569.5830688476562,595.5905352364832
571.1039428710938,574.9062855398258,574.1455688476562,575.6667176602225
567.681884765625,571.1039507323472,571.1039428710938,571.4842274866963
563.879638671875,567.6818598482204,567.681884765625,569.2027847321071
566.541259765625,565.7808276850849,563.879638671875,582.282628655196
567.3016967773438,563.4993546816206,566.541259765625,583.8034961255614
567.3016967773438,567.3016967773438,567.3016967773438,568.8225001000374
560.4576416015625,566.9215579787221,567.3016967773438,569.5830706463871
563.1192626953125,560.8378447976572,560.4576416015625,567.301821715067
555.1343383789062,563.1191784482643,563.1192626953125,564.6628615979504
552.85302734375,553.6135202386945,555.1343383789062,558.1762955415925
555.1343383789062,553.6134135709851,552.85302734375,560.077328832422
556.6552734375,555.5145646383254,555.1343383789062,561.5982639820397
568.0620727539062,557.035503956794,556.6552734375,571.4841992404029
570.343505859375,566.9215006580212,568.0620727539062,571.4842147191034
570.343505859375,570.343505859375,570.343505859375,570.7237219163126
570.343505859375,570.343505859375,570.343505859375,573.7655717496446
570.343505859375,570.343505859375,570.343505859375,570.7237219163126
570.343505859375,570.343505859375,570.343505859375,572.1641126418283
577.9481811523438,571.103988082374,570.343505859375,583.2713884832792
583.651611328125,582.1306862604104,577.9481811523438,583.651611328125
583.2714233398438,583.2714233398438,583.651611328125,585.8189623304642
589.3551025390625,585.5527594799287,583.2714233398438,591.2561223463233
596.9595947265625,596.9595947265625,589.3551025390625,616.7314990720677
589.3551025390625,600.7618889607743,596.9595947265625,600.7618889607743
599.6211547851562,590.1154502210373,589.3551025390625,602.282727787544
596.9595947265625,599.2410126544863,599.6211547851562,600.7618770212072
591.63623046875,595.4385117549937,596.9595947265625,597.9100067288331
592.0164794921875,591.6362634801294,591.63623046875,595.4537778945738
597.7200317382812,591.6363320842714,592.0164794921875,601.3321753050485
587.0735473632812,595.8187583576072,597.7200317382812,597.7199597873134
590.875732421875,586.3130798843646,587.0735473632812,595.8187223245784
596.579345703125,590.8758618870745,590.875732421875,613.6896150845226
596.9595947265625,592.7770356513163,596.579345703125,600.7618770212072
598.1002807617188,598.1002807617188,596.9595947265625,602.2827789877032
592.0164794921875,596.579253703611,598.1002807617188,596.9594697156692
590.875732421875,590.875732421875,592.0164794921875,595.2719759829439
542.5867919921875,543.7275007859504,590.875732421875,579.4690218495152
541.4461059570312,540.6856132514939,542.5867919921875,558.9365885396782
547.909912109375,545.6285553179777,541.4461059570312,549.0506208495284
539.92529296875,547.5297967754681,547.909912109375,550.1153268559738
536.1229248046875,540.6856997007211,539.92529296875,544.1077657005169
527.7578125,533.4612956942142,536.1229248046875,533.9555461877679
536.5032348632812,528.5183934718356,527.7578125,536.8834509559878
536.1229248046875,539.1647747353766,536.5032348632812,543.7427825497415
537.2636108398438,535.742685939216,536.1229248046875,538.7845357404715
538.024169921875,538.4043860216477,537.2636108398438,540.6857433092063
538.024169921875,536.1229680451665,538.024169921875,540.8911146231138
539.92529296875,539.1648001058338,538.024169921875,539.92529296875
539.92529296875,538.784584018836,539.92529296875,541.9784598385382
541.4461059570312,536.1228390849939,539.92529296875,543.7274626958273
535.3623657226562,540.6855714946777,541.4461059570312,541.1266584436027
503.04296875,532.3206374945491,535.3623657226562,533.8415624449186
503.04296875,505.3243561755542,503.04296875,512.54873451758
519.392822265625,509.1266252406525,503.04296875,519.7730989875555
518.2520751953125,520.1532156862539,519.392822265625,525.4763605097698
525.09619140625,516.3509797701387,518.2520751953125,526.9973929754799
523.9555053710938,525.096153403384,525.09619140625,526.9973548350181
525.09619140625,528.8985338557972,523.9555053710938,528.8985338557972
525.4764404296875,518.2521540164856,525.09619140625,532.3205715135636
525.856689453125,523.1950557806014,525.4764404296875,532.0924752992112
525.09619140625,531.9403835398697,525.856689453125,531.9403835398697
532.3207397460938,532.3207397460938,525.09619140625,533.4614488502148
531.9404296875,528.8985797395367,532.3207397460938,535.3624957067292
532.3207397460938,531.5602467803702,531.9404296875,532.3207397460938
556.6552734375,535.3624471123248,532.3207397460938,557.7959215477621
561.5982055664062,559.6970648914742,556.6552734375,561.5982055664062
551.71240234375,556.6553939584927,561.5982055664062,558.9367513618641
553.2332153320312,554.3738634579694,551.71240234375,558.1001020471939
555.5145874023438,555.1343713500091,553.2332153320312,565.0203528441989
558.9366455078125,560.4575703849954,555.5145874023438,561.9784952621783
558.9366455078125,560.4575703849954,558.9366455078125,562.3587113092455
561.5982055664062,558.9365722081576,558.9366455078125,562.738914246928
558.9366455078125,560.0773543379282,561.5982055664062,561.9784952621783
558.9366455078125,558.176213413678,558.9366455078125,563.119204092294
558.9366455078125,558.176213413678,558.9366455078125,560.8377864320626
558.9366455078125,558.9366455078125,558.9366455078125,560.8377864320626
558.9366455078125,558.9366455078125,558.9366455078125,560.8377864320626
558.9366455078125,558.5564294607453,558.9366455078125,559.3168615548797
558.9366455078125,558.9366455078125,558.9366455078125,560.4575703849954
558.9366455078125,558.9366455078125,558.9366455078125,558.9366455078125
565.7808227539062,558.9366306441323,558.9366455078125,568.8635767544213
563.4994506835938,558.9366758047219,565.7808227539062,566.1610845351651
562.739013671875,566.161079629146,563.4994506835938,566.161079629146
561.5982055664062,556.2749995388152,562.739013671875,563.8795622385436
555.5145874023438,561.978503047692,561.5982055664062,563.2880484550785
554.3739624023438,556.6553804392329,555.5145874023438,556.9215620605831
552.85302734375,556.6553704406265,554.3739624023438,559.3169438506246
555.894775390625,556.6552681458162,552.85302734375,560.8377658881757
556.6552734375,554.7541325648174,555.894775390625,558.9366303469367
558.5564575195312,558.9366735856984,556.6552734375,560.4575985392842
555.1343383789062,556.2750471570749,558.5564575195312,561.5982536403432
557.415771484375,550.9518553388649,555.1343383789062,560.8378375980074
557.03564453125,557.4158606738414,557.415771484375,561.5984203091346
558.9366455078125,558.9366455078125,557.03564453125,559.3168615548797
558.9366455078125,558.9366455078125,558.9366455078125,559.3168615548797
558.9366455078125,556.6552885364952,558.9366455078125,564.5259731219855
558.9366455078125,558.176213413678,558.9366455078125,560.0773543379282
558.9366455078125,558.9366455078125,558.9366455078125,558.9366455078125
558.9366455078125,558.9366455078125,558.9366455078125,558.9366455078125
557.415771484375,558.9366965003138,558.9366455078125,558.9366965003138
558.9366455078125,558.5564294607453,557.415771484375,562.9966731746517
562.739013671875,556.6553138860969,558.9366455078125,562.739013671875
561.2181396484375,558.5565055784228,562.739013671875,569.9253614129726
564.260009765625,554.3739660227501,561.2181396484375,565.7809349038423
570.343505859375,564.2599275705426,564.260009765625,570.343505859375
568.822509765625,566.9214297188204,570.343505859375,570.3434344919768
570.343505859375,568.822580942709,568.822509765625,570.343505859375
570.343505859375,570.343505859375,570.343505859375,570.343505859375
569.2028198242188,565.7808751745634,570.343505859375,570.3435287296886
570.343505859375,568.4423648857714,569.2028198242188,570.343505859375
562.739013671875,564.2599386183196,570.343505859375,567.6248963047871
569.5830688476562,563.1192738687529,562.739013671875,570.3435617249379
566.541259765625,568.0620632377921,569.5830688476562,570.3434808572384
566.541259765625,568.0620632377921,566.541259765625,568.8225560072452
565.0204467773438,568.0621757017,566.541259765625,568.0621757017
566.9215087890625,566.1610766642809,565.0204467773438,566.9215087890625
566.541259765625,563.8796261059085,566.9215087890625,567.3017525350781
564.260009765625,561.9785917138367,566.541259765625,567.9481363996223
564.6401977539062,565.780906722983,564.260009765625,566.5413389097532
557.415771484375,559.6971893527431,564.6401977539062,563.8416356772498
563.1192626953125,554.754205344724,557.415771484375,566.541328852875
563.1192626953125,562.7390466086767,563.1192626953125,566.541328852875
533.841552734375,566.1610707917732,563.1192626953125,566.1610707917732
532.7007446289062,532.3205286412929,533.841552734375,541.8262924650564
523.1950073242188,529.2787061900154,532.7007446289062,536.8833297722612
526.997314453125,525.0961131671731,523.1950073242188,555.042992004969
539.92529296875,531.1799588342769,526.997314453125,541.2940708819422
563.879638671875,555.1343661062118,539.92529296875,568.4423526346209
560.4576416015625,566.1611257879607,563.879638671875,566.5413418833414
495.8186340332031,542.5867835129299,560.4576416015625,547.1494972388532
501.5220336914063,504.1836371286787,495.8186340332031,532.1761264569757
520.533447265625,502.6625986678574,501.5220336914063,521.4763707379504
496.0121154785156,521.1170158074974,520.533447265625,521.1626109653364
486.122314453125,495.6318203970311,496.0121154785156,504.3804152981714
492.5886535644531,494.8709307468988,486.122314453125,499.815758395172
482.6988830566406,492.9691172693552,492.5886535644531,493.7298764834933
470.9072265625,484.22040670642986,482.6988830566406,486.6396519969017
483.0792541503906,475.4717534509991,470.9072265625,483.45961856065605
484.6007995605469,483.84004034124325,483.0792541503906,487.26344164995976
489.9260559082031,479.6558222091742,484.6007995605469,492.2083334364648
502.4784851074219,485.7419043575611,489.9260559082031,505.1069155453882
493.3494873046875,496.3924936522821,502.4784851074219,509.5292421826953
488.024169921875,491.82796577718045,493.3494873046875,506.9745743224026
486.883056640625,492.588766078144,488.024169921875,492.588766078144
504.7607116699219,492.2082925541161,486.883056640625,507.7580922536048
502.0980529785156,506.6626077775658,504.7607116699219,507.0430025223013
512.7486572265625,506.2822200705568,502.0980529785156,517.2219000813199
508.9448547363281,511.6074963650361,512.7486572265625,513.5093789060712
511.2271423339844,514.270178746192,508.9448547363281,517.8860384405746
527.2029418945312,513.5093400647771,511.2271423339844,529.4851886286291
519.5955200195312,531.0068167682001,527.2029418945312,531.0068167682001
526.0618896484375,521.1170308894605,519.5955200195312,547.5151709400086
514.2701416015625,524.9206468498468,526.0618896484375,524.9206468498468
515.4113159179688,520.3562347498115,514.2701416015625,520.3562347498115
513.5094604492188,516.5524972831317,515.4113159179688,518.4725939055596
511.607421875,521.1168939081849,513.5094604492188,521.1168939081849
509.7056579589844,518.454403402916,511.607421875,518.454403402916
510.4664916992188,512.3683745697288,509.7056579589844,513.0720335900062
509.3252868652344,513.5094166202935,510.4664916992188,515.4113600136034
505.9019165039063,511.2272311504464,509.3252868652344,511.2272311504464
496.3924865722656,507.8037829802096,505.9019165039063,507.8037829802096
488.024169921875,498.294403553051,496.3924865722656,500.8991560143282
483.4595947265625,489.1652730933427,488.024169921875,496.01210534725664
488.024169921875,484.9811332376306,483.4595947265625,489.926052671379
487.2634582519531,494.11029145897015,488.024169921875,494.11029145897015
483.0792541503906,488.7849327984553,487.2634582519531,488.7849327984553
481.9380798339844,484.6007520184735,483.0792541503906,487.2633938466661
485.3614807128906,488.0241528968643,481.9380798339844,488.7088088062669
493.7298583984375,486.8830257219905,485.3614807128906,498.67477793105576
492.9690551757813,494.4905734124095,493.7298583984375,497.5336098856659
494.4906311035156,493.7298718964455,492.9690551757813,498.75538753786736
496.3924865722656,497.153245737388,494.4906311035156,498.2943996632202
493.7298583984375,497.533654329797,496.3924865722656,497.9215774630067
495.2513732910156,494.4906141100893,493.7298583984375,497.1532560651824
496.0121154785156,496.0121154785156,495.2513732910156,497.15323903266113
500.57659912109375,496.39249949474,496.0121154785156,500.57659912109375
497.5337219238281,502.0981562363829,500.57659912109375,503.6196748156375
499.8158264160156,500.1961908200412,497.5337219238281,502.09807355276337
496.0121154785156,500.19618458322105,499.8158264160156,500.19618458322105
492.9690551757813,498.29436900398,496.0121154785156,649.3041584786183
486.122314453125,494.4906663269899,492.9690551757813,494.9144099337069
485.7419128417969,486.122277265179,486.122314453125,490.3064680601749
482.6988830566406,489.1653211986648,485.7419128417969,489.1653211986648
484.6007995605469,483.84004034124325,482.6988830566406,487.50762772234623
482.6988830566406,486.88304355625047,484.6007995605469,488.7849567697453
475.4718017578125,485.36155063616695,482.6988830566406,487.6773721109003
478.51470947265625,475.471763768207,475.4718017578125,481.4961533166172
475.4718017578125,480.4166306625385,478.51470947265625,481.93814917077816
475.8522033691406,472.4287714984857,475.4718017578125,476.2325678234905
480.7969665527344,478.1342943114383,475.8522033691406,485.5189796310381
483.0792541503906,481.9381002069991,480.7969665527344,484.98113691431297
493.7298583984375,483.07926014692913,483.0792541503906,493.7298583984375
497.5337219238281,498.6748456801179,493.7298583984375,499.0552405030826
499.8158264160156,500.1961908200412,497.5337219238281,504.532557520013
502.0980529785156,498.29437873782433,499.8158264160156,503.09923397573226
503.2392578125,502.0981038190406,502.0980529785156,509.224153949457
497.1532897949219,498.2944438218827,503.2392578125,503.46755196181874
493.7298583984375,497.9140187447839,497.1532897949219,497.9140187447839
489.5456237792969,498.6747022732176,493.7298583984375,498.6747022732176
489.5456237792969,491.82790099185047,489.5456237792969,491.82790099185047
486.883056640625,490.6868528135377,489.5456237792969,491.06724760897896
490.6868896484375,488.0242473056693,486.883056640625,490.6868896484375
490.3064880371094,489.9260932419298,490.6868896484375,494.1102842074054
494.4906311035156,492.2083534823051,490.3064880371094,494.4906311035156
491.8279113769531,494.490553003008,494.4906311035156,498.6747128028927
488.404541015625,491.4475777415292,491.8279113769531,494.49061446743343
494.4906311035156,492.58874826398966,488.404541015625,494.4906311035156
494.4906311035156,492.2083534823051,494.4906311035156,494.4906311035156
494.4906311035156,494.4906311035156,494.4906311035156,500.5766136911803
511.2271423339844,494.4905634920218,494.4906311035156,512.6573488054415
517.313232421875,511.6075237804309,511.2271423339844,520.7366333217049
523.0187377929688,519.2150338148854,517.313232421875,525.6814095039838
527.5834350585938,526.0619166268043,523.0187377929688,532.1175126294993
537.8536376953125,530.6264706954696,527.5834350585938,540.8966745518563
532.5284423828125,539.3752460958406,537.8536376953125,542.8594819860898
526.8226318359375,532.9087054053992,532.5284423828125,533.2890698253414
536.3320922851562,529.4852900586818,526.8226318359375,537.0928818173174
535.9517211914062,540.5162761896621,536.3320922851562,545.3356419473673
536.7125854492188,536.3321602786122,535.9517211914062,537.473314365226
541.6574096679688,534.0498182914213,536.7125854492188,543.5592923339575
542.4181518554688,539.7555403423136,541.6574096679688,543.6353179357254
543.939697265625,546.9826126178544,542.4181518554688,546.9826126178544
544.7005004882812,545.4611079202363,543.939697265625,545.4611079202363
546.6022338867188,545.0808369630367,544.7005004882812,550.0256349935329
546.6022338867188,546.2218694776494,546.6022338867188,548.8206721161508
545.461181640625,546.9827002731636,546.6022338867188,547.3631254657531
547.3629760742188,547.3629760742188,545.461181640625,547.3629760742188
548.884521484375,548.5040963767676,547.3629760742188,554.3589152807119
543.939697265625,558.394030889489,548.884521484375,558.394030889489
559.5350952148438,549.6452565558886,543.939697265625,559.5350952148438
561.4371337890625,562.1978627167132,559.5350952148438,565.9894255467781
572.4679565429688,561.4370844974736,561.4371337890625,572.8483209733998
570.5660400390625,570.5660400390625,572.4679565429688,574.3698055443102
562.9586181640625,569.8052995222738,570.5660400390625,570.5660891163197
563.7193603515625,562.9586314521606,562.9586181640625,569.0445840725794
570.5660400390625,567.5231247750164,563.7193603515625,574.750169952316
572.087646484375,568.2838196807483,570.5660400390625,573.960691042795
561.6365356445312,559.7339163996128,572.087646484375,566.583212066152
558.2119140625,558.2119140625,561.6365356445312,562.7780913919421
552.1237182617188,559.7339527996255,558.2119140625,559.7339527996255
550.2210083007812,552.8846263909941,552.1237182617188,552.8846263909941
544.8939819335938,548.3184777638364,550.2210083007812,550.2591772363837
544.1328735351562,548.6989283018966,544.8939819335938,548.6989283018966
542.61083984375,541.4692805487376,544.1328735351562,546.4158957807483
541.8497924804688,541.0887327736122,542.61083984375,543.7523506463765
555.9287109375,537.6641278462622,541.8497924804688,558.972828364092
552.1237182617188,552.5042178417799,555.9287109375,555.9288355306721
548.6989135742188,556.6897673217045,552.1237182617188,559.3533245033763
556.6897583007812,546.7963465169466,548.6989135742188,556.6897583007812
563.5390625,557.4508270202517,556.6897583007812,570.0076760453649
567.7246704101562,561.2558754503923,563.5390625,569.2466076263494
558.2119140625,568.8662670970252,567.7246704101562,568.8662670970252
557.450927734375,559.7339860846769,558.2119140625,560.9037262838419
563.1585693359375,560.4949510998786,557.450927734375,567.3441857249853
561.2559204101562,562.016980180452,563.1585693359375,566.9636561178114
556.6897583007812,557.0702577871176,561.2559204101562,560.1143751461196
554.0262451171875,558.5924220185176,556.6897583007812,558.9729215767534
550.2210083007812,551.7430671045942,554.0262451171875,555.548244481207
546.4158935546875,550.6015704632399,550.2210083007812,552.1236292723353
561.6365356445312,550.2210631116882,546.4158935546875,562.0170351998482
561.2559204101562,562.3974796985194,561.6365356445312,567.7247158881072
557.450927734375,559.353486481989,561.2559204101562,563.0825040566792
552.1237182617188,555.548335950611,557.450927734375,557.8313941651488
549.0794677734375,557.8312596756991,552.1237182617188,557.8312596756991
551.3626098632812,544.5134358221991,549.0794677734375,554.7872272509051
549.8405151367188,547.9379567935089,551.3626098632812,551.3625739581189
554.7872314453125,549.0795560008424,549.8405151367188,555.5482912784081
547.1768798828125,554.0261747317326,554.7872314453125,556.3397210733855
539.186279296875,546.7964527039521,547.1768798828125,552.1236894838246
547.557373046875,539.186141918072,539.186279296875,547.9378725101566
547.557373046875,545.6547542621629,547.557373046875,553.6456073959886
551.7431030273438,544.1329299811193,547.557373046875,555.1677811095166
551.7431030273438,551.7431030273438,551.7431030273438,558.2118381811733
558.972900390625,554.0262241185476,551.7431030273438,561.6365186656532
561.6365356445312,560.1144766890966,558.972900390625,566.583212066152
557.8313598632812,564.3000952632325,561.6365356445312,566.2027145148851
567.3441772460938,558.9728838589419,557.8313598632812,567.7247375128177
570.0076904296875,565.8221347165227,567.3441772460938,571.0062815701463
572.290771484375,570.3882131577317,570.0076904296875,574.1857380408967
573.0517578125,576.4763748713407,572.290771484375,580.159719450189
570.7686767578125,573.4322339538314,573.0517578125,574.9542926661953
575.3348388671875,571.9102220314065,570.7686767578125,578.3789562176942
579.9010620117188,578.7595027289846,575.3348388671875,582.3553901759329
576.0958862304688,579.5205033539216,579.9010620117188,579.7868833830678
572.290771484375,577.9984464643051,576.0958862304688,579.1400057539555
578.3790893554688,570.0077343474854,572.290771484375,578.3790893554688
578.3790893554688,575.715470877095,578.3790893554688,578.3790893554688
578.3790893554688,575.3349713042329,578.3790893554688,578.7215693381294
578.3790893554688,577.2375299027129,578.3790893554688,578.3790893554688
584.0867309570312,577.2374961098067,578.3790893554688,584.0867309570312
584.0867309570312,578.7595550463195,584.0867309570312,584.9650077329345
584.46728515625,583.3257863977581,584.0867309570312,587.8919636342414
581.0426025390625,585.9892788094138,584.46728515625,585.9892788094138
582.9452514648438,577.9985142079689,581.0426025390625,583.7062505910287
585.228271484375,580.2815952836531,582.9452514648438,585.9892705610257
593.5994262695312,585.9891935662972,585.228271484375,606.917394234347
597.78515625,593.5995396108549,593.5994262695312,600.4487746452144
606.9173583984375,594.3603901517188,597.78515625,608.819916461908
610.3421020507812,608.8200431364861,606.9173583984375,614.1471582352714
610.3421020507812,610.3421020507812,610.3421020507812,610.722662329979
609.2005004882812,605.7758229591093,610.3421020507812,609.9614994497717
619.474365234375,616.0497476884574,609.2005004882812,622.5184832161168
623.659912109375,617.952176904709,619.474365234375,626.7040294539762
620.9962768554688,620.9962768554688,623.659912109375,631.2701877892688
627.465087890625,627.0845276727014,620.9962768554688,628.9870858256978
627.08447265625,627.08447265625,627.465087890625,631.2701488129416
612.2445678710938,614.9081250174623,627.08447265625,627.0845337552403
617.5716552734375,615.6690971848283,612.2445678710938,619.0937138911556
611.864013671875,619.4741849430342,617.5716552734375,619.4741849430342
593.9798583984375,606.917325407768,611.864013671875,610.1744978331517
582.9452514648438,586.750368564105,593.9798583984375,599.307218551166
604.6344604492188,582.9452563607701,582.9452514648438,604.6344604492188
604.6344604492188,603.8734005824738,604.6344604492188,607.6785784478612
615.6692504882812,616.8108099193598,604.6344604492188,616.8108099193598
619.474365234375,614.9082489959304,615.6692504882812,622.8990435144608
624.0404663085938,617.191232049791,619.474365234375,624.0404663085938
626.3235473632812,621.3768717244675,624.0404663085938,627.4651065827483
622.518310546875,613.7665193274964,626.3235473632812,629.367604473075
620.9962768554688,612.2445460196448,622.518310546875,626.323512426385
621.3768920898438,621.7573915974177,620.9962768554688,622.5183906125657
631.6507568359375,616.8107291127403,621.3768920898438,633.9338753989897
623.659912109375,627.8455886417405,631.6507568359375,629.7481467985774
611.1030883789062,623.2794367605129,623.659912109375,627.0845532215347
596.2630004882812,614.9081440258545,611.1030883789062,614.9081440258545
603.1124267578125,602.3513668591319,596.2630004882812,604.6115890384791
610.72265625,606.536979093817,603.1124267578125,611.1031557912445
611.1030883789062,609.9615291469365,610.72265625,615.2886436050408
609.5809936523438,614.9081077958857,611.1030883789062,616.4301664372496
630.8897094726562,610.7225686050792,609.5809936523438,631.6507084459341
616.0496826171875,624.040476291677,630.8897094726562,626.3235949039093
612.625,619.8546709525483,616.0496826171875,619.8546709525483
621.3768920898438,614.1470977751424,612.625,623.6599498694467
625.1819458007812,624.0403866586311,621.3768920898438,628.9870619624108
620.2353515625,628.6066446527151,625.1819458007812,628.6066446527151
618.7133178710938,617.1912589988826,620.2353515625,620.9963758123287
621.3768920898438,620.2353328329626,618.7133178710938,624.8015091263278
627.465087890625,628.9870858256978,621.3768920898438,630.509144494926
626.3235473632812,624.801488648711,627.465087890625,627.4651065827483
628.6066284179688,627.4651298902575,626.3235473632812,628.6066284179688
634.314453125,627.8457176223656,628.6066284179688,634.314453125
638.119384765625,628.6065938864704,634.314453125,638.119384765625
638.4999389648438,643.4466149395305,638.119384765625,643.4466149395305
632.7923583984375,641.924590324188,638.4999389648438,641.924590324188
636.9779663085938,631.6508508265505,632.7923583984375,639.641584783785
633.1728515625,638.1194670167664,636.9779663085938,638.1194670167664
628.9871826171875,624.8015661833242,633.1728515625,632.031300424087
631.6507568359375,621.3769055046841,628.9871826171875,634.6948744305668
626.7040405273438,624.0404226202148,631.6507568359375,628.9870982090567
633.9339599609375,625.1821055254077,626.7040405273438,634.694959094026
628.6066284179688,633.5533042405293,633.9339599609375,634.314363993163
634.314453125,623.6600402301211,628.6066284179688,639.2610081743157
635.83642578125,633.5533072466753,634.314453125,637.7388626023028
630.1287231445312,635.4559595144632,635.83642578125,637.3583964350431
638.88037109375,639.2608705745519,630.1287231445312,643.4465470658369
637.3583374023438,636.597338410931,638.88037109375,641.5440140575859
635.83642578125,635.0753660250052,637.3583374023438,641.1635404041648
644.588134765625,638.4998998667696,635.83642578125,644.588134765625
646.8712158203125,646.8712158203125,644.588134765625,649.9153333795512
646.1102294921875,646.4907290110284,646.8712158203125,648.3932873393935
654.10107421875,649.5348974330362,646.1102294921875,657.9061911730952
653.3399047851562,653.7204650040818,654.10107421875,655.5011904459742
652.95947265625,663.613762999628,653.3399047851562,663.613762999628
651.0570068359375,644.5882710715512,652.95947265625,656.7646827099528
641.5440063476562,648.7737396158215,651.0570068359375,652.959416220761
644.20751953125,641.5439020580003,641.5440063476562,644.9685183898089
652.95947265625,643.0661206267508,644.20751953125,652.95947265625
651.8179321289062,652.9594914680174,652.95947265625,654.1010508071284
654.862060546875,647.6323263277577,651.8179321289062,656.7646189869498
639.6414794921875,657.1451250175141,654.862060546875,657.1451250175141
639.6414794921875,642.3050367947601,639.6414794921875,644.2076558119458
646.8712158203125,638.499922899486,639.6414794921875,646.8712158203125
651.4374389648438,646.8712622979067,646.8712158203125,657.3657614664252
662.0916137695312,657.1450598984919,651.4374389648438,665.1357310143835
652.95947265625,650.6764147779663,662.0916137695312,664.3748227818304
656.0036010742188,650.6764254480911,652.95947265625,666.6578915923112
654.4815673828125,662.0917404830991,656.0036010742188,662.0917404830991
675.7903442382812,657.1452571682993,654.4815673828125,711.558459298909
671.9850463867188,677.3122213662313,675.7903442382812,684.1994745975278
673.5069580078125,675.0290164832031,671.9850463867188,676.5510749585937
671.9850463867188,675.7901626957769,673.5069580078125,677.3197524015106
643.0660400390625,657.9060662235902,671.9850463867188,661.4676384967505
633.553466796875,640.7831415298389,643.0660400390625,646.7511852439025
632.411865234375,632.0313049551607,633.553466796875,640.65367365605
619.0938720703125,629.748285116553,632.411865234375,636.778629570831
624.801513671875,617.5717193045756,619.0938720703125,628.9871297539581
630.8897094726562,628.9870905711499,624.801513671875,630.8897094726562
638.119384765625,635.4558883472803,630.8897094726562,640.4024424297909
637.3583374023438,634.3143414366928,638.119384765625,641.1711670657038
645.7296752929688,635.4559452513048,637.3583374023438,648.3932934181483
653.7205200195312,649.9153426491307,645.7296752929688,653.7205200195312
651.0570068359375,652.1985663044087,653.7205200195312,654.4816245071808
650.2959594726562,646.4908421500122,651.0570068359375,653.7206379440419
650.2959594726562,653.3400776244401,650.2959594726562,653.3400776244401
646.1102294921875,647.25172804871,650.2959594726562,649.5348466300771
639.2608642578125,649.9152747540688,646.1102294921875,650.2957742311108
639.6414794921875,639.2609192482547,639.2608642578125,645.6049058872601
641.5440063476562,644.2076242539048,639.6414794921875,647.6322411424205
641.16357421875,640.0220148912575,641.5440063476562,645.729690060394
641.16357421875,643.0661326084621,641.16357421875,643.0661326084621
643.0660400390625,637.3583049573919,641.16357421875,657.5255667472533
645.7296752929688,639.2609404753854,643.0660400390625,652.1984708447137
641.5440063476562,648.0127406335542,645.7296752929688,648.0127406335542
637.7388305664062,639.2608892682777,641.5440063476562,647.6322424956488
641.9244995117188,634.6948270489688,637.7388305664062,642.6855592206413
639.2608642578125,635.4558694873925,641.9244995117188,640.4024234230928
627.8456420898438,639.2609312684857,639.2608642578125,643.4466081571752
631.6507568359375,625.9430818966281,627.8456420898438,633.9338753989897
641.5440063476562,630.1286572087081,631.6507568359375,643.0660650463474
650.2959594726562,654.101137529472,641.5440063476562,665.1359291778025
645.3492431640625,652.1985389534841,650.2959594726562,653.7205979362258
639.2608642578125,637.7388056154902,645.3492431640625,640.4024234230928
643.446533203125,642.3049740511589,639.2608642578125,645.3490913002995
643.0660400390625,640.4024222363956,643.446533203125,647.251655747077
644.9686279296875,641.9245105101529,643.0660400390625,650.6763632748541
648.0126342773438,646.8710752571467,644.9686279296875,649.9151921549078
658.6671752929688,650.676382020025,648.0126342773438,658.6671752929688
657.1450805664062,660.5695759227235,658.6671752929688,660.782752808432
654.10107421875,655.2426335987199,657.1450805664062,657.5637112122711
654.4815673828125,650.2958901865319,654.10107421875,658.2866843000384
651.4374389648438,667.0384059250093,654.4815673828125,667.0384059250093
655.6231079101562,641.9245780803183,651.4374389648438,657.5256663140929
654.4815673828125,653.3400080139787,655.6231079101562,654.4815673828125
651.4374389648438,652.9594978538228,654.4815673828125,657.5256745207598
649.5348510742188,649.915350595663,651.4374389648438,655.2425868325279
647.2516479492188,650.6763253974544,649.5348510742188,652.9593829621247
651.8179321289062,646.1102569016779,647.2516479492188,653.3399910029999
647.6322021484375,645.3490838707893,651.8179321289062,649.9152596919328
640.4025268554688,640.7830263939658,647.6322021484375,648.4465846967008
636.2169189453125,638.4999159887922,640.4025268554688,643.9641075558264
629.7482299804688,632.0312879234053,636.2169189453125,636.9779033440741
637.7388305664062,629.3676595415053,629.7482299804688,638.4998902844203
643.0660400390625,641.5439813995606,637.7388305664062,643.4465395153994
634.314453125,638.8805086116121,643.0660400390625,643.4848266240825
626.3235473632812,627.8456060778515,634.314453125,630.5091632777314
630.1287231445312,625.943106835771,626.3235473632812,631.6507820024885
624.4208984375,632.4116903445489,630.1287231445312,635.8363067712629
626.7040405273438,624.8014823368902,624.4208984375,626.7040405273438
621.75732421875,617.9521473528926,626.7040405273438,628.9870570158196
629.3677368164062,628.987176543595,621.75732421875,633.4300628565479
628.6066284179688,631.6507459601844,629.3677368164062,633.933864483926
627.8456420898438,632.0312582443726,628.6066284179688,633.5533170462451
628.9871826171875,622.8990077375532,627.8456420898438,631.6508008817658
625.5626220703125,641.1636513295715,628.9871826171875,641.1636513295715
619.474365234375,620.6159246610703,625.5626220703125,624.0405422069878
624.0404663085938,619.4742898913383,619.474365234375,625.9430853664043
636.2169189453125,619.8548327921167,624.0404663085938,636.9778572256465
634.314453125,633.172893702721,636.2169189453125,638.5000090489084
627.8456420898438,627.8456420898438,634.314453125,634.3143768142617
622.518310546875,620.2352530609093,627.8456420898438,626.3234873356864
611.864013671875,624.8014202277317,622.518310546875,624.8014202277317
616.8107299804688,616.430230464145,611.864013671875,618.7132882962485
616.8107299804688,609.9615564841583,616.8107299804688,622.5184049278078
627.8456420898438,629.7482004086442,616.8107299804688,630.3721831759095
635.83642578125,636.2169252922926,627.8456420898438,641.9245394262498
633.9339599609375,642.6856929281299,635.83642578125,642.6856929281299
634.6948852539062,636.2169440771762,633.9339599609375,636.9778823875689
643.8269653320312,646.4905828299559,634.6948852539062,646.8710822627602
646.1102294921875,640.0219942540901,643.8269653320312,646.8712285298692
648.7737426757812,646.8711844769831,646.1102294921875,651.817860087521
654.10107421875,651.0569563616075,648.7737426757812,654.10107421875
649.9154052734375,656.0036410653978,654.10107421875,656.3841406188537
651.0570068359375,651.4375064140377,649.9154052734375,654.862124085281
648.7737426757812,651.0568611016646,651.0570068359375,651.0568611016646
637.3583374023438,640.7829543320158,648.7737426757812,647.2516886956535
644.9686279296875,637.3583343808511,637.3583374023438,647.2516856272599
643.446533203125,641.9244745785546,644.9686279296875,648.012709076836
646.4906616210938,643.8270437985403,643.446533203125,649.9152784020025
649.154296875,650.2957953431851,646.4906616210938,650.2957953431851
656.7645263671875,644.5881176273793,649.154296875,657.1450865888659
662.47216796875,659.8086107100817,656.7645263671875,662.6853448653645
662.0916137695312,660.189055675037,662.47216796875,665.1357310143835
682.2588500976562,658.2866511662347,662.0916137695312,685.3029677718822
676.9317626953125,683.0198762758797,682.2588500976562,684.9224345451167
679.9758911132812,683.7808862443947,676.9317626953125,683.7808862443947
679.5952758789062,671.9850432957948,679.9758911132812,681.4978947588393
670.0824584960938,674.2681352170117,679.5952758789062,674.2681352170117
677.6927490234375,671.2240145886263,670.0824584960938,682.2588037563102
675.4098510742188,676.9319101680277,677.6927490234375,683.4005246648277
671.9850463867188,677.6927208503059,675.4098510742188,680.3563387071399
673.5069580078125,673.1264585725017,671.9850463867188,675.4095766526616
671.9850463867188,669.3214285298848,673.5069580078125,673.8876045412478
677.3123168945312,671.2240813540276,671.9850463867188,690.6302258545959
666.6578369140625,666.6578369140625,677.3123168945312,674.4811859916969
643.8269653320312,653.3398155570222,666.6578369140625,654.0871492394893
660.5696411132812,660.1891415916951,643.8269653320312,664.7553180532132
656.3839721679688,659.0474683586144,660.5696411132812,662.8526451191327
631.8463745117188,642.1233468275324,656.3839721679688,648.0604915221127
642.1233520507812,631.8463796513713,631.8463745117188,642.5039694076169
629.9432373046875,638.6976795959181,642.1233520507812,640.600827148747
634.130126953125,634.5107442629362,629.9432373046875,635.2719788825588
638.3169555664062,637.1750429243464,634.130126953125,639.7252699394425
618.1435546875,634.8913852257247,638.3169555664062,634.8913852257247
622.7110595703125,624.2335894107714,618.1435546875,624.2335894107714
630.7044067382812,624.2336692766886,622.7110595703125,632.9882321676458
638.3169555664062,640.6007200975655,630.7044067382812,640.6007200975655
653.542236328125,639.0782313571374,638.3169555664062,657.3485917960465
656.2066650390625,658.1098123558181,653.542236328125,673.366946948365
652.0196533203125,660.0128594217477,656.2066650390625,676.4409456386901
654.6842041015625,654.6842041015625,652.0196533203125,672.5053586216799
655.4454956054688,658.8711732669464,654.6842041015625,676.348162110301
658.4903564453125,673.7155332863382,655.4454956054688,687.6694545194088
651.2584838867188,656.2066914103244,658.4903564453125,658.1098388035628
646.310302734375,650.8778931162965,651.2584838867188,654.6841880580806
629.5626831054688,647.4522475956394,646.310302734375,648.594160543087
636.4139404296875,628.0400552060696,629.5626831054688,639.0782618029365
620.4273681640625,634.5107556566312,636.4139404296875,637.9363115064439
633.368896484375,628.0400713420644,620.4273681640625,652.9469659140561
625.7561645507812,633.7494316035976,633.368896484375,654.114674606127
616.2404174804688,621.9499204463832,625.7561645507812,623.4724505204293
622.3304443359375,628.0399464445903,616.2404174804688,628.4205637177122
622.7110595703125,621.9498250265613,622.3304443359375,628.8011789321481
622.7110595703125,628.8011789321481,622.7110595703125,628.8011789321481
632.9883422851562,628.8013687715792,622.7110595703125,634.5108725852774
628.80126953125,632.6076250573038,632.9883422851562,635.8809948200251
629.1819458007812,629.5626239161248,628.80126953125,634.3204928282106
627.6594848632812,628.8013369658845,629.1819458007812,631.465780044569
629.5626831054688,627.2788572105734,627.6594848632812,637.5558307256966
627.27880859375,627.6594867153794,629.5626831054688,631.3896584341672
622.3304443359375,624.6142694805814,627.27880859375,625.8323055075275
613.95654296875,616.2403072949929,622.3304443359375,621.1885139626484
616.2404174804688,618.143564884785,613.95654296875,618.9048602982909
623.4724731445312,620.0467955418604,616.2404174804688,629.4407232080418
623.8530883789062,623.4724710361118,623.4724731445312,627.6594440657545
625.3755493164062,625.7561666170923,623.8530883789062,629.1818438291882
628.420654296875,631.4657144266705,625.3755493164062,631.4657144266705
635.6526489257812,631.0850590067848,628.420654296875,637.5556746978659
647.0715942382812,640.2202384402931,635.6526489257812,652.7810979052535
648.21337890625,649.3552915643698,647.0715942382812,650.8778215242091
647.0715942382812,642.5040034552981,648.21337890625,652.0198023982697
653.542236328125,644.0264387877676,647.0715942382812,654.1512240415697
653.16162109375,653.5422384158687,653.542236328125,655.4454465323914
651.2584838867188,652.019718542828,653.16162109375,654.6841613451408
655.8260498046875,647.0714870657191,651.2584838867188,655.8260498046875
654.6842041015625,659.2516730894772,655.8260498046875,659.6323511953588
655.8260498046875,654.6841371098301,654.6842041015625,660.7741356391927
660.3935546875,657.729233343045,655.8260498046875,664.961144965465
661.9161376953125,657.348668558146,660.3935546875,664.961198124052
661.1548461914062,659.6323161077759,661.9161376953125,666.1030537749637
661.9161376953125,662.2967550606621,661.1548461914062,663.0580505443327
666.4837036132812,660.7742003329626,661.9161376953125,668.3868511223978
656.5873413085938,668.7674609283312,666.4837036132812,668.7674609283312
652.781005859375,654.68415322902,656.5873413085938,655.8260659519929
654.6842041015625,648.5940834430912,652.781005859375,655.0648214544746
665.3417358398438,659.632293784176,654.6842041015625,666.864265871948
669.9092407226562,666.4835637744142,665.3417358398438,669.9092407226562
675.2381591796875,669.9093343766643,669.9092407226562,677.1413673085202
680.9478149414062,672.9545455658019,675.2381591796875,680.9478149414062
675.6188354492188,676.3800700963429,680.9478149414062,680.1864255908574
676.3800659179688,668.3867984077211,675.6188354492188,677.5219786345654
683.2313232421875,679.0444721809038,676.3800659179688,683.9925578437008
689.321533203125,685.1345600884227,683.2313232421875,689.321533203125
692.7471313476562,685.8957768127215,689.321533203125,693.5083659613325
696.5534057617188,694.2696412338264,692.7471313476562,698.8372310425711
696.1728515625,695.0309388185782,696.5534057617188,698.8372943806623
693.127685546875,696.934040527583,696.1728515625,697.3146577997668
684.7538452148438,688.9408177332349,693.127685546875,699.3168158239519
686.6570434570312,682.0894533030221,684.7538452148438,687.4183388591819
695.41162109375,686.6570579258537,686.6570434570312,696.172855758976
692.7471313476562,693.1277486544944,695.41162109375,696.5534259219618
695.7921752929688,694.6502626457761,692.7471313476562,699.0046703428864
694.6503295898438,692.7471821630884,695.7921752929688,699.2179198658363
692.3665161132812,694.2696634061307,694.6503295898438,698.6469143302769
681.3284301757812,695.4117603258917,692.3665161132812,697.3149081229624
683.6119995117188,682.850764844541,681.3284301757812,687.4183551065064
684.7538452148438,687.7989050913172,683.6119995117188,690.0826696221923
692.7471313476562,694.2696613279709,684.7538452148438,697.6953385954382
690.843994140625,683.6119614403673,692.7471313476562,700.359791468196
689.321533203125,690.0827679041787,690.843994140625,698.0760360300875
686.6570434570312,695.7922237650496,689.321533203125,696.5534584142354
696.1728515625,692.3665567533816,686.6570434570312,698.0759989670591
697.3147583007812,699.5985230159902,696.1728515625,699.979201095996
699.9791259765625,681.7088887096618,697.3147583007812,700.3597432627565
701.8823852539062,700.3598551130173,699.9791259765625,702.6436199478666
698.0759887695312,708.3529603028383,701.8823852539062,710.3360585813332
689.7020874023438,687.4183227553224,698.0759887695312,699.5985021277087
688.5602416992188,695.411657812852,689.7020874023438,697.6954226820836
680.1865844726562,685.8959671656461,688.5602416992188,689.7022627962918
672.5737915039062,666.1030538361243,680.1865844726562,674.0963215876765
669.5286865234375,674.8575110834811,672.5737915039062,679.4251010290735
665.722412109375,666.8643249228106,669.5286865234375,674.0963584039434
668.7673950195312,669.5286903913424,665.722412109375,671.8124550008511
669.1480712890625,675.999425852194,668.7673950195312,676.5315610484136
663.8192138671875,667.2448912927722,669.1480712890625,674.0049344378631
653.542236328125,662.2966777207482,663.8192138671875,668.0061805461485
643.26513671875,650.1164907886982,653.542236328125,658.1097574546237
660.3935546875,652.4004083952357,643.26513671875,662.6773194499992
633.7495727539062,644.7878414135878,660.3935546875,651.3347034337463
641.7427368164062,641.7427368164062,633.7495727539062,642.503971532595
650.4971923828125,652.7810178707814,641.7427368164062,655.7209753887051
647.0715942382812,656.587393181253,650.4971923828125,656.587393181253
646.69091796875,636.7945025500148,647.0715942382812,647.1781567693238
645.9296264648438,648.5940693834098,646.69091796875,649.8691526762675
645.5490112304688,647.0715413670595,645.9296264648438,661.5354865352198
658.1098022460938,651.6390650167485,645.5490112304688,658.1098022460938
651.2584838867188,658.4904561316173,658.1098022460938,658.4904561316173
640.9814453125,650.8779219549672,651.2584838867188,651.6391566758651
626.517578125,653.5423227783884,640.9814453125,653.5423227783884
631.0850830078125,626.898110234589,626.517578125,633.3688476776846
619.2854614257812,628.80125895136,631.0850830078125,636.7944656897633
608.6278686523438,621.5692827277911,619.2854614257812,630.7044021194578
597.97021484375,608.6279260170005,608.6278686523438,617.3823681630455
610.9118041992188,605.9635351640882,597.97021484375,622.7112469425681
597.208984375,613.5761382282132,610.9118041992188,615.4792250100171
604.0603637695312,600.6346859204189,597.208984375,607.4860416186436
618.5242309570312,617.7629355583088,604.0603637695312,626.5174985023125
615.0985717773438,618.5242492907242,618.5242309570312,623.8530742278754
629.1819458007812,612.0536177172721,615.0985717773438,633.3689190457935
632.6077270507812,634.5108747441644,629.1819458007812,636.7945790726543
632.6077270507812,645.9297001514886,632.6077270507812,645.9297001514886
636.0333251953125,631.085117512575,632.6077270507812,640.9814113721153
624.9949340820312,629.9431412661917,636.0333251953125,643.2651721049729
623.8530883789062,626.5175312844033,624.9949340820312,631.8463563424295
641.7427368164062,631.0851470249124,623.8530883789062,642.503971532595
651.2584838867188,644.4071289698747,641.7427368164062,653.1616312799571
645.5490112304688,647.0715413670595,651.2584838867188,650.2307564675287
664.961181640625,647.0715583829385,645.5490112304688,664.961181640625
666.4837036132812,673.3350589472885,664.961181640625,676.1898409639324
669.9092407226562,667.6254763414803,666.4837036132812,670.6705360183524
665.3417358398438,666.864265871948,669.9092407226562,673.715620639935
660.7742309570312,662.296761185481,665.3417358398438,672.5738554157605
651.2584838867188,654.3035440170862,660.7742309570312,657.3486041474536
659.63232421875,651.6391171226118,651.2584838867188,661.9160889957942
649.7359619140625,658.490464333183,659.63232421875,669.9093488348361
674.8575439453125,657.3486001836909,649.7359619140625,675.2381612710719
678.663818359375,672.9543161434258,674.8575439453125,683.6119037559018
675.6188354492188,677.5219828199937,678.663818359375,680.5670429144195
675.99951171875,679.4251894354509,675.6188354492188,680.5671022586746
688.94091796875,677.1414155483603,675.99951171875,693.5084476950398
692.3665161132812,692.3665161132812,688.94091796875,698.0759579918297
695.41162109375,695.792238426363,692.3665161132812,700.3598286766177
698.8372192382812,693.8890122172963,695.41162109375,698.8372192382812
712.159423828125,704.166215783942,698.8372192382812,718.6301623423486
715.5850219726562,704.5467545936215,712.159423828125,724.3395245584691
717.4882202148438,715.5850726269456,715.5850219726562,724.7202539524224
718.2494506835938,723.1977194369044,717.4882202148438,723.1977194369044
718.2494506835938,717.8688333188687,718.2494506835938,720.1526590131615
712.159423828125,712.5400412106148,718.2494506835938,715.5851017764817
714.8236694335938,710.6367575216773,712.159423828125,719.7718767177439
711.0174560546875,712.5399862201192,714.8236694335938,718.2494287757611
711.0174560546875,711.0174560546875,711.0174560546875,714.4431337386666
685.134521484375,704.9272908792024,711.0174560546875,705.6885255373642
688.1795043945312,683.9925319856125,685.134521484375,692.7470940898176
667.6256713867188,680.9477658003349,688.1795043945312,686.6953009124966
668.0062255859375,667.6256082393718,667.6256713867188,668.2346567468453
676.7607421875,675.9995074787721,668.0062255859375,678.7704504209172
667.6256713867188,676.380174950616,676.7607421875,679.0446181345288
661.5355224609375,669.1481735573084,667.6256713867188,669.1481735573084
663.4385375976562,653.5421842775432,661.5355224609375,665.7223020941501
673.3348999023438,666.1029289253333,663.4385375976562,676.3799594988601
680.1865844726562,665.7225152690531,673.3348999023438,682.8509063599379
674.8575439453125,680.1864295178053,680.1865844726562,682.4700727193973
677.9025268554688,674.0962325254176,674.8575439453125,678.6638221732538
676.7607421875,676.380124833136,677.9025268554688,682.2798457082008
677.1414184570312,678.283270517024,676.7607421875,682.9116747382789
670.289794921875,675.6186792314481,677.1414184570312,678.2830606332842
664.1998901367188,671.8125410652581,670.289794921875,672.573836534597
654.6842041015625,658.8711772425038,664.1998901367188,661.6345260529121
650.1166381835938,654.6842288501125,654.6842041015625,661.5355237204332
650.1166381835938,650.497255550894,650.1166381835938,655.826141704985
648.21337890625,652.7809687857681,650.1166381835938,655.0647333490465
647.4521484375,644.0264708727804,648.21337890625,651.2585040950519
648.593994140625,648.023037813385,647.4521484375,654.6841139605706
650.1166381835938,651.2585510384663,648.593994140625,653.9229941155119
649.7359619140625,653.9229348337082,650.1166381835938,653.9229348337082
639.8394165039062,643.6457105630172,649.7359619140625,651.6389766895134
642.1233520507812,636.0333528354723,639.8394165039062,642.5039694076169
635.6526489257812,640.2201173388543,642.1233520507812,641.7426473118531
634.130126953125,635.6526569453324,635.6526489257812,637.1750654316149
631.8463745117188,633.3689046796462,634.130126953125,633.3689046796462
629.5626831054688,631.8464482473877,631.8463745117188,634.1302741422832
636.7944946289062,644.787762483528,629.5626831054688,644.787762483528
633.7495727539062,636.0333985650623,636.7944946289062,637.5558073488928
644.7877197265625,648.9746316685531,633.7495727539062,648.9746316685531
647.4521484375,644.7877663054777,644.7877197265625,649.7359739826246
646.69091796875,651.2585083357742,647.4521484375,651.2585083357742
670.6705932617188,655.8260323876215,646.69091796875,680.1657343689882
669.9092407226562,669.1480061799164,670.6705932617188,676.7605946191403
663.4385375976562,666.1029801376985,669.9092407226562,669.9092745495082
663.0580444335938,664.9611919957737,663.4385375976562,666.8643395579536
658.4903564453125,666.1029448658254,663.0580444335938,666.1029448658254
661.9161376953125,663.0580505443327,658.4903564453125,664.961198124052
658.4903564453125,666.1029448658254,661.9161376953125,666.1029448658254
659.2516479492188,662.6773255007299,658.4903564453125,662.6773255007299
659.63232421875,657.3486201946727,659.2516479492188,660.7741762307886
647.0715942382812,652.0198023982697,659.63232421875,666.1031313712514
630.7044067382812,643.2652035879296,647.0715942382812,643.2652035879296
618.5242309570312,627.6594112239139,630.7044067382812,634.5107660475937
622.7110595703125,624.9948847074791,618.5242309570312,627.6593271165212
612.0535888671875,611.6729715227558,622.7110595703125,621.5693262428204
622.7110595703125,614.7177930961423,612.0535888671875,631.846238613066
648.974609375,630.3237541799573,622.7110595703125,652.4003473275336
659.63232421875,648.213439580562,648.974609375,660.3935588934424
663.0580444335938,660.7742187566013,659.63232421875,665.4042026585911
668.3868408203125,669.5287536093693,663.0580444335938,674.4769613579915
603.2991943359375,612.8149941704685,668.3868408203125,624.2338203153521
547.3462524414062,601.3957908659625,603.2991943359375,625.3755306342765
574.7517700195312,561.049119932665,547.3462524414062,580.4612733714429
597.589599609375,577.7968288662272,574.7517700195312,597.589599609375
610.150390625,598.3508286586138,597.589599609375,610.150390625
616.2404174804688,617.7629475545149,610.150390625,618.9048602982909
604.8216552734375,616.621158228747,616.2404174804688,622.3306010219263
581.9838256835938,619.6661604204131,604.8216552734375,623.0918990136365
570.9454345703125,573.9904947088908,581.9838256835938,582.3643797134981
579.3192749023438,578.1773622501909,570.9454345703125,587.6931592612226
585.7899780273438,577.0354768765917,579.3192749023438,590.3575676180237
603.2991943359375,599.873516115983,585.7899780273438,606.3442551432257
613.575927734375,601.7763684643671,603.2991943359375,625.3754262514337
601.0152587890625,614.3372910746325,613.575927734375,614.3372910746325
605.9635009765625,604.0603533989482,601.0152587890625,619.2855340198624
598.3507690429688,607.8665654317256,605.9635009765625,609.7697125588855
601.0152587890625,583.8869315647582,598.3507690429688,611.6729696716735
593.0219116210938,603.2990037879854,601.0152587890625,603.2990037879854
598.3507690429688,593.7831794860107,593.0219116210938,602.1570632972887
593.0219116210938,601.3957958198116,598.3507690429688,607.775221104903
586.1707153320312,594.9251575224263,593.0219116210938,596.828365806304
594.925048828125,589.5963460704955,586.1707153320312,597.9701086224256
594.5444946289062,594.5444946289062,594.925048828125,599.1273337992654
609.0084838867188,601.3958337922362,594.5444946289062,612.8148393104418
601.3958740234375,604.8216123598468,609.0084838867188,617.0017318198976
610.9118041992188,595.3058838269716,601.3958740234375,613.9567432904383
605.2022094726562,612.0535644105302,610.9118041992188,615.8597984557244
610.150390625,601.015210600916,605.2022094726562,613.5760679457908
606.3441162109375,611.672941026203,610.150390625,611.672941026203
623.091796875,609.0084704520876,606.3441162109375,628.0400041390161
637.9363403320312,620.4273961984964,623.091796875,638.3170184188418
639.4588012695312,642.1232438242422,637.9363403320312,649.7358934427307
638.3169555664062,634.8913391461474,639.4588012695312,642.1232500359918
637.5556640625,630.3237531290775,638.3169555664062,640.9813412563616
639.8394165039062,645.9294748478931,637.5556640625,645.9294748478931
644.7877197265625,639.4588343415375,639.8394165039062,646.3102497290035
650.8778686523438,643.6458356312165,644.7877197265625,653.1616333809828
642.1233520507812,645.1684124114057,650.8778686523438,650.116620309178
631.4656372070312,641.3619902892297,642.1233520507812,645.7392409081706
635.2720336914062,632.2269734442752,631.4656372070312,637.5557377473029
629.5626831054688,639.0783610713014,635.2720336914062,640.9815088150632
633.7495727539062,628.420747116166,629.5626831054688,636.4140159492636
645.9296264648438,640.2201840360185,633.7495727539062,647.6424956452722
643.26513671875,644.026371280763,645.9296264648438,647.5053286597822
631.0850830078125,639.839524367816,643.26513671875,646.3102618109115
641.362060546875,625.7562035217281,631.0850830078125,646.3102680065018
653.9229736328125,624.6144044681965,641.362060546875,654.3035909881909
661.5355224609375,648.5941067265643,653.9229736328125,666.10311311876
661.5355224609375,659.6323748750876,661.5355224609375,666.7121616582526
675.99951171875,663.0580355654489,661.5355224609375,678.9820572726188
672.5737915039062,664.5805237523541,675.99951171875,682.061399962952
665.3417358398438,671.0512386484755,672.5737915039062,674.659539442409
664.5804443359375,668.7673560012511,665.3417358398438,669.5286513286455
646.1272583007812,645.3657907003129,664.5804443359375,651.9382952859676
635.0856323242188,640.4160267188345,646.1272583007812,647.2694777569867
628.9935913085938,626.7091280953306,635.0856323242188,630.8973207815709
630.1359252929688,637.370049499531,628.9935913085938,641.558303435819
631.6588745117188,630.5166124732406,630.1359252929688,636.9892686338193
640.7967529296875,632.8011614321474,631.6588745117188,641.1774867003011
642.7005615234375,639.2738356237675,640.7967529296875,650.3155417291258
651.83837890625,646.5079244471693,642.7005615234375,653.3613745762079
655.2651977539062,648.4117466439852,651.83837890625,660.2148584252466
657.9304809570312,662.1186134590828,655.2651977539062,668.2105972442074
659.0728149414062,662.1186856228248,657.9304809570312,667.8299362367322
654.5037841796875,659.4533844877217,659.0728149414062,659.4533844877217
646.508056640625,654.884504152379,654.5037841796875,654.884504152379
638.5123291015625,651.0770304828286,646.508056640625,651.6404435723882
660.5956420898438,643.4620737927365,638.5123291015625,662.4993719006335
670.1141967773438,667.068205476634,660.5956420898438,675.063917448111
669.7334594726562,659.0726115203253,670.1141967773438,673.5409181923908
673.1602783203125,672.0180162365316,669.7334594726562,678.4907334253708
662.1187133789062,673.9218881651267,673.1602783203125,681.1561351945655
666.3068237304688,660.2148403455639,662.1187133789062,667.0682912678062
665.9260864257812,667.0683486015148,666.3068237304688,673.9218001128029
668.2106323242188,665.9261078990854,665.9260864257812,673.9980293782274
669.3527221679688,666.3067308998872,668.2106323242188,673.7321018565639
668.9720458984375,665.5453203091763,669.3527221679688,676.5870254143255
669.3527221679688,668.2104602495525,668.9720458984375,674.3024427857157
667.0682983398438,667.0682983398438,669.3527221679688,673.1602817893338
668.2106323242188,669.3528945367855,667.0682983398438,674.6833502428324
662.4994506835938,666.687705382635,668.2106323242188,670.4951654569891
680.3947143554688,664.7840176679682,662.4994506835938,680.7754482328301
676.9677734375,676.2063058556702,680.3947143554688,685.7248937147617
677.3485107421875,681.9174981616039,676.9677734375,683.8211061837073
673.1602783203125,673.5410120910557,677.3485107421875,680.2421695423407
651.0769653320312,675.8255102807532,673.1602783203125,680.5010301945504
676.4539184570312,658.0987219812947,651.0769653320312,698.3905648059767
663.4710083007812,681.3784405308031,676.4539184570312,682.7215526424532
661.6802368164062,663.47093121411,663.4710083007812,666.6047375674118
661.2324829101562,660.7848396891582,661.6802368164062,664.0439570254206
654.069580078125,659.4417853722235,661.2324829101562,663.023356854211
649.5926513671875,658.9940703800611,654.069580078125,659.8894783459804
629.8945922851562,649.1451381488367,649.5926513671875,649.1451381488367
651.8311767578125,633.4760999098139,629.8945922851562,663.4710571821403
634.819091796875,652.7265236663454,651.8311767578125,654.2889602843836
647.3543090820312,649.1450643974738,634.819091796875,649.1450643974738
646.4589233398438,649.5927300570892,647.3543090820312,653.174180039974
650.9357299804688,633.9236463979802,646.4589233398438,650.9357299804688
658.5465698242188,653.6220072595343,650.9357299804688,671.081797890121
655.4126586914062,660.3371597022438,658.5465698242188,663.0233229836233
658.0986328125,661.2324390091642,655.4126586914062,666.604704248393
659.4417724609375,660.7848845297183,658.0986328125,662.1279358269471
659.4417724609375,662.1279358269471,659.4417724609375,667.5001410158626
661.2324829101562,654.5172268797062,659.4417724609375,663.02329888034
662.575439453125,661.2323884389186,661.2324829101562,666.6046532672832
653.6220092773438,665.2618292192954,662.575439453125,665.2618292192954
659.4417724609375,647.8019540372527,653.6220092773438,664.3663343984779
652.2789306640625,660.7849432259349,659.4417724609375,666.1570881204955
648.6974487304688,651.3834906605177,652.2789306640625,655.4127054844771
646.9065551757812,647.8019632343476,648.6974487304688,652.4221205339609
638.8482666015625,643.7727679864199,646.9065551757812,648.5541523601667
640.638916015625,638.848221513815,638.8482666015625,642.8774360717632
634.819091796875,633.4760404838199,640.638916015625,645.1158590446653
631.2376098632812,631.6852530972222,634.819091796875,637.952866087892
633.923828125,626.7608659000631,631.2376098632812,638.4006871120314
637.5051879882812,627.2084806344184,633.923828125,642.8775152415093
642.4298095703125,634.8191443189601,637.5051879882812,642.4298095703125
648.249755859375,646.9066435879635,642.4298095703125,655.8604215395679
646.9065551757812,650.0403618376578,648.249755859375,655.4126886459501
642.4298095703125,642.877513635556,646.9065551757812,646.4589638428317
624.5221557617188,645.115747467035,642.4298095703125,645.115747467035
630.3422241210938,624.9700189516154,624.5221557617188,631.237632163708
632.5805053710938,626.7605972596228,630.3422241210938,635.7143113959688
644.6682739257812,630.7899934356215,632.5805053710938,644.6682739257812
646.4589233398438,654.0695881143605,644.6682739257812,657.2033948316059
641.0867309570312,645.1158850586702,646.4589233398438,645.3665677233648
638.8482666015625,641.0867260441333,641.0867309570312,643.7727679864199
641.5343627929688,638.8482601064369,638.8482666015625,642.8774749077887
648.6974487304688,642.429774474137,641.5343627929688,651.8311339297487
653.1741943359375,650.9357956440871,648.6974487304688,656.5318227594908
649.1452026367188,649.1452026367188,653.1741943359375,655.4128171897166
657.2033081054688,647.3542459877992,649.1452026367188,658.5464200398084
658.0986328125,655.4125913502012,657.2033081054688,658.9940407381433
677.3493041992188,663.023322863474,658.0986328125,677.7969474364093
675.5584716796875,680.4830337840176,677.3493041992188,681.8261458982882
675.5584716796875,669.7386230422849,675.5584716796875,677.7969918701384
670.1864013671875,675.5585465619754,675.5584716796875,678.6924144044264
674.2154541015625,672.8723421621564,670.1864013671875,676.9014956657363
679.14013671875,686.7507417848086,674.2154541015625,687.1985066561023
677.3493041992188,676.0061921729974,679.14013671875,683.1154911764579
669.2908935546875,672.4247004435986,677.3493041992188,676.0062721657847
663.9186401367188,668.8431409243467,669.2908935546875,671.1434047589881
655.8602905273438,660.7848522241237,663.9186401367188,662.1279034556911
651.3834838867188,654.9649338610947,655.8602905273438,655.4126986687779
653.1741943359375,656.3080011217722,651.3834838867188,656.3080011217722
654.9649047851562,652.2788630022815,653.1741943359375,656.7557208501748
647.3543090820312,654.5172695722495,654.9649047851562,660.5789280016387
661.2324829101562,653.621879666162,647.3543090820312,663.02329888034
655.8602905273438,662.1279034556911,661.2324829101562,664.8131551171409
659.4417724609375,656.7557306380317,655.8602905273438,664.2562163464155
664.3663330078125,658.9941278301422,659.4417724609375,669.290834163493
666.6046752929688,667.0523792363434,664.3663330078125,669.2907166385935
674.6632080078125,667.9479510666807,666.6046752929688,676.6151296158869
673.7678833007812,677.3494553986412,674.6632080078125,682.7216616165224
670.1864013671875,680.4831092121688,673.7678833007812,680.4831092121688
675.5584716796875,667.5001636233878,670.1864013671875,676.0062364893316
688.9891967773438,682.2738790060866,675.5584716796875,689.8844833485617
682.7214965820312,692.5705591911841,688.9891967773438,697.1279999548694
688.09375,684.0645960265722,682.7214965820312,691.6752607129714
686.750732421875,692.1230600022817,688.09375,693.4661115116027
690.3322143554688,688.9891630213294,686.750732421875,690.9956574059121
684.9598999023438,687.1983591489527,690.3322143554688,693.1973618657295
684.9598999023438,690.779808863358,684.9598999023438,690.779808863358
689.8844604492188,681.8261523170576,684.9598999023438,689.8844604492188
694.3613891601562,692.1229904600488,689.8844604492188,699.733655429214
693.0181884765625,690.3321468425264,694.3613891601562,694.8090044423485
688.9891967773438,697.49520923415,693.0181884765625,698.3906173484811
690.7798461914062,688.9891516232135,688.9891967773438,695.7044081828178
692.5706787109375,707.3443055599863,690.7798461914062,707.3443055599863
693.0181884765625,686.750575682502,692.5706787109375,693.0181884765625
693.9136962890625,690.3322461568896,693.0181884765625,697.0475031369366
687.1983642578125,688.9891195141029,693.9136962890625,696.9704902281098
688.5413818359375,691.2274842032418,687.1983642578125,693.0181786004135
687.6460571289062,688.989169246735,688.5413818359375,693.0182625140043
693.9136962890625,687.1984393090155,687.6460571289062,699.2859018731002
690.7798461914062,697.942806778835,693.9136962890625,704.2104200821674
696.599853515625,701.5244157705647,690.7798461914062,701.5244157705647
701.5243530273438,699.2858329686411,696.599853515625,703.9239176945862
699.2858276367188,703.3150421685608,701.5243530273438,703.8970513022308
699.7337036132812,701.9721024675262,699.2858276367188,701.9721024675262
704.6581420898438,698.3905291671241,699.7337036132812,705.6877336710558
708.2395629882812,707.3441550234086,704.6581420898438,712.1970668623461
714.9548950195312,710.0303937743909,708.2395629882812,716.74565036847
709.5826416015625,711.3733968290047,714.9548950195312,718.5362961956762
713.1641235351562,707.7919188392267,709.5826416015625,714.059531498842
714.9548950195312,716.74565036847,713.1641235351562,720.7748650964704
708.6871948242188,714.9548073915419,714.9548950195312,718.5362568789084
714.0595703125,725.2516842945643,708.6871948242188,731.9490736938994
709.5826416015625,714.9548465123405,714.0595703125,721.4732028328161
701.5243530273438,705.553446046807,709.5826416015625,707.7291890939543
706.001220703125,701.0765980482117,701.5243530273438,706.4488639495752
705.1058959960938,706.4489474372677,706.001220703125,706.4489474372677
702.4197387695312,698.8382884841487,705.1058959960938,703.3151469195461
697.4952392578125,699.7336988684382,702.4197387695312,702.8675058603785
694.3613891601562,697.495195957551,697.4952392578125,698.3906040548384
669.2908935546875,672.8724652768736,694.3613891601562,679.5877831164138
668.8431396484375,665.7093332778085,669.2908935546875,671.0816595868113
666.1570434570312,674.2155337305868,668.8431396484375,677.3850740895326
663.0233764648438,666.1570616931663,666.1570434570312,670.1863373260226
663.9186401367188,661.6802417371692,663.0233764648438,665.2616913307579
653.1741943359375,658.0987565381856,663.9186401367188,660.7849200485834
648.249755859375,651.3835629495462,653.1741943359375,653.720533330847
650.4881591796875,648.2496996928438,648.249755859375,651.8311497916156
651.8311767578125,651.8311767578125,650.4881591796875,656.7557999869111
655.4126586914062,650.0403321286472,651.8311767578125,660.3461538916431
668.8431396484375,655.8602709497939,655.4126586914062,670.1862516114618
668.3955688476562,671.0817322931821,668.8431396484375,673.0963092986611
662.575439453125,667.052357195865,668.3955688476562,675.5583064381459
663.9186401367188,663.4709361481899,662.575439453125,664.8140481137764
659.8895263671875,660.7848736267161,663.9186401367188,666.6047827425296
673.3199462890625,673.7675894309333,659.8895263671875,675.1106403996197
669.738525390625,675.1107299781936,673.3199462890625,675.1107299781936
667.0525512695312,669.7386540794444,669.738525390625,670.1863581382821
663.4710083007812,664.8141204124313,667.0525512695312,667.5897395914457
661.6802368164062,667.9478495230098,663.4710083007812,667.9478495230098
660.784912109375,661.2325553794336,661.6802368164062,665.2617702108423
663.4710083007812,657.2033948659628,660.784912109375,665.2617636780942
667.5000610351562,666.1569491273088,663.4710083007812,668.8431121714591
670.1864013671875,668.3956457878844,667.5000610351562,670.6340446833427
678.6923828125,671.5294216002715,670.1864013671875,682.4082597188581
681.8260498046875,679.1399474978218,678.6923828125,684.9598560865459
676.4539184570312,680.0353683302403,681.8260498046875,682.7215316995871
678.24462890625,668.3955655596181,676.4539184570312,678.24462890625
680.0353393554688,677.3492976436721,678.24462890625,682.7215026103642
677.796875,678.2445181893506,680.0353393554688,684.1540038499057
670.1864013671875,680.0354658960134,677.796875,680.0354658960134
667.0525512695312,669.2908892490498,670.1864013671875,671.0817662559576
665.7094116210938,668.8432183605214,667.0525512695312,668.8432183605214
669.2908935546875,667.9479636842053,665.7094116210938,675.1108640423489
673.3199462890625,671.5291914069683,669.2908935546875,676.4537521398432
676.4539184570312,673.7677550876845,673.3199462890625,678.6923170313429
678.6923828125,677.3493921549874,676.4539184570312,680.9308423753226
687.1983642578125,680.930751246571,678.6923828125,688.0937115001828
685.8554077148438,688.0938065156338,687.1983642578125,689.8845012476426
684.9598999023438,689.4367576240123,685.8554077148438,691.6752168706213
675.5584716796875,681.378441860198,684.9598999023438,686.3030039645282
682.7214965820312,682.7214965820312,675.5584716796875,685.3180217786393
684.0645751953125,684.5122184421373,682.7214965820312,686.3029737440907
678.24462890625,679.140036974205,684.0645751953125,686.3029976600786
672.8724365234375,677.3493554061929,678.24462890625,684.064612187217
678.6923828125,672.424708190908,672.8724365234375,681.0203588800748
678.6923828125,678.2446787456239,678.6923828125,683.3035463094945
690.3322143554688,676.0062321720604,678.6923828125,691.227561654377
694.3613891601562,689.4368269397422,690.3322143554688,699.867899795096
703.7626953125,695.2566843983601,694.3613891601562,706.8965016011928
697.9427490234375,705.1057697896724,703.7626953125,711.3733825743541
682.2739868164062,694.3615120974482,697.9427490234375,697.4953194496862
701.9721069335938,683.6169080455848,682.2739868164062,703.3151584089974
697.0474243164062,704.6581493191168,701.9721069335938,707.0218587372541
694.3613891601562,696.1520838116201,697.0474243164062,701.0766460320341
688.9891967773438,697.942852519759,694.3613891601562,702.867475605467
686.750732421875,693.4661115116027,688.9891967773438,690.1979992484013
691.2275390625,687.1983851917698,686.750732421875,692.248258043085
696.12353515625,692.1230043554011,691.2275390625,697.9428532468334
686.3451538085938,690.7798974150974,696.12353515625,691.4514231208537
689.4367065429688,684.9598491529948,686.3451538085938,691.675165623728
689.4367065429688,690.3321144838903,689.4367065429688,692.570512793105
693.0181884765625,690.7797900624253,689.4367065429688,697.4951068479323
692.5706787109375,694.3614342502439,693.0181884765625,694.3614342502439
691.2275390625,693.46599839394,692.5706787109375,694.3613456635851
692.5706787109375,691.675331327064,691.2275390625,692.5706787109375
690.7798461914062,693.0182447874234,692.5706787109375,693.6450425806883
693.0181884765625,691.6751980453182,690.7798461914062,693.0181884765625
690.3322143554688,695.2567764283485,693.0181884765625,699.2858696592128
690.3322143554688,690.3322143554688,690.3322143554688,690.3322143554688
676.9015502929688,681.3784081376416,690.3322143554688,681.3784081376416
676.0061645507812,678.2445629599206,676.9015502929688,678.6922669503675
671.5294189453125,677.3493894770186,676.0061645507812,677.3493894770186
671.9769287109375,671.5292855063399,671.5294189453125,676.4538469292787
674.6632080078125,674.6632080078125,671.9769287109375,675.558494571222
677.796875,675.1107120061785,674.6632080078125,678.2445181893506
681.3782958984375,679.587601672779,677.796875,682.7214077249928
678.6923828125,683.1692411665875,681.3782958984375,687.6460995206751
673.3199462890625,674.2153541158782,678.6923828125,676.0060482264354
679.14013671875,674.2156347079547,673.3199462890625,681.5128408270451
682.7214965820312,679.1399861214945,679.14013671875,683.6167830398422
684.9598999023438,683.1691446593665,682.7214965820312,686.7505943737717
680.48291015625,681.3783180697558,684.9598999023438,683.1690731252245
682.7214965820312,680.4829765797597,680.48291015625,684.9598950412051
688.5413818359375,684.5121675134343,682.7214965820312,691.6751881883081
693.9136962890625,689.8844813294779,688.5413818359375,696.5998598526377
697.4952392578125,693.0183200365611,693.9136962890625,698.8382907155642
706.4488525390625,697.9427801921812,697.4952392578125,706.8965565498327
703.3151245117188,709.1350949867125,706.4488525390625,710.4780856258287
700.1812744140625,702.8674378411747,703.3151245117188,705.1058364636227
692.1228637695312,702.8673335693559,700.1812744140625,704.2103239263466
688.09375,693.466016069457,692.1228637695312,699.2858646278174
686.750732421875,685.4077416841155,688.09375,687.6461406091299
694.3613891601562,689.4368269397422,686.750732421875,698.8382473319266
692.5706787109375,693.9137301725275,694.3613891601562,704.8641574514367
700.1812744140625,695.7044163976133,692.5706787109375,701.0766217087311
694.3613891601562,697.0474919089074,700.1812744140625,700.4946368459529
687.6460571289062,690.3322205930094,694.3613891601562,690.7798638607316
688.09375,684.9599433190384,687.6460571289062,689.436801324476
689.4367065429688,689.4367065429688,688.09375,698.121811094949
691.6754150390625,689.8845985114581,689.4367065429688,694.8092224192368
693.9136962890625,698.3906153045024,691.6754150390625,715.4025793967695
693.9136962890625,694.3614003449178,693.9136962890625,702.6793855813883
696.599853515625,684.9599735701715,693.9136962890625,697.9428441278608
699.2858276367188,700.1812356533725,696.599853515625,703.7627461768877
700.6290283203125,700.6290283203125,699.2858276367188,703.2032507295005
696.599853515625,698.8382522314257,700.6290283203125,701.9720590507914
691.6754150390625,693.9138141554346,696.599853515625,701.6140578292402
688.5413818359375,693.0181786004135,691.6754150390625,699.3037189114524
680.9308471679688,684.9600014835389,688.5413818359375,686.3030529220623
656.0768432617188,667.2727133324368,680.9308471679688,669.9337446766742
657.8682250976562,655.6290874382325,656.0768432617188,659.211719851634
661.4508056640625,660.5551628288205,657.8682250976562,667.7204878855962
671.7510986328125,661.4508706615053,661.4508056640625,673.0945934135005
669.9596557617188,672.6465841455257,671.7510986328125,676.2293376987658
663.2422485351562,670.4075739767237,669.9596557617188,671.2136100175982
663.2422485351562,663.2422485351562,663.2422485351562,665.3470366672321
665.4813842773438,665.9291753219526,663.2422485351562,670.4075721009705
665.92919921875,664.1379133928021,665.4813842773438,667.2727547756384
661.898681640625,663.2421762149477,665.92919921875,687.7637486103825
656.524658203125,663.2422534401268,661.898681640625,666.8248857915975
663.2422485351562,656.5246533478341,656.524658203125,664.5856824643578
659.6594848632812,661.8987440175282,663.2422485351562,664.5856726277782
658.31591796875,659.6594125223497,659.6594848632812,681.7313866645555
662.794189453125,659.2115579197781,658.31591796875,665.9290300395554
664.585693359375,665.0336059958124,662.794189453125,669.5118204859259
677.125,665.4813393766876,664.585693359375,696.6954005023674
677.125,673.0945161207638,677.125,677.1285867051112
672.1987915039062,678.9163252176693,677.125,678.9163252176693
671.7510986328125,672.6466807644458,672.1987915039062,673.990236336753
673.0946044921875,669.0640592921641,671.7510986328125,678.468583703392
678.9164428710938,674.4381673413319,673.0946044921875,682.0512843752235
677.5729370117188,679.3642227170699,678.9164428710938,682.4990638888555
679.8121337890625,676.229440482878,677.5729370117188,681.6034196505352
679.3643188476562,680.7077529209595,679.8121337890625,683.8425945363277
687.4252319335938,677.1250050679887,679.3643188476562,689.6643693971688
692.3513793945312,685.1859940258904,687.4252319335938,694.5905167285248
684.73828125,688.3209746616369,692.3513793945312,690.5601732418153
680.2598266601562,684.73816225061,684.73828125,689.2165586326745
685.18603515625,678.9163529781372,680.2598266601562,687.4252334162671
685.18603515625,685.18603515625,685.18603515625,694.2770560770298
683.842529296875,686.9773706131755,685.18603515625,689.7092243000665
679.3643188476562,682.0513085775083,683.842529296875,686.1266573899476
675.781494140625,678.4685443821168,679.3643188476562,681.2451406747323
666.8247680664062,677.1249330448098,675.781494140625,677.1249330448098
679.8121337890625,666.8249161478581,666.8247680664062,680.2599248586209
677.5729370117188,680.707656600276,679.8121337890625,683.8424977720617
677.125,672.6466035231438,677.5729370117188,678.468494626412
678.0206298828125,678.4684208485148,677.125,680.2597670861406
683.394775390625,678.0207961515107,678.0206298828125,686.9774079528278
687.873046875,683.8425020338059,683.394775390625,688.7687505248718
686.9774780273438,687.8731818529751,687.873046875,691.008023659432
686.529541015625,688.7687393122375,686.9774780273438,688.7687393122375
682.4992065429688,686.5296914098709,686.529541015625,691.0080281925267
682.9468994140625,680.7076403567728,682.4992065429688,683.3051443882612
682.0511474609375,683.3946420084984,682.9468994140625,683.842432996613
683.394775390625,682.0512805808464,682.0511474609375,686.5296168773151
676.67724609375,685.6339179554111,683.394775390625,685.6339179554111
681.603271484375,678.916282484641,676.67724609375,683.8424087202845
678.9164428710938,683.3947791924762,681.603271484375,688.7688192531077
684.2904052734375,678.0207229767074,678.9164428710938,686.0817517570196
683.842529296875,681.6033916661559,684.2904052734375,688.768777984338
677.125,680.2598410588321,683.842529296875,683.3946821176642
678.4685668945312,677.1250721250149,677.125,683.842545972597
673.9902954101562,677.1251371037284,678.4685668945312,678.0208408971058
672.6465454101562,687.4251673987326,673.9902954101562,687.4251673987326
674.8859252929688,673.9902215976849,672.6465454101562,676.6772718919187
673.0946044921875,676.2294459625967,674.8859252929688,680.7077214441872
680.7075805664062,674.8858114868756,673.0946044921875,682.0511358827681
683.394775390625,675.7815368158458,680.7075805664062,688.3209635542268
683.394775390625,683.8425664661377,683.394775390625,687.4253206115811
674.4380493164062,681.1555222271292,683.394775390625,681.1555222271292
680.7075805664062,681.6032841106475,674.4380493164062,683.8424213880356
677.125,682.0511874912521,680.7075805664062,682.4990392972602
671.7510986328125,664.1379210145005,677.125,673.990236336753
666.8247680664062,670.407460576984,671.7510986328125,675.7813777596386
674.8859252929688,666.3769833542431,666.8247680664062,677.5729755872026
673.0946044921875,672.1989007625733,674.8859252929688,676.6772978274039
669.5118408203125,671.7511001124233,673.0946044921875,673.9902378212958
669.9596557617188,667.7204575877976,669.5118408203125,673.0944967302423
665.4813842773438,666.8248789944026,669.9596557617188,670.4075721009705
671.7510986328125,663.2422780912482,665.4813842773438,671.7510986328125
682.4992065429688,673.0946810619034,671.7510986328125,686.9774825339977
686.9774780273438,682.0513501528771,682.4992065429688,693.2471616402573
687.4252319335938,685.6338854877663,686.9774780273438,692.3514194617163
691.0078735351562,683.3946966294158,687.4252319335938,691.0078735351562
692.3513793945312,687.425192151493,691.0078735351562,693.6948739532492
696.829833984375,676.6772905751033,692.3513793945312,697.2776250527628
697.2775268554688,695.4862412509448,696.829833984375,698.621082246278
700.4124145507812,686.9773460797924,697.2775268554688,704.8908112355208
693.6949462890625,698.1732214240267,700.4124145507812,705.7863985783733
695.4862670898438,694.5905634626935,693.6949462890625,695.9340581118058
690.5601196289062,690.5601196289062,695.4862670898438,696.381889585495
692.79931640625,692.79931640625,690.5601196289062,696.8298617235224
692.79931640625,697.2776528097357,692.79931640625,699.5167906156678
699.9647216796875,694.5906813793056,692.79931640625,700.4125127776684
705.7864379882812,697.7254693452967,699.9647216796875,708.9212793910926
709.3692626953125,706.234420980252,705.7864379882812,710.2649057032048
710.7127075195312,713.3997581669432,709.3692626953125,714.7432530948364
705.7864379882812,714.2953800696531,710.7127075195312,716.086665907015
700.8603515625,706.6821828520054,705.7864379882812,710.7126674082118
702.203857421875,701.3081536453737,700.8603515625,704.8909079597553
708.921142578125,703.5471645199129,702.203857421875,708.921142578125
712.5037841796875,708.0255703887603,708.921142578125,714.2952520708818
711.1604614257812,715.1908845178997,712.5037841796875,720.5649846127646
703.9950561523438,712.5038146985833,711.1604614257812,715.6386556739196
700.8603515625,705.7864790895447,703.9950561523438,707.1300347332358
696.3818969726562,702.65157962696,700.8603515625,702.65157962696
698.6212158203125,697.2776601726199,696.3818969726562,701.3081447408304
695.93408203125,703.099468128276,698.6212158203125,713.8474256905848
689.664306640625,694.1426419518779,695.93408203125,694.1426419518779
684.2904052734375,689.2165929053846,689.664306640625,689.6643839325698
679.8121337890625,684.2904700259835,684.2904052734375,686.5296077486341
674.4380493164062,679.3641758537331,679.8121337890625,680.7076096442676
668.16845703125,671.7510894669948,674.4380493164062,673.0945842293514
649.80712890625,662.7942840525204,668.16845703125,665.4813340755519
662.794189453125,656.0767173333478,649.80712890625,665.9290300395554
649.80712890625,665.9291250863809,662.794189453125,667.7204715045312
661.898681640625,649.3593178914672,649.80712890625,665.4813135749489
664.1378173828125,669.5117348754028,661.898681640625,674.4380437468782
663.2422485351562,665.0335950934522,664.1378173828125,668.6162274184278
660.5552368164062,665.9292160130144,663.2422485351562,668.6162664029383
663.6900634765625,666.8249048685434,660.5552368164062,676.2294290444861
669.9596557617188,666.3769022084787,663.6900634765625,674.4380521095612
675.781494140625,673.0945654823662,669.9596557617188,679.8120998986709
679.8121337890625,678.0207871359702,675.781494140625,681.6034196505352
680.7075805664062,678.4684432890181,679.8121337890625,683.3946304075224
680.2598266601562,677.1249856676776,680.7075805664062,682.9468766477171
729.9694213867188,683.842506842405,680.2598266601562,731.7608286990592
712.0560302734375,730.4172852925911,729.9694213867188,734.4477083100952
708.025634765625,713.3996133865795,712.0560302734375,718.7735312159207
703.5473022460938,707.5777865787591,708.025634765625,715.1909641793172
698.6212158203125,703.0995522710872,703.5473022460938,705.3386901006633
693.6949462890625,694.5905891577322,698.6212158203125,704.8908165013189
697.7255249023438,693.6950402599203,693.6949462890625,697.7255249023438
699.9647216796875,702.6516506424433,697.7255249023438,705.7864922864269
714.7431030273438,700.8602439651257,699.9647216796875,716.9822405064943
720.5650024414062,713.3996165264456,714.7431030273438,722.3562881285328
714.2952880859375,719.2214146917464,720.5650024414062,722.8041074883447
714.2952880859375,714.7430790918041,714.2952880859375,717.4301290850582
710.7127075195312,716.5345999292359,714.2952880859375,716.5345999292359
707.1299438476562,713.8474172446207,710.7127075195312,713.8474172446207
712.5037841796875,695.0383552496206,707.1299438476562,715.6386250207482
699.5166625976562,715.190867537143,712.5037841796875,715.190867537143
699.9647216796875,703.547354421652,699.5166625976562,704.890910090465
703.0994262695312,700.4123762473114,699.9647216796875,705.786354708528
706.6820678710938,704.4428696208937,703.0994262695312,712.5038374217443
677.3404541015625,684.0600646634007,706.6820678710938,693.0196467641105
674.6526489257812,674.6526489257812,677.3404541015625,677.7884873571394
672.4127197265625,675.1006248445102,674.6526489257812,678.236463472985
681.3723754882812,678.2365365220628,672.4127197265625,690.3318372062379
686.7479858398438,677.3404700212086,681.3723754882812,686.7479858398438
684.0601196289062,688.5399414447008,686.7479858398438,692.1237745729524
686.3001708984375,679.5804982068126,684.0601196289062,689.4360100464
680.476318359375,689.4359007988004,686.3001708984375,689.4359007988004
684.9561767578125,684.9561767578125,680.476318359375,688.988004632699
688.0919189453125,683.1642246093002,684.9561767578125,688.5399132707528
687.6439819335938,688.0919154457982,688.0919189453125,689.8838319274884
688.5399780273438,688.09198365977,687.6439819335938,689.8839003191017
686.3001708984375,687.644093274569,688.5399780273438,689.4360100464
691.67578125,685.4041036717837,686.3001708984375,698.8434475170816
696.155517578125,693.0196789002031,691.67578125,697.0515062352216
693.019775390625,693.4677089705818,696.155517578125,694.8116921433519
691.227783203125,692.5717662292242,693.019775390625,693.0196997602974
693.4675903320312,690.3317517539805,691.227783203125,698.3953453562477
698.3953247070312,692.5717028483514,693.4675903320312,701.5311631923657
693.9157104492188,700.6353217380015,698.3953247070312,704.2191549659935
706.0110473632812,687.1960131575372,693.9157104492188,709.594941587997
698.843505859375,706.4591062957103,706.0110473632812,708.2510230120771
694.3636474609375,695.2596361778894,698.843505859375,697.499486348345
699.2913208007812,695.2595544811383,694.3636474609375,699.7392542956604
705.1151123046875,699.2913683655848,699.2913208007812,706.9069680279938
705.1151123046875,704.6670571574222,705.1151123046875,716.7624785609745
714.0746459960938,706.4591063699238,705.1151123046875,719.4503961457591
705.1151123046875,714.970562026709,714.0746459960938,725.2739452740774
697.9475708007812,706.4591606557252,705.1151123046875,707.3550886773651
697.4993896484375,697.9473839448044,697.9475708007812,701.9792109901995
700.1874389648438,696.1556110882556,697.4993896484375,709.1469010625702
706.9069213867188,699.7392557225749,700.1874389648438,706.9069213867188
713.1787109375,706.907032897528,706.9069213867188,714.0746388813683
712.7305297851562,711.8346628105833,713.1787109375,717.658406254848
710.0427856445312,712.7305691495598,712.7305297851562,719.0022464274984
707.8029174804688,710.4908227693385,710.0427856445312,710.4908227693385
700.1874389648438,708.698967484812,707.8029174804688,709.5949562622611
707.8029174804688,703.323217224595,700.1874389648438,710.0428284193667
708.2509155273438,707.8028604025425,707.8029174804688,710.9386989775459
716.314453125,711.3867588834107,708.2509155273438,719.4502917210785
719.8982543945312,718.1063380168284,716.314453125,723.0340928527728
706.0110473632812,714.9706308976582,719.8982543945312,718.1064699319488
710.0427856445312,707.8028748405715,706.0110473632812,715.418474276503
711.834716796875,714.0745668360421,710.0427856445312,724.8260051325371
691.67578125,707.3549751955408,711.834716796875,707.3549751955408
701.9793090820312,690.7798757845688,691.67578125,703.3232313479728
694.3636474609375,704.6670920291498,701.9793090820312,707.3549973690434
699.7392578125,699.7392578125,694.3636474609375,707.3549178061376
703.7711791992188,699.7393515084901,699.7392578125,706.9070181538016
697.4993896484375,703.3231330683467,703.7711791992188,705.5629829282739
698.843505859375,703.3232672448095,697.4993896484375,703.3232672448095
700.6353149414062,706.0110039202849,698.843505859375,706.0110039202849
692.5717163085938,695.7075548548738,700.6353149414062,699.2913268999399
701.9793090820312,693.4676595054896,692.5717163085938,705.1151479728823
706.4590454101562,706.0109902559731,701.9793090820312,706.9069789424192
702.4273071289062,705.1152127185627,706.4590454101562,710.0429078758358
713.6265869140625,699.7392500059766,702.4273071289062,714.9705090123714
696.603515625,712.7306440261228,713.6265869140625,712.7306440261228
697.9475708007812,698.8435596333912,696.603515625,706.0111054284503
696.155517578125,694.3636010748899,697.9475708007812,703.7711171086556
698.3953247070312,699.7392467991812,696.155517578125,702.4271517944353
686.7479858398438,699.2913402646907,698.3953247070312,703.3231675075097
700.1874389648438,688.0920161460455,686.7479858398438,700.1874389648438
679.1325073242188,697.0516143242567,700.1874389648438,697.9475423093232
677.0040893554688,682.4838869882209,679.1325073242188,692.4471554114066
662.557373046875,678.0004396366894,677.0040893554688,678.4986030750705
665.048095703125,657.0774818220389,662.557373046875,665.5462590706928
674.5131225585938,670.5278160737572,665.048095703125,676.5057758010121
664.5499877929688,667.0408048386696,674.5131225585938,670.5279487026506
666.04443359375,667.5389237214847,664.5499877929688,669.531577225131
660.0664672851562,666.5425911151237,666.04443359375,666.5425911151237
657.5756225585938,661.5609293619792,660.0664672851562,662.0590927124024
656.0811767578125,662.5573007501067,657.5756225585938,662.5573007501067
672.0223388671875,664.5498888427192,656.0811767578125,676.5058088818685
674.0150756835938,672.520585493608,672.0223388671875,677.0040560635654
672.5205078125,672.0223444733796,674.0150756835938,673.0186711516203
677.0040893554688,674.5132722496724,672.5205078125,679.9930698824245
676.0077514648438,680.9893855950195,677.0040893554688,683.9783660731249
675.1687622070312,677.0039759972958,676.0077514648438,678.5781891716415
674.5131225585938,672.0223060055708,675.1687622070312,676.5057758010121
674.5131225585938,677.5021024222212,674.5131225585938,677.5021024222212
673.516845703125,676.5058257876063,674.5131225585938,677.5021524824334
670.0297241210938,674.513194394023,673.516845703125,674.513194394023
670.5278930664062,670.0297296986006,670.0297241210938,673.0187099054345
675.5096435546875,675.5096435546875,670.5278930664062,677.502297370483
673.516845703125,674.5131723979521,675.5096435546875,680.4911325669148
672.0223388671875,674.5131555420103,673.516845703125,676.007645546904
682.9820556640625,676.5059311391663,672.0223388671875,684.4765459390386
683.978271484375,679.9929647313706,682.9820556640625,685.4727615167517
686.4691772460938,679.4948895237096,683.978271484375,689.458157698544
683.480224609375,685.9710417544529,686.4691772460938,687.9636954705153
673.516845703125,682.483785956569,683.480224609375,682.483785956569
678.9967041015625,667.040782679378,673.516845703125,681.9856844571086
680.9894409179688,683.4802581854083,678.9967041015625,685.4729119993599
684.9747924804688,695.4362256747158,680.9894409179688,695.4362256747158
687.4653930664062,686.9672297380972,684.9747924804688,688.4617197230242
692.9451904296875,684.4764138392457,687.4653930664062,693.443353758537
688.9598999023438,692.9452066262908,692.9451904296875,693.4433699667841
685.970947265625,675.5095166973039,688.9598999023438,690.9525808695875
682.48388671875,685.9710306654881,685.970947265625,691.4508282960767
678.0003662109375,685.4728169774063,682.48388671875,685.4728169774063
685.472900390625,679.9931024950604,678.0003662109375,686.967390725779
684.4764404296875,681.4874603404749,685.472900390625,689.4580739117085
688.9598999023438,684.4764298379033,684.4764404296875,691.948879945304
695.4361572265625,691.4508497352929,688.9598999023438,695.9343206629712
697.9269409179688,691.450816555418,695.4361572265625,700.9159213929921
707.3920288085938,703.9048850046076,697.9269409179688,713.3699896154269
711.3772583007812,714.3662383776752,707.3920288085938,716.3588917622714
702.9085693359375,716.8571447727952,711.3772583007812,716.8571447727952
699.9195556640625,699.4213922792483,702.9085693359375,708.3883332059053
703.9048461914062,702.9085194452047,699.9195556640625,708.8864799224141
707.3920288085938,707.8901922091632,703.9048461914062,709.8828458114409
711.87548828125,708.8865079245758,707.3920288085938,712.3736516740291
703.9048461914062,711.377296787918,711.87548828125,712.3736235341196
703.9048461914062,702.9085194452047,703.9048461914062,706.8938264300109
689.9563598632812,683.9783986225885,703.9048461914062,694.4398307938008
680.9894409179688,690.454546534239,689.9563598632812,690.454546534239
682.48388671875,684.4765404026003,680.9894409179688,687.4655209283759
684.4764404296875,683.9782770814853,682.48388671875,684.4764404296875
675.5096435546875,679.9931146402274,684.4764404296875,684.4765857257673
675.0114135742188,676.5059037887743,675.5096435546875,680.9893744324406
676.505859375,680.9893297243188,675.0114135742188,681.4874930964654
674.0150756835938,674.5132390802557,676.505859375,676.5058926669034
671.5242919921875,676.5059262057795,674.0150756835938,676.5059262057795
669.5316162109375,674.0150868552072,671.5242919921875,674.0150868552072
675.0114135742188,667.5389625014415,669.5316162109375,677.004067193626
662.557373046875,673.5169686912594,675.0114135742188,682.4839105821194
669.5316162109375,665.5463089715867,662.557373046875,674.0150868552072
678.0003662109375,670.0297520600374,669.5316162109375,684.9746535929751
679.9929809570312,680.4911443130437,678.0003662109375,681.9856343810812
681.4874267578125,678.9966101395456,679.9929809570312,683.480080052426
673.516845703125,681.4874592617418,681.4874267578125,681.4874592617418
672.5205078125,674.5131611689815,673.516845703125,678.9966312210648
662.557373046875,665.5463536771617,672.5205078125,668.5353343074484
657.5756225585938,671.0260330200196,662.557373046875,671.0260330200196
667.0407104492188,658.0737703535608,657.5756225585938,667.5388737878664
661.5609741210938,666.0444445782397,667.0407104492188,666.542607962367
652.0958251953125,658.5719487457625,661.5609741210938,662.5572555460394
647.6123657226562,656.5793061711238,652.0958251953125,657.077469529372
640.139892578125,646.6160160049853,647.6123657226562,650.1031593886794
624.6969604492188,633.1657390199019,640.139892578125,635.1583928012392
622.2060546875,630.6748320531425,624.6969604492188,633.1656489253903
617.2245483398438,621.2098561580187,622.2060546875,622.2061831125625
620.2135009765625,617.7226837035643,617.2245483398438,620.2135009765625
616.7262573242188,617.2244206984709,620.2135009765625,623.7005445637495
613.2390747070312,614.2354013921766,616.7262573242188,619.2170348179039
609.2537841796875,614.7335810938139,613.2390747070312,614.7335810938139
608.755615234375,618.2207189082319,609.2537841796875,618.2207189082319
587.3345947265625,600.2868419385138,608.755615234375,602.2794953557371
581.8547973632812,590.8217377336058,587.3345947265625,592.8143911492335
586.83642578125,577.8694854891766,581.8547973632812,589.3272425290481
588.8291015625,584.8437946145305,586.83642578125,588.8291015625
593.810791015625,594.3089544309066,588.8291015625,603.7740593212563
590.3236694335938,592.8144866041996,593.810791015625,596.799794077169
600.286865234375,597.7960483661825,590.3236694335938,603.2758454762059
621.209716796875,600.2868554452562,600.286865234375,624.6968603554782
626.6895751953125,626.6895751953125,621.209716796875,635.6565166527971
614.7335815429688,624.1986853106482,626.6895751953125,628.1839921601974
613.7373046875,614.7336314808239,614.7335815429688,619.7152654474432
618.718994140625,616.7263403752768,613.7373046875,623.7006285539956
622.2060546875,623.7005448108487,618.718994140625,627.1876884319956
623.2024536132812,618.7189827239771,622.2060546875,624.696943909716
607.26123046875,626.689604536249,623.2024536132812,628.6822582867617
613.2390747070312,606.7629512535857,607.26123046875,614.7335647347494
617.2245483398438,613.7374039989406,613.2390747070312,619.2172022489312
602.2794799804688,611.7445834706498,617.2245483398438,621.7078503024193
592.8143920898438,600.286842410304,602.2794799804688,608.7556194401589
589.3272705078125,596.301557732757,592.8143920898438,602.2795182112809
579.364013671875,588.8291179365058,589.3272705078125,592.8144249952977
581.8547973632812,586.8364309023505,579.364013671875,586.8364309023505
584.8438110351562,584.3456476526732,581.8547973632812,588.330954712538
592.8143920898438,597.7960256368173,584.8438110351562,600.286842410304
601.7813110351562,592.8143709700629,592.8143920898438,602.2794743721059
601.7813110351562,606.7629444046526,601.7813110351562,607.2611077416022
598.79248046875,597.7961535461731,601.7813110351562,605.2686054655002
604.2722778320312,608.2575855176506,598.79248046875,616.7263643495917
597.2979125976562,607.2611805308949,604.2722778320312,607.2611805308949
600.286865234375,604.7703355971213,597.2979125976562,615.2317664435295
596.3015747070312,600.7850451935503,600.286865234375,606.2648424548513
590.3236694335938,587.8328522629879,596.3015747070312,599.2906112477749
562.924560546875,585.8400736310841,590.3236694335938,585.8400736310841
566.4117431640625,560.9319461765474,562.924560546875,576.37501041409
542.001708984375,558.4410990546731,566.4117431640625,567.9062024284812
548.4778442382812,536.0237605816445,542.001708984375,555.4521310859978
573.3861083984375,561.43018606867,548.4778442382812,574.8805986896584
564.3195190429688,573.3860685214428,573.3861083984375,587.9324153532929
561.9282836914062,556.4484865986709,564.3195190429688,565.4154272958742
549.5738525390625,556.4485319583678,561.9282836914062,561.2308885578584
552.9613647460938,538.0164629961994,549.5738525390625,553.1606422649512
559.4375,551.8654406200216,552.9613647460938,560.5334351591414
557.14599609375,550.3709855614965,559.4375,561.5297978212242
562.5260009765625,555.4521061021537,557.14599609375,562.5260009765625
553.3599243164062,551.6661566086856,562.5260009765625,556.7473989208861
553.3599243164062,555.8507412951244,553.3599243164062,561.3305386483042
566.1127319335938,556.8469076053319,553.3599243164062,566.4116177227098
561.3305053710938,569.6996134368662,566.1127319335938,569.6996134368662
564.4190673828125,552.8617021544308,561.3305053710938,565.9135574111871
555.9503784179688,557.7437545732531,564.4190673828125,566.5114186298382
570.19775390625,562.92458121382,555.9503784179688,571.6922439448707
569.5003662109375,575.378718569189,570.19775390625,577.6702580134195
583.747802734375,567.2087440228406,569.5003662109375,592.3161875144931
598.2942504882812,587.8328189643396,583.747802734375,602.3791660922924
605.7666625976562,598.6927670134158,598.2942504882812,606.264825971503
606.9623413085938,603.8736915253071,605.7666625976562,612.4421390930737
606.762939453125,605.4677269498164,606.9623413085938,606.762939453125
607.3607788085938,605.5674027725586,606.762939453125,611.5453634333162
614.8331909179688,611.9438799337879,607.3607788085938,614.8331909179688
619.3167114257812,613.2391423008802,614.8331909179688,621.4090341817845
632.4683227539062,622.7043310059273,619.3167114257812,640.2396606426663
630.6748046875,635.6564382158373,632.4683227539062,641.933284299351
627.685791015625,632.5678159367944,630.6748046875,633.8630284227313
625.2946166992188,627.8851026227927,627.685791015625,629.9773643821412
638.3465576171875,626.7891308898164,625.2946166992188,643.5274688528394
642.1326293945312,643.8263971346457,638.3465576171875,648.1105902577852
638.7450561523438,643.029309833165,642.1326293945312,645.5201267122663
636.55322265625,634.6601773945814,638.7450561523438,642.9296777478912
632.3684692382812,634.1618448541557,636.55322265625,642.9295062736106
632.4683227539062,640.1400522740933,632.3684692382812,640.5386073703249
631.6712036132812,636.6528377111779,632.4683227539062,637.2506094785401
630.0770263671875,633.5641698003783,631.6712036132812,636.4534807298772
635.6563720703125,627.5861509185646,630.0770263671875,636.6526986723036
644.224853515625,633.0660425420475,635.6563720703125,644.224853515625
634.66015625,637.9480224482867,644.224853515625,641.3355578107399
628.8815307617188,631.9701197257647,634.66015625,634.9591003274735
635.158203125,634.7596481633653,628.8815307617188,637.3501337920918
643.1289672851562,639.2432683327118,635.158203125,644.9223434128369
658.0738525390625,645.6197675175057,643.1289672851562,658.0738525390625
653.1917724609375,653.5903274728037,658.0738525390625,660.4650061562754
659.7677001953125,653.2915751995178,653.1917724609375,666.1441560122826
662.557373046875,663.0555364852562,659.7677001953125,666.8415664547592
674.2144165039062,656.5794184441979,662.557373046875,674.2144165039062
686.0706176757812,676.2070187342414,674.2144165039062,686.0706176757812
690.4544067382812,684.2771690035397,686.0706176757812,694.539321905424
697.4287109375,690.454423828125,690.4544067382812,700.9158544921875
693.1445922851562,702.211142172527,697.4287109375,702.211142172527
696.9305419921875,695.635329415866,693.1445922851562,697.9268687141206
686.9673461914062,691.6500944335114,696.9305419921875,698.1262187993477
696.4324340820312,688.7607055501226,686.9673461914062,697.4287608832931
697.4287109375,700.9158544921875,696.4324340820312,703.8052263333116
703.9048461914062,701.6133068373343,697.4287109375,704.9011729376078
722.1375122070312,702.4102575611217,703.9048461914062,732.499333238696
706.893798828125,720.0453235266534,722.1375122070312,723.4327978448938
697.4287109375,709.6835175532102,706.893798828125,716.7574738221509
689.3585205078125,697.7276289380461,697.4287109375,697.7276289380461
691.4507446289062,694.8382798059379,689.3585205078125,697.1298191028912
686.0706176757812,695.9342774282837,691.4507446289062,695.9342774282837
687.06689453125,682.4838158586265,686.0706176757812,688.3621679400402
693.1445922851562,689.3585624688135,687.06689453125,696.1335727945266
697.4287109375,696.1334983508076,693.1445922851562,700.0191361108848
692.9451904296875,699.6205911984617,697.4287109375,709.0856944466027
698.5247192382812,696.9306206277072,692.9451904296875,703.6060225800438
697.4287109375,701.0154628407955,698.5247192382812,706.8938148716518
675.237060546875,690.3863027062143,697.4287109375,692.877952376129
659.589599609375,678.3267961185181,675.237060546875,678.3267961185181
653.4100952148438,660.1874300496714,659.589599609375,661.0843873086699
653.5098876953125,658.2938428960506,653.4100952148438,658.2938428960506
662.7789306640625,661.8819122900416,653.5098876953125,662.9782748395451
663.8751831054688,664.0745272661549,662.7789306640625,668.3601529800686
675.237060546875,669.2571013390798,663.8751831054688,677.7287102167896
677.728759765625,677.728759765625,675.237060546875,680.7187395881203
685.9014282226562,680.3200956908692,677.728759765625,689.6887240787944
694.3729858398438,690.5856902696887,685.9014282226562,696.6652915140459
698.7582397460938,695.1702883965644,694.3729858398438,701.6485778224821
698.7582397460938,698.7582397460938,698.7582397460938,701.8479219710767
693.4759521484375,697.4625917823248,698.7582397460938,700.8512598036463
687.6952514648438,692.678550388502,693.4759521484375,701.8478325742905
690.28662109375,689.2899611956468,687.6952514648438,694.2732606861628
701.9474487304688,692.778166877644,690.28662109375,702.0471512040929
702.0473022460938,703.7415755180995,701.9474487304688,705.834597939107
705.0372924804688,701.7482658893801,702.0473022460938,706.1335941233
714.40576171875,707.2297986987365,705.0372924804688,714.40576171875
718.2926635742188,717.4953479742388,714.40576171875,718.591649320301
712.1134643554688,716.6980753428061,718.2926635742188,716.6980753428061
708.625244140625,710.518922430763,712.1134643554688,717.5951839398734
707.6285400390625,707.6285400390625,708.625244140625,708.8245441039788
706.4325561523438,710.8178842385327,707.6285400390625,710.8178842385327
709.8211669921875,710.1201527849968,706.4325561523438,710.1201527849968
716.6981201171875,714.0071870133248,709.8211669921875,717.4954967137476
720.0868530273438,717.5952030168685,716.6981201171875,725.0701530482942
708.4258422851562,725.9670929628076,720.0868530273438,725.9670929628076
700.65185546875,702.146845203036,708.4258422851562,708.3261482710095
701.0505981445312,700.6519098519277,700.65185546875,704.1402195026841
684.9046630859375,698.2598686161562,701.0505981445312,698.2598686161562
677.629150390625,678.8250937115693,684.9046630859375,684.8050536414835
668.4598999023438,679.3234578218176,677.629150390625,679.3234578218176
675.5360717773438,674.3400677244928,668.4598999023438,681.9147195050205
667.1641235351562,676.2337037779977,675.5360717773438,677.4297077563905
678.4263916015625,671.6491165926187,667.1641235351562,678.4263916015625
677.728759765625,678.9247638608822,678.4263916015625,680.3200512792696
693.2765502929688,676.6323798719648,677.728759765625,695.4692140753507
689.3896484375,687.8946586234089,693.2765502929688,691.3829681896216
680.3199462890625,691.0839206539345,689.3896484375,691.0839206539345
683.708740234375,682.612438598588,680.3199462890625,687.9943659442202
675.5360717773438,688.0940230853397,683.708740234375,688.0940230853397
659.3901977539062,673.7421253482814,675.5360717773438,675.1374736090357
668.7587890625,662.2804997496739,659.3901977539062,668.7587890625
660.486572265625,670.4531719351492,668.7587890625,672.446491869054
654.9052124023438,657.0978764036607,660.486572265625,659.0911962537135
663.3768310546875,655.7025981895531,654.9052124023438,669.9548231507536
668.8585205078125,664.8718803955172,663.3768310546875,673.2438489638574
662.7789306640625,669.3568626358768,668.8585205078125,669.3568626358768
674.0411987304688,665.7689322475459,662.7789306640625,674.1409012370724
684.2070922851562,675.8351239246755,674.0411987304688,691.3830564753828
685.7020874023438,683.8084090493815,684.2070922851562,693.4760233200058
691.88134765625,689.9876694236583,685.7020874023438,695.2699549786568
701.2499389648438,698.7582890099782,691.88134765625,701.7482689558169
702.4459228515625,703.9409127813677,701.2499389648438,705.8345910249727
699.256591796875,701.9475858096981,702.4459228515625,706.631899708865
693.9743041992188,698.7582597459487,699.256591796875,701.8479420593646
684.107421875,693.6753331724462,693.9743041992188,693.8746773309964
684.107421875,686.5990717786367,684.107421875,689.5890516630006
681.71533203125,687.0973195113808,684.107421875,687.0973195113808
680.0210571289062,679.1240996919279,681.71533203125,685.9013750402625
682.7120971679688,680.8184188433046,680.0210571289062,686.3997513189314
685.2037353515625,682.7120854048295,682.7120971679688,688.0940736222917
683.708740234375,681.6157786274008,685.2037353515625,686.7983618125363
687.1970825195312,677.8284540163316,683.708740234375,687.1970825195312
697.6619262695312,682.9113719946624,687.1970825195312,697.8612704147239
696.8646240234375,695.8679641094541,697.6619262695312,705.0372474843599
706.6318359375,694.8712618356867,696.8646240234375,707.2298075169199
714.704833984375,710.51891081155,706.6318359375,716.1001822628476
716.6981201171875,719.5884582014837,714.704833984375,719.688099860407
715.701416015625,721.581733480092,716.6981201171875,722.877379122569
719.3890991210938,714.9041295993521,715.701416015625,721.5817630535371
712.9108276367188,720.5851211765032,719.3890991210938,720.5851211765032
713.110107421875,708.3261524104597,712.9108276367188,716.5984168222616
714.1068115234375,715.9007871600294,713.110107421875,716.7978053939713
706.8312377929688,715.1035030839879,714.1068115234375,717.7944970736988
706.5322265625,710.2198195228727,706.8312377929688,710.2198195228727
711.9141845703125,710.6185388116695,706.5322265625,715.2031502134203
715.6019287109375,712.5123068331469,711.9141845703125,720.1865406904919
715.203125,716.8974590083228,715.6019287109375,716.8974590083228
708.9241943359375,714.1068381257187,715.203125,717.7944920240992
711.4158935546875,708.6252577298872,708.9241943359375,711.9142235530911
713.6085205078125,716.0005287079547,711.4158935546875,720.9838284321712
712.71142578125,710.1201345351111,713.6085205078125,716.5984234817472
715.4025268554688,717.4955493279807,712.71142578125,718.9905393092187
717.7945556640625,718.4922298414978,715.4025268554688,722.4788699053566
709.5222778320312,721.8808253245344,717.7945556640625,721.8808253245344
706.6318359375,711.7147768564386,709.5222778320312,711.7147768564386
710.2198486328125,703.4425732097307,706.6318359375,712.9108426360157
700.65185546875,708.7247757013797,710.2198486328125,709.4224497436375
693.2765502929688,697.2631895950129,700.65185546875,701.2498288970571
693.4759521484375,695.2699278174281,693.2765502929688,701.748217222495
674.5394287109375,685.9013762497201,693.4759521484375,685.9013762497201
653.2109375,668.6591662978273,674.5394287109375,668.7588079575536
654.3071899414062,647.8289009320854,653.2109375,661.5827946625394
672.2470092773438,660.3867337804114,654.3071899414062,679.3232692530127
695.668701171875,667.6625786520605,672.2470092773438,695.668701171875
691.083984375,693.1769457882134,695.668701171875,695.4692513434691
686.79833984375,693.9743035730174,691.083984375,696.9642833909377
690.685302734375,685.303315003928,686.79833984375,691.2832743349616
676.4330444335938,693.2765592024173,690.685302734375,693.2765592024173
638.8590087890625,656.7988873510019,676.4330444335938,659.7888671113251
654.406982421875,652.7127089555098,638.8590087890625,654.406982421875
669.55615234375,660.5862126584417,654.406982421875,672.3467880795865
657.2972412109375,672.7454705343182,669.55615234375,672.7454705343182
641.3506469726562,661.0845008670948,657.2972412109375,663.227343989031
637.463623046875,638.6596270468656,641.3506469726562,641.1462885346643
637.463623046875,642.8456106311871,637.463623046875,646.6329059384151
632.0817260742188,637.2643697641629,637.463623046875,638.3606713308868
632.1813354492188,627.8957102282048,632.0817260742188,634.9719708839749
634.8724365234375,634.8724365234375,632.1813354492188,636.1680823908987
644.8390502929688,634.0751339535659,634.8724365234375,661.5899225129895
644.8390502929688,643.0450743749519,644.8390502929688,652.8182921350992
635.669677734375,648.9252423565741,644.8390502929688,648.9252423565741
639.855712890625,627.995434689884,635.669677734375,648.5266669605427
643.84228515625,646.0349490676225,639.855712890625,646.0349490676225
648.3271484375,643.842179693505,643.84228515625,648.3271484375
657.49658203125,649.0249724452982,648.3271484375,679.2337331355992
663.2772216796875,657.7955917484504,657.49658203125,670.4531857559302
676.7319946289062,668.4597305721592,663.2772216796875,681.1173220193988
679.0243530273438,684.9046705561644,676.7319946289062,685.6920099492863
700.7515869140625,678.7254263389583,679.0243530273438,702.1469351773804
690.7850341796875,695.1703625916386,700.7515869140625,698.3596868156667
687.3964233398438,683.808410793181,690.7850341796875,688.4927250219548
684.8050537109375,682.4131062375081,687.3964233398438,690.0874003146026
686.79833984375,687.5957164602315,684.8050537109375,694.7716193582038
688.6920166015625,680.3200487966087,686.79833984375,694.5723345635295
677.728759765625,693.7749604804989,688.6920166015625,693.7749604804989
673.8417358398438,682.5126891590376,677.728759765625,682.5126891590376
673.8417358398438,671.3500860832531,673.8417358398438,674.2404241334154
680.1207885742188,677.1308086610811,673.8417358398438,685.7020600795568
692.3797607421875,683.3101176332993,680.1207885742188,692.3797607421875
688.990966796875,686.2999729393097,692.3797607421875,695.8679443405093
683.808349609375,695.4692828878917,688.990966796875,697.2632585850572
658.1942749023438,676.1341545362881,683.808349609375,683.7087460492122
654.6062622070312,652.8122864106356,658.1942749023438,659.4899204378894
664.1741333007812,654.6061624591281,654.6062622070312,664.1741333007812
656.7989501953125,664.9715744884337,664.1741333007812,666.8651920190485
661.9815673828125,662.8785248612924,656.7989501953125,663.5761990098637
655.8023071289062,657.8952688829673,661.9815673828125,664.2739174793556
667.3634643554688,658.8918549560543,655.8023071289062,668.2604826243951
702.1469116210938,662.4798590854085,667.3634643554688,702.1469116210938
692.3797607421875,702.645347266487,702.1469116210938,702.645347266487
716.4989013671875,701.7482846396736,692.3797607421875,722.7778472275216
709.12353515625,716.598484578136,716.4989013671875,717.595144501054
716.399169921875,717.5951740448758,709.12353515625,735.7343975550473
711.8145751953125,706.7315727605938,716.399169921875,720.5851709185175
712.61181640625,715.3028102568396,711.8145751953125,722.1797269513557
711.1168212890625,716.1997623224524,712.61181640625,717.6947521359543
710.7181396484375,715.5021557613866,711.1168212890625,715.5021557613866
715.6019287109375,707.7282898424603,710.7181396484375,721.5818891179927
705.1368408203125,712.7114313149831,715.6019287109375,717.8940746787896
709.6218872070312,710.419203003926,705.1368408203125,716.1001769076572
705.1368408203125,711.0171582423545,709.6218872070312,711.0171582423545
697.6619262695312,701.5489241912642,705.1368408203125,706.0338937172826
701.8479614257812,700.0539856501674,697.6619262695312,702.3462914096349
714.704833984375,704.3396068846371,701.8479614257812,716.1001822628476
713.8078002929688,714.2064277361812,714.704833984375,719.7877594227654
716.399169921875,717.5951740448758,713.8078002929688,718.4921923449506
710.81787109375,717.5951464214718,716.399169921875,718.1931180443053
716.1998291015625,717.3958332301388,710.81787109375,719.1898090073547
706.4325561523438,709.1235501674463,716.1998291015625,712.4125158164403
710.3195190429688,702.1468957410444,706.4325561523438,711.8145088848588
720.0868530273438,708.4259188120598,710.3195190429688,721.2828571986316
711.0172119140625,718.4921613209332,720.0868530273438,718.4921613209332
710.2198486328125,708.1268870921517,711.0172119140625,712.2131685120304
719.5885009765625,715.8012052429453,710.2198486328125,719.5885009765625
717.4954833984375,720.5851047432428,719.5885009765625,728.6570522669208
716.399169921875,723.0768038466075,717.4954833984375,726.4654720565603
704.1403198242188,718.4922487646214,716.399169921875,718.4922487646214
698.3594970703125,696.7648049759288,704.1403198242188,701.4491179543006
709.3228759765625,701.5489407805615,698.3594970703125,712.1135115813714
716.598388671875,715.1033989875804,709.3228759765625,720.1863395816677
726.1664428710938,721.9805195868388,716.598388671875,726.1664428710938
730.9503784179688,732.246024092331,726.1664428710938,732.246024092331
741.9136352539062,735.9336760041368,730.9503784179688,746.498246346213
743.0099487304688,738.8239650220669,741.9136352539062,746.6976024933774
736.2327270507812,746.1993266837111,743.0099487304688,747.6943166286505
724.073486328125,734.2394304428319,736.2327270507812,740.3190320794819
737.5283203125,723.5750818201013,724.073486328125,737.5283203125
736.5316162109375,740.1195672753901,737.5283203125,742.0132452896387
738.32568359375,749.6876314301347,736.5316162109375,756.464906967936
711.316162109375,731.1496570437909,738.32568359375,737.0299746152934
709.7215576171875,712.9108817652461,711.316162109375,714.7048575887484
720.4855346679688,712.3129105432768,709.7215576171875,721.5818363298732
724.970458984375,717.5951511538866,720.4855346679688,732.5450501362592
726.764404296875,740.0199686738656,724.970458984375,755.9665269213833
749.48828125,733.4420804121393,726.764404296875,750.7839270167528
754.172607421875,747.4949734924168,749.48828125,754.172607421875
748.2921752929688,755.6674822402923,754.172607421875,757.3618160883301
756.1658935546875,750.4849198437944,748.2921752929688,761.7471647747931
743.2092895507812,754.9698640455626,756.1658935546875,758.3585319922773
748.6909790039062,745.0033249615828,743.2092895507812,748.6909790039062
752.9765014648438,749.6875361925389,748.6909790039062,759.5544320094534
752.3785400390625,756.7638068508053,752.9765014648438,766.4314194970651
747.9932861328125,747.8936444711757,752.3785400390625,751.8802842373732
746.4982299804688,744.8038960639213,747.9932861328125,747.9932197601358
752.3785400390625,747.4948824743808,746.4982299804688,755.0694729509389
749.2888793945312,746.0995556387619,752.3785400390625,750.3852417522004
743.6080322265625,746.4983706778625,749.2888793945312,746.4983706778625
747.0962524414062,744.903649280264,743.6080322265625,750.0364113745849
743.8073120117188,734.8373724195952,747.0962524414062,747.0962776959049
741.216064453125,745.5016903463427,743.8073120117188,751.9799804362508
731.54833984375,749.6875615265698,741.216064453125,749.6875615265698
731.4486694335938,732.3456267767489,731.54833984375,747.2058588235443
739.5216674804688,733.3423637530524,731.4486694335938,739.7210116325715
739.0233154296875,740.7176494249824,739.5216674804688,741.8139509818418
734.3389282226562,740.5182311468008,739.0233154296875,740.5182311468008
740.518310546875,734.6379927658697,734.3389282226562,742.4119887017866
736.2327270507812,737.7277169957207,740.518310546875,743.5083326165607
736.6312866210938,728.5583659952497,736.2327270507812,738.9236529903524
741.5149536132812,729.3556908635793,736.6312866210938,746.4982530327253
751.3819580078125,742.4120184892057,741.5149536132812,755.1692536382984
762.9431762695312,756.4648867257664,751.3819580078125,775.202081239935
741.5149536132812,757.9598416974468,762.9431762695312,762.0461228888743
758.2588500976562,743.1096072447368,741.5149536132812,761.8468622853784
766.5311279296875,763.7404922915853,758.2588500976562,769.8201543641488
764.8369140625,763.2422215517736,766.5311279296875,782.3781058613949
755.4682006835938,771.6141031546995,764.8369140625,771.6141031546995
761.8468627929688,760.4515145804871,755.4682006835938,765.1358283437685
767.62744140625,760.8501664797635,761.8468627929688,772.9097265328664
777.2951049804688,762.3452060066013,767.62744140625,782.6770321122843
779.4876708984375,787.2616666582177,777.2951049804688,787.6602941130194
781.4810180664062,772.4114371370564,779.4876708984375,785.1686719325452
775.1024169921875,780.3847022999902,781.4810180664062,781.3813622007565
787.0623168945312,777.1953597814526,775.1024169921875,787.6602884881094
794.138671875,787.7600844055762,787.0623168945312,794.138671875
790.9492797851562,792.5439721390081,794.138671875,795.1352635709893
792.6435546875,794.7365768399799,790.9492797851562,797.2770131213141
793.1419067382812,796.3312304658543,792.6435546875,796.3312304658543
787.361328125,779.9860204657422,793.1419067382812,793.3412875791139
800.31787109375,795.4342134257924,787.361328125,801.2148893042045
792.045654296875,795.3346198820079,800.31787109375,803.3078992793213
786.0657348632812,786.7634090124086,792.045654296875,795.3346604694096
764.438232421875,772.8102008904362,786.0657348632812,772.909842559536
745.6012573242188,765.7337997530975,764.438232421875,770.6174576641713
743.7075805664062,738.3255931283416,745.6012573242188,744.7042404007672
713.7081909179688,741.5150288316757,743.7075805664062,745.7010129348884
688.8914184570312,693.6753743900126,713.7081909179688,697.2633261319237
695.3696899414062,699.7549574159834,688.8914184570312,705.1917547157148
705.6353149414062,702.0473630962588,695.3696899414062,721.7812199071734
710.6185302734375,709.4225261908699,705.6353149414062,727.9604373924319
692.1802368164062,713.8077668212757,710.6185302734375,716.5196864325272
681.6157836914062,682.7120853353381,692.1802368164062,691.6820251426637
658.4932250976562,695.1702981983498,681.6157836914062,695.1702981983498
653.2109375,662.380160121417,658.4932250976562,687.5957048241961
638.8590087890625,660.9848711817132,653.2109375,668.4946769139557
563.3121948242188,610.1552107211121,638.8590087890625,612.5471580128157
584.3416748046875,587.7303427253009,563.3121948242188,609.955845857443
543.677978515625,541.9836445098126,584.3416748046875,564.0098649227871
551.352294921875,569.1924714768314,543.677978515625,570.7871638910264
505.1072387695313,530.6217693960826,551.352294921875,547.564988152808
505.0076293945313,508.2965951971946,505.1072387695313,508.2965951971946
504.1105651855469,528.2297469285427,505.0076293945313,536.7013560773967
465.88873291015625,491.3035631143906,504.1105651855469,501.01798704316406
555.637939453125,484.7754087150765,465.88873291015625,555.637939453125
620.1217651367188,559.3255148454971,555.637939453125,623.709716231226
662.4798583984375,603.3779375399208,620.1217651367188,681.4163968043521
656.5995483398438,658.194240723274,662.4798583984375,658.194240723274
604.673583984375,661.5828409289539,656.5995483398438,662.7788449959573
624.5071411132812,610.3546175642604,604.673583984375,655.4683869148284
595.4046630859375,593.6106265572326,624.5071411132812,608.560525421145
574.0760498046875,574.2753939326826,595.4046630859375,588.2286312543243
528.6285400390625,572.0828959569274,574.0760498046875,572.0828959569274
541.9837036132812,544.7743394870778,528.6285400390625,570.0895281829672
568.09619140625,558.7275632154523,541.9837036132812,602.0553851259382
564.5081787109375,557.5315595713737,568.09619140625,570.089449690072
597.5972900390625,564.5082279016707,564.5081787109375,612.5471894979913
587.431396484375,610.5538585657299,597.5972900390625,612.1485509780515
557.5316162109375,580.0561073887014,587.431396484375,587.7563155208478
543.1796264648438,556.1362047107941,557.5316162109375,566.1028033615252
550.1561889648438,556.3354916593289,543.1796264648438,566.70071669178
550.9535522460938,558.3288594596722,550.1561889648438,576.1580846221517
561.9168701171875,543.1796751409693,550.9535522460938,574.275477884106
555.3389892578125,575.4715343337092,561.9168701171875,577.3302955846847
565.7042236328125,560.7209233512292,555.3389892578125,567.8968879229695
552.74755859375,565.7041373496849,565.7042236328125,565.7041373496849
567.2987670898438,563.1127837874673,552.74755859375,573.0793817306082
600.387939453125,568.694106424155,567.2987670898438,609.3578784240505
630.6863403320312,603.7765244068514,600.387939453125,630.8856844681053
598.9926147460938,637.8623518094842,630.6863403320312,637.8623518094842
588.8267822265625,584.4415142308834,598.9926147460938,602.9793679885888
570.6874389648438,587.8300015479983,588.8267822265625,587.8300015479983
570.6874389648438,571.4848155562455,570.6874389648438,585.4479697684658
567.6974487304688,577.2654201685078,570.6874389648438,580.6540272940551
603.3779296875,568.0961447841761,567.6974487304688,606.9658810062513
590.2219848632812,617.7297728347802,603.3779296875,619.125120979819
593.610595703125,588.4280130313792,590.2219848632812,608.9591820714858
580.0560302734375,582.4480382359468,593.610595703125,605.2336751446768
566.50146484375,567.896752090079,580.0560302734375,576.1092192568136
573.4781494140625,564.9068374969657,566.50146484375,583.7736027168378
595.6039428710938,575.6707445041724,573.4781494140625,597.7966068577139
589.8233642578125,607.9625880680702,595.6039428710938,610.7532238470411
588.2286376953125,583.045994467125,589.8233642578125,592.0159328435423
590.2219848632812,589.4246691366693,588.2286376953125,593.6105919092043
587.2319946289062,583.0460111008983,590.2219848632812,598.9925686694698
622.9122924804688,616.5336462729574,587.2319946289062,624.7062677165568
638.8590087890625,630.0884136583732,622.9122924804688,650.021612060528
635.669677734375,647.8289407892942,638.8590087890625,656.3573664429128
614.1419067382812,631.0851268092393,635.669677734375,635.4703943288255
624.5071411132812,615.3379176396339,614.1419067382812,628.2944978356048
647.6296997070312,635.271151368588,624.5071411132812,651.4169957973396
674.340087890625,658.991561385801,647.6296997070312,674.9381203505811
669.1574096679688,677.5293154343412,674.340087890625,684.505933988628
693.4759521484375,679.5227134298319,669.1574096679688,693.6752962963905
683.50927734375,689.2898920062446,693.4759521484375,697.8612027683382
660.3868408203125,674.7387680477906,683.50927734375,683.7087073571408
664.7722778320312,659.589633214906,660.3868408203125,680.3201508521029
639.058349609375,649.2242929077606,664.7722778320312,655.8022240136783
635.8690185546875,626.101763664777,639.058349609375,648.4269090086735
623.1117553710938,613.1979583512203,635.8690185546875,659.494828352908
640.2542724609375,640.4535557536075,623.1117553710938,648.426834061558
635.2710571289062,646.2343162452544,640.2542724609375,651.2176158435944
640.6529541015625,633.0783634004208,635.2710571289062,642.2476463968967
638.4603881835938,645.8356967069026,640.6529541015625,647.231045075518
632.6798095703125,647.0317391218113,638.4603881835938,647.7244251804003
648.2276611328125,640.2543814673722,632.6798095703125,654.0082767239975
626.8991088867188,638.6596841367765,648.2276611328125,651.0182918559328
633.6763916015625,629.6897517540141,626.8991088867188,638.0617197663844
634.6730346679688,648.8256179162723,633.6763916015625,651.7776998256263
641.2510375976562,639.0583735364899,634.6730346679688,645.4369607319878
641.8489990234375,641.2510273941324,641.2510375976562,648.6262744245067
638.0617065429688,650.818941624479,641.8489990234375,650.818941624479
643.0449829101562,647.8289382881795,638.0617065429688,649.8222580982971
632.2811279296875,647.2310279201628,643.0449829101562,647.2310279201628
652.014892578125,647.230937416384,632.2811279296875,654.8055280198663
640.2542724609375,664.3733906774589,652.014892578125,664.5727348014149
633.078369140625,634.0750290225116,640.2542724609375,640.4536157678108
631.0850219726562,642.6462517679901,633.078369140625,642.6462517679901
636.6661987304688,621.9156474633004,631.0850219726562,638.8588622179095
642.845703125,648.8256631540697,636.6661987304688,652.4933646721433
652.6129760742188,637.0651039245284,642.845703125,656.2009886842785
662.7789306640625,668.3602025897655,652.6129760742188,670.1542393378073
664.37353515625,660.7855834699284,662.7789306640625,668.1608918411773
663.7755126953125,675.3367435388692,664.37353515625,675.3367435388692
664.1741333007812,650.4201790178604,663.7755126953125,666.9378203904835
664.1741333007812,672.9447276154971,664.1741333007812,673.7420433111461
663.7755126953125,664.5728284722311,664.1741333007812,668.7588123401722
670.552734375,675.5360336209962,663.7755126953125,675.5360336209962
658.5928955078125,662.7788795448816,670.552734375,675.5361149848997
666.36669921875,664.772067916083,658.5928955078125,673.7420058639761
670.7521362304688,675.9347800585382,666.36669921875,676.73209584025
667.7620849609375,671.9480684060547,670.7521362304688,679.5226587686187
659.1909790039062,684.7054518585453,667.7620849609375,684.7054518585453
656.4002075195312,663.7755153560047,659.1909790039062,673.7421146856744
671.9480590820312,653.6094941632655,656.4002075195312,674.3400061379871
671.5494995117188,675.3367953662015,671.9480590820312,678.5261195499287
688.093994140625,669.157456732812,671.5494995117188,688.093994140625
705.8345336914062,702.6452099339584,688.093994140625,722.5784073788934
717.9938354492188,711.6151875865138,705.8345336914062,723.1764184024604
719.5885009765625,728.5584407394283,717.9938354492188,730.7511048477215
720.1864013671875,711.814494915675,719.5885009765625,731.3260707370459
718.9905395507812,718.5918512231312,720.1864013671875,723.3758069984403
690.7099609375,695.495468211459,718.9905395507812,699.4834010815957
694.8973388671875,695.8943221367243,690.7099609375,709.652679086127
694.0997924804688,680.5407829560322,694.8973388671875,700.28110117168
699.2841186523438,688.3173022317118,694.0997924804688,708.4563164324102
706.4622802734375,699.6828065963747,699.2841186523438,708.6556555118766
695.0968627929688,698.8853876743478,706.4622802734375,702.1574697816981
695.0968627929688,691.707094774817,695.0968627929688,697.4895865254525
703.2720336914062,698.0877084383745,695.0968627929688,707.8581324627244
692.9033203125,710.051443431446,703.2720336914062,712.1291408313264
701.8762817382812,699.6829061876422,692.9033203125,701.8762817382812
691.5076293945312,700.6798884135869,701.8762817382812,705.4653963384316
689.9124145507812,695.6949052770993,691.5076293945312,697.6888717931421
688.9154663085938,688.5166486447027,689.9124145507812,695.0967749927123
685.924560546875,685.7251517020902,688.9154663085938,695.2962285924357
678.5468139648438,692.9033979167694,685.924560546875,694.2991988860792
672.3656005859375,673.1631751016682,678.5468139648438,679.5438320785493
677.5498046875,672.3655403739958,672.3656005859375,682.2386199184116
688.117919921875,690.5106434497997,677.5498046875,691.7070356392792
694.4985961914062,694.4985961914062,688.117919921875,697.4895463228955
693.3021240234375,702.4743205498141,694.4985961914062,702.4743205498141
693.1029052734375,691.7071041057133,693.3021240234375,694.8974633097682
693.900390625,694.8973739448635,693.1029052734375,700.8792738640445
703.2720336914062,694.0997752977395,693.900390625,707.1153847833635
698.6859741210938,705.0666924002428,703.2720336914062,710.7175633140014
696.2931518554688,695.8943342003284,698.6859741210938,699.2841017159286
699.88232421875,702.873274322249,696.2931518554688,702.873274322249
671.169189453125,702.8732471545713,699.88232421875,702.8732471545713
673.960693359375,679.5437753544845,671.169189453125,679.5437753544845
685.1268920898438,687.719024163564,673.960693359375,693.7009235807902
671.9667358398438,687.9184684413831,685.1268920898438,687.9184684413831
671.7673950195312,684.1300133776854,671.9667358398438,684.1300133776854
691.3082275390625,684.1299357855996,671.7673950195312,695.8943262657313
680.3414916992188,690.5106736266243,691.3082275390625,694.2992592007182
686.1239624023438,681.3384544314374,680.3414916992188,690.5106526877432
692.1058349609375,691.3082604727854,686.1239624023438,696.8913427408829
697.68896484375,692.704047888806,692.1058349609375,699.3838487786384
712.2449340820312,702.2751005190187,697.68896484375,713.8400831116993
708.8551635742188,707.0606057100606,712.2449340820312,713.840080336344
698.287109375,699.0846838239083,708.8551635742188,715.6345818301185
697.8883056640625,702.8732221330915,698.287109375,707.0605641372821
702.873291015625,693.3022747975292,697.8883056640625,704.1703917220129
711.0485229492188,705.4653797919884,702.873291015625,714.438229759755
702.2750854492188,702.6738422725616,711.0485229492188,711.818170499483
697.0907592773438,703.6708249410881,702.2750854492188,708.2569847879394
691.7070922851562,690.5106999977006,697.0907592773438,693.5016502908198
697.489501953125,705.0666116481796,691.7070922851562,705.0666116481796
696.8912963867188,702.075621491418,697.489501953125,702.5680888678788
691.9063720703125,692.1057808895298,696.8912963867188,695.096730624704
681.537841796875,696.6920019560922,691.9063720703125,696.6920019560922
686.9215087890625,677.948658891963,681.537841796875,688.117900945549
692.3052978515625,684.5287786445415,686.9215087890625,700.8793307579732
684.9275512695312,677.7492590860194,692.3052978515625,700.8792846324316
675.5558471679688,686.522663263884,684.9275512695312,692.903380605556
659.2053833007812,665.3866920544868,675.5558471679688,674.3595419337596
660.9999389648438,661.199347798388,659.2053833007812,666.1842643818333
660.4017333984375,658.0089492425983,660.9999389648438,664.9878320375956
674.9576416015625,661.1992853018985,660.4017333984375,678.7461656766835
691.7070922851562,680.7402745437192,674.9576416015625,691.7070922851562
702.873291015625,680.9396564023715,691.7070922851562,702.873291015625
709.453369140625,705.2660875058001,702.873291015625,710.6497614010199
712.843017578125,709.852067854021,709.453369140625,723.2116676287634
740.7586059570312,717.8279896218876,712.843017578125,746.9399147045374
726.6013793945312,741.356719303302,740.7586059570312,742.5531113718032
735.7736206054688,732.7826709282108,726.6013793945312,735.9730294208247
727.1996459960938,735.1755124250017,735.7736206054688,735.1755124250017
743.3507690429688,722.4141184782543,727.1996459960938,744.945978929949
760.4989013671875,750.9278853694279,743.3507690429688,764.8856525292648
763.2904052734375,762.4928307878303,760.4989013671875,774.8554482933579
767.6771850585938,761.8946937569308,763.2904052734375,769.0729860991142
773.8584594726562,797.5866501442409,767.6771850585938,809.1516322309195
778.6438598632812,779.2420254280164,773.8584594726562,781.4354005837515
781.8342895507812,777.6469476623932,778.6438598632812,821.9130290235873
779.84033203125,787.6167894275437,781.8342895507812,790.4083304350556
778.444580078125,785.0247066359265,779.84033203125,787.2180213041597
774.2572631835938,786.2210636604004,778.444580078125,786.2210636604004
783.8283081054688,775.6530326095572,774.2572631835938,788.0156502717682
714.6375732421875,781.2360414089627,783.8283081054688,791.8041002485015
738.9640502929688,721.8159249876953,714.6375732421875,738.9640502929688
734.3779296875,734.3779296875,738.9640502929688,740.1604819433518
738.5652465820312,735.773705398423,734.3779296875,744.5302300384758
719.2238159179688,738.365847633993,738.5652465820312,743.1514164140337
720.0213623046875,722.8129034166418,719.2238159179688,727.797819991929
718.824951171875,719.8219344606016,720.0213623046875,730.7887506365942
709.6526489257812,721.6164476517603,718.824951171875,724.5316378045794
712.843017578125,713.4411831825346,709.6526489257812,718.6255082078538
701.278076171875,714.8370246846156,712.843017578125,714.8370246846156
705.2660522460938,719.4231672580288,701.278076171875,721.6165428172554
710.2509765625,702.275109608855,705.2660522460938,710.2509765625
727.7977905273438,720.8189076044788,710.2509765625,734.5772646250638
723.4110717773438,738.166473576338,727.7977905273438,738.166473576338
706.8611450195312,720.2207453024846,723.4110717773438,722.8128774882372
690.5106201171875,691.9064210995881,706.8611450195312,721.8159205707519
692.1058349609375,691.5076084565488,690.5106201171875,697.4895083942388
710.6497192382812,685.9245443448932,692.1058349609375,710.6497192382812
715.4351806640625,708.2569496960126,710.6497192382812,722.6134724831429
715.4351806640625,725.8038311639599,715.4351806640625,728.3959633634189
710.6497192382812,711.6467025876198,715.4351806640625,722.4141105902687
698.4864501953125,696.4924836679481,710.6497192382812,704.6677586003477
704.069580078125,708.8550874858831,698.4864501953125,717.8279366945652
704.8672485351562,699.8823316431112,704.069580078125,712.0455410299082
722.8129272460938,711.8461104189116,704.8672485351562,728.5954184938556
722.4140625,723.6104546097707,722.8129272460938,730.2045156739683
725.8038330078125,725.0062585483398,722.4140625,728.9941916967343
716.8309326171875,726.8007647815434,725.8038330078125,731.7856808637213
708.6557006835938,719.8219255493013,716.8309326171875,723.8098586548376
707.2599487304688,708.2569319901107,708.6557006835938,711.8460473844104
704.2691040039062,710.8491701586482,707.2599487304688,713.1492176970445
691.10888671875,701.8762949829402,704.2691040039062,705.0666539485244
686.72216796875,701.8763281327327,691.10888671875,701.8763281327327
684.7281494140625,689.3143093132788,686.72216796875,691.707032831491
687.9183959960938,690.3111799747508,684.7281494140625,691.595258290137
696.6920166015625,691.9065082535901,687.9183959960938,704.2691272659723
693.3021240234375,698.885205461321,696.6920166015625,699.2840230716085
688.9154663085938,696.4925151142668,693.3021240234375,708.6557236505583
691.5076293945312,691.9064470761995,688.9154663085938,696.0937893295765
687.9183959960938,692.1057375332314,691.5076293945312,695.894261456918
682.1359252929688,681.7371076680668,687.9183959960938,687.5195981229888
672.7643432617188,675.954702108544,682.1359252929688,679.5079765204661
680.3414916992188,675.1571658855972,672.7643432617188,684.9275909664394
691.5076293945312,682.5347792163096,680.3414916992188,693.0559839734216
688.716064453125,691.7070144095089,691.5076293945312,699.4834721259006
698.8853149414062,690.9094482944287,688.716064453125,698.8853149414062
698.287109375,696.4924908011689,698.8853149414062,704.8671746422812
695.0968627929688,701.0787634007378,698.287109375,705.1464728523118
696.2931518554688,692.5045666847284,695.0968627929688,697.6888919463983
706.0635375976562,700.2810470179617,696.2931518554688,714.0394034595873
708.8551635742188,705.8642135169436,706.0635375976562,711.2479479604527
706.8611450195312,698.2871131580139,708.8551635742188,709.2539292302492
718.0274658203125,711.8461564928837,706.8611450195312,718.2268746730111
716.4321899414062,720.2207752410342,718.0274658203125,724.4080565073045
711.0485229492188,716.8310140915727,716.4321899414062,717.6285885851676
695.2962036132812,705.8642026458135,711.0485229492188,714.4382350042051
704.069580078125,697.6888629670954,695.2962036132812,705.6647289303683
707.858154296875,692.9034045582086,704.069580078125,709.6527120953085
713.4413452148438,712.2450137343212,707.858154296875,716.4322956182336
718.824951171875,708.6557094566576,713.4413452148438,718.824951171875
724.208740234375,722.2147735055921,718.824951171875,727.5655876035556
707.858154296875,711.8460875605194,724.208740234375,720.4201197369417
716.8309326171875,711.0484421320664,707.858154296875,718.8248990500587
724.4080810546875,714.8370651916979,716.8309326171875,728.9942409961059
736.1724853515625,728.196619035082,724.4080810546875,736.1724853515625
735.7736206054688,727.7977547994475,736.1724853515625,738.7645702827268
724.806884765625,730.1906191166772,735.7736206054688,738.3778214389675
747.3386840820312,732.9821605589225,724.806884765625,748.1363194313986
735.3748779296875,749.5320533485864,747.3386840820312,752.7224121663857
736.1724853515625,732.5833089985277,735.3748779296875,739.1634352202427
730.3899536132812,734.3778868808416,736.1724853515625,738.9640466491556
736.371826171875,729.5923520389623,730.3899536132812,739.9241267656857
719.4231567382812,736.371873587419,736.371826171875,739.9610501366805
727.7977905273438,724.0092662537088,719.4231567382812,731.3869059758338
712.6436767578125,727.1996699812883,727.7977905273438,731.187603327276
719.2238159179688,713.2419157939524,712.6436767578125,722.0153571389694
714.2388305664062,715.036405002818,719.2238159179688,721.8158789888612
711.8460693359375,713.4412182601435,714.2388305664062,714.8081149674159
714.438232421875,709.8521334283413,711.8460693359375,716.6316079257086
718.226806640625,709.2539567784625,714.438232421875,718.6255634572127
725.0061645507812,716.2327249320019,718.226806640625,725.0061645507812
729.193603515625,730.3899347842263,725.0061645507812,733.1745388118187
729.7918090820312,731.5863669341572,729.193603515625,735.5743003171192
737.7676391601562,731.3869217243046,729.7918090820312,744.3477045744154
731.9852294921875,738.1665387849724,737.7676391601562,741.7556547092796
710.8831176757812,707.6917109792429,731.9852294921875,715.6701972850789
725.0448608398438,724.24702447392,710.8831176757812,728.6351549220072
740.2039794921875,727.6378287305525,725.0448608398438,740.2039794921875
745.58935546875,747.7834508901392,740.2039794921875,749.5785977363645
746.5867919921875,747.9830513698178,745.58935546875,750.974983575297
734.8184814453125,743.9937516831678,746.5867919921875,745.7888986953324
737.8104858398438,734.8185535689028,734.8184814453125,741.6002545421654
738.0098876953125,744.1932259556107,737.8104858398438,745.4587951641228
745.1905517578125,746.9856988063755,738.0098876953125,747.7835351756243
757.7567138671875,748.3820291147408,745.1905517578125,758.56453315924
746.9856567382812,756.1609266454501,757.7567138671875,762.3152900825495
731.4276733398438,746.9856955202993,746.9856567382812,749.1797911793412
729.0341186523438,727.0394972606821,731.4276733398438,757.9571027676645
720.2577514648438,736.6136093265723,729.0341186523438,736.6136093265723
720.457275390625,725.0448802708934,720.2577514648438,725.0448802708934
723.4491577148438,721.6539498781684,720.457275390625,725.8426667120603
713.0771484375,720.8561597007972,723.4491577148438,723.5179882819837
715.271240234375,714.6728172967693,713.0771484375,723.0422773523176
712.877685546875,717.6647647955332,715.271240234375,718.0637134291777
709.4868774414062,713.4761203601187,712.877685546875,722.8537873762776
704.5003662109375,710.284756617145,709.4868774414062,729.3832217177883
718.861572265625,707.0933176579333,704.5003662109375,719.2605209117232
729.43310546875,720.0583600887171,718.861572265625,731.048744010902
733.2227783203125,734.4195632357757,729.43310546875,737.8103828134105
730.0314331054688,734.0206759093237,733.2227783203125,739.9437299716576
712.478759765625,720.6566584798194,730.0314331054688,726.6405224390905
722.6513061523438,712.279311433981,712.478759765625,728.6351703298271
724.6459350585938,722.4519002009115,722.6513061523438,726.4411430272644
733.6217651367188,728.4357979209137,724.6459350585938,737.2121203680657
727.6378173828125,733.2227934801102,733.6217651367188,738.6082344045277
721.6539306640625,733.2227702244573,727.6378173828125,736.6135897646526
716.866943359375,716.66746903839,721.6539306640625,722.648350762035
729.0341186523438,722.6513058506207,716.866943359375,730.4303779749126
732.0259399414062,729.632370285294,729.0341186523438,737.8103289275052
733.6217651367188,736.214809615639,732.0259399414062,737.8104824711147
738.6082153320312,734.6189728816913,733.6217651367188,741.9990957632237
730.8292846679688,739.0072447598927,738.6082153320312,742.1986512434503
731.6270751953125,730.2308767951263,730.8292846679688,733.2228087725406
733.6217651367188,736.01533529095,731.6270751953125,741.149501270774
738.6082153320312,733.2227745466778,733.6217651367188,744.3926655818314
741.9990844726562,738.8076783867443,738.6082153320312,743.9937056674753
749.9776611328125,745.1905818529764,741.9990844726562,751.9722825719955
739.4061889648438,751.3739175531864,749.9776611328125,752.3712282688816
731.4276733398438,741.2013057799254,739.4061889648438,744.3927121138943
731.0287475585938,733.0233689707591,731.4276733398438,736.6136631642507
713.6755981445312,726.0422766557579,731.0287475585938,726.4412253319994
712.478759765625,715.8695794866048,713.6755981445312,722.2523920582322
722.6513061523438,712.6781991898713,712.478759765625,723.2497290927006
719.659423828125,725.4438749631657,722.6513061523438,730.8293165726961
721.4545288085938,724.0475120792063,719.659423828125,730.0313758153981
726.2416381835938,724.0475425471273,721.4545288085938,728.4357338200602
718.2632446289062,722.2524877972189,726.2416381835938,724.8454715082142
697.9180297851562,717.2658821044279,718.2632446289062,717.2658821044279
698.9153442382812,694.3277392495053,697.9180297851562,712.985436093171
691.7346801757812,700.11211444057,698.9153442382812,701.1094251449014
674.1820678710938,663.8100117092853,691.7346801757812,679.9664580543641
664.0094604492188,674.7804039739237,674.1820678710938,682.5863812197721
670.5917358398438,668.9960022048226,664.0094604492188,672.9852449858544
669.3948974609375,668.5970611425449,670.5917358398438,682.7588231892888
671.9879150390625,670.7911300648364,669.3948974609375,678.7696153983272
674.5809936523438,670.7911642291048,671.9879150390625,675.179355734426
675.1793212890625,681.1631852886701,674.5809936523438,682.1604959552714
675.3787231445312,678.769542524614,675.1793212890625,685.7108459330867
685.3519287109375,678.1712794600982,675.3787231445312,685.3519287109375
680.3652954101562,683.7561148872618,685.3519287109375,685.9642106871363
689.7401123046875,683.9557219447851,680.3652954101562,689.7401123046875
675.5783081054688,687.9449245480018,689.7401123046875,688.7427609521949
687.5459594726562,679.9663623075438,675.5783081054688,687.5459594726562
691.5352172851562,686.9475518506536,687.5459594726562,691.7346307149522
689.3411254882812,698.1174469326611,691.5352172851562,699.1147575711364
684.5540771484375,687.1470605757899,689.3411254882812,689.9395183139416
680.7642211914062,683.5567396911911,684.5540771484375,686.7480850549264
677.5728759765625,684.7534639175558,680.7642211914062,687.7453958499733
658.8233642578125,672.9851870862806,677.5728759765625,673.7830233996431
662.6132202148438,662.2142716064353,658.8233642578125,667.400299160688
681.3627319335938,667.001432461452,662.6132202148438,681.3627319335938
682.3599243164062,683.1577606217628,681.3627319335938,687.3464773136453
685.1524047851562,688.1443366837814,682.3599243164062,688.8215266734503
685.9502563476562,683.3572729930123,685.1524047851562,686.7989808632157
681.1632080078125,685.1524508072727,685.9502563476562,685.3519251214485
678.5702514648438,680.9637607168949,681.1632080078125,684.7296070429646
677.1738891601562,682.7588041037957,678.5702514648438,683.1577526873447
677.5728759765625,674.1819954380849,677.1738891601562,679.3680229618108
682.7589111328125,682.5594976807856,677.5728759765625,688.3798017230487
680.9636840820312,682.5594176081668,682.7589111328125,684.7534522912119
689.9393920898438,684.3544776352977,680.9636840820312,690.1388663641494
689.1416625976562,686.9475669824773,689.9393920898438,690.5379218630461
691.9341430664062,691.1363066903172,689.1416625976562,692.133617378182
692.3331298828125,690.1390340742689,691.9341430664062,694.5272256913561
698.1174926757812,698.7158547496689,692.3331298828125,699.3142776945712
682.7589111328125,699.5137803322328,698.1174926757812,702.904600339912
679.1685791015625,683.3572961689026,682.7589111328125,694.3236962592615
661.8153076171875,679.5674854716018,679.1685791015625,682.1604687529605
669.9932250976562,662.8125768586182,661.8153076171875,673.5256913258413
658.2249755859375,669.195391845703,669.9932250976562,669.195391845703
665.8045654296875,662.2142714389652,658.2249755859375,669.1954459872675
630.898681640625,637.48096833637,665.8045654296875,662.3139665578783
622.3218383789062,632.4944190650713,630.898681640625,632.4944190650713
622.3218383789062,627.3083915710449,622.3218383789062,627.3083915710449
622.3218383789062,624.3164596557617,622.3218383789062,645.3596897781827
631.4970703125,621.9228522388414,622.3218383789062,631.836121821336
625.3137817382812,631.8960077239637,631.4970703125,631.8960077239637
627.308349609375,625.313728465943,625.3137817382812,627.906711604002
621.7234497070312,631.0981327839951,627.308349609375,631.8959690863525
629.7020263671875,626.7100941434683,621.7234497070312,651.8014316735422
624.9148559570312,628.3057366620255,629.7020263671875,634.6885494463628
623.5186157226562,626.3110733020302,624.9148559570312,631.4971007328733
628.3056640625,623.1196368833382,623.5186157226562,632.6938549535615
635.08740234375,628.5051764788715,628.3056640625,639.0766448972547
629.3030395507812,630.8987122915697,635.08740234375,634.0901186441598
629.9013671875,624.3164520289358,629.3030395507812,632.0954627394394
628.70458984375,631.8959348804251,629.9013671875,636.6830741774473
640.073974609375,632.0954892646124,628.70458984375,642.622096061837
642.467529296875,638.8771744544273,640.073974609375,646.4567718744762
644.861083984375,641.669738393119,642.467529296875,650.4460605111035
647.2545776367188,647.8529396466853,644.861083984375,650.0470351349097
648.2518920898438,652.6400830923938,647.2545776367188,654.2357557091345
626.909423828125,639.2760997154865,648.2518920898438,644.063178459591
630.898681640625,628.1062240444045,626.909423828125,637.48096833637
643.265380859375,633.2922741793847,630.898681640625,643.265380859375
643.265380859375,650.2465555353682,643.265380859375,651.6428148189718
639.87451171875,643.2653923991821,643.265380859375,646.2573244568526
646.4568481445312,643.6643901849538,639.87451171875,647.0512536371803
638.4783325195312,647.65360328039,646.4568481445312,649.4317673815902
641.669677734375,636.6831246306606,638.4783325195312,643.2653503791597
643.8637084960938,643.4648207728229,641.669677734375,647.4540632315868
634.887939453125,635.4863623695129,643.8637084960938,637.6804579875786
634.887939453125,633.2922667514473,634.887939453125,641.2707520018593
639.6751098632812,636.2842291214382,634.887939453125,640.6724205672333
633.49169921875,638.2787778786383,639.6751098632812,639.9891923244784
637.6804809570312,638.2788430239607,633.49169921875,641.881128757309
643.0658569335938,636.0846827962573,637.6804809570312,644.4621161094641
647.653564453125,638.6777685477624,643.0658569335938,650.0470735052813
641.8690795898438,641.2707175765894,647.653564453125,645.2519858855318
648.6508178710938,640.6723333259192,641.8690795898438,649.0497055757487
658.2249755859375,651.2438016024503,648.6508178710938,661.6158558691767
659.222412109375,662.2143443882375,658.2249755859375,663.0540600821444
660.818115234375,658.2251314890386,659.222412109375,662.7589268625337
675.1793212890625,660.8180233415992,660.818115234375,678.2679773275156
670.5917358398438,673.9825556811123,675.1793212890625,678.7696348441476
664.208984375,668.5971761877473,670.5917358398438,669.7939004357513
659.8207397460938,665.6051905465152,664.208984375,667.9717947333821
657.4271850585938,661.2169533106063,659.8207397460938,664.2088852260389
668.1981201171875,659.2223244738223,657.4271850585938,670.2436295355878
660.2196044921875,667.9986148482566,668.1981201171875,668.1980891386188
657.227783203125,661.6159748445422,660.2196044921875,662.4606819524344
654.8341674804688,654.8341674804688,657.227783203125,661.4164544844513
662.4137573242188,654.4352719866697,654.8341674804688,666.2035256853521
658.2249755859375,660.4190710120919,662.4137573242188,661.4163815811615
657.227783203125,655.2331617063022,658.2249755859375,658.6240425993079
651.6428833007812,659.0229464969449,657.227783203125,662.8127152594094
660.4191284179688,651.2438582107815,651.6428833007812,664.6078453463599
661.41650390625,660.02024450292,660.4191284179688,663.0121767634691
647.05517578125,658.4245422114873,661.41650390625,660.219689313363
656.62939453125,647.0551752113213,647.05517578125,656.62939453125
662.21435546875,655.6321286935224,656.62939453125,665.8046499150524
660.2196044921875,663.0120619442371,662.21435546875,663.0120619442371
654.634765625,656.4299127047549,660.2196044921875,664.3116742363376
663.4110717773438,654.4352757213782,654.634765625,665.8045808696602
663.0120239257812,663.2114982047052,663.4110717773438,668.1980508227857
662.812744140625,665.00684011061,663.0120239257812,667.200936080595
657.227783203125,666.2035799388278,662.812744140625,666.6025285865993
657.227783203125,660.4191897722451,657.227783203125,663.8100097942335
656.62939453125,653.8368758518865,657.227783203125,658.0255929999169
656.62939453125,657.6267052393041,656.62939453125,664.0094572482417
662.21435546875,658.0256380340511,656.62939453125,662.21435546875
635.08740234375,643.6643103563915,662.21435546875,650.8179932691872
642.2681274414062,639.8745572764473,635.08740234375,649.8476648454132
638.4783325195312,633.491778939827,642.2681274414062,648.6509139963309
642.467529296875,638.8771744544273,638.4783325195312,649.2492295045948
639.0765991210938,640.2733839756232,642.467529296875,643.0658413888547
641.4702758789062,644.2627337581439,639.0765991210938,646.2573552248873
648.6508178710938,645.0604633031613,641.4702758789062,649.4486541514099
650.6455078125,654.8341639448578,648.6508178710938,654.9947416766074
653.637451171875,650.0470961619849,650.6455078125,654.838192791072
648.8502807617188,657.626663127401,653.637451171875,657.626663127401
649.6482543945312,646.2573734569978,648.8502807617188,656.6294297250852
634.090087890625,642.666995851667,649.6482543945312,648.8502730755916
638.2787475585938,636.4836007552861,634.090087890625,643.4647745567083
637.08203125,638.8771782463732,638.2787475585938,640.6723861137576
639.6751098632812,643.8637661230683,637.08203125,644.8610768270204
639.6751098632812,638.6777991593291,639.6751098632812,641.6697312711854
623.5186157226562,628.3056945545844,639.6751098632812,633.0927733865127
635.08740234375,625.7127188656202,623.5186157226562,635.8852386802488
637.08203125,635.4863585578931,635.08740234375,638.278816204586
648.4514770507812,638.6778436454857,637.08203125,648.6509513796688
647.4541015625,653.2384912959562,648.4514770507812,656.8287853729946
