open,close,average
497.58306884765625,497.58306884765625,497.58306884765625
507.0537518324955,503.1322937011719,505.09302276683366
503.1322937011719,503.1322937011719,503.1322937011719
503.1322937011719,503.1322937011719,503.1322937011719
499.4327392578125,499.4327392578125,499.4327392578125
496.3991989379463,503.1322937011719,499.7657463195591
501.2824401855469,501.2824401855469,501.2824401855469
492.0336679666044,499.4327392578125,495.73320361220846
501.2824401855469,501.2824401855469,501.2824401855469
499.4327392578125,499.4327392578125,499.4327392578125
492.0337165097852,484.634765625,488.3342410673926
484.634765625,484.634765625,484.634765625
480.9352416992188,480.9352416992188,480.9352416992188
480.9352416992188,480.9352416992188,480.9352416992188
480.9352416992188,480.9352416992188,480.9352416992188
492.0336669075573,480.9352416992188,486.484454303388
469.8367675495999,458.73822021484375,464.2874938822218
450.2293907581816,453.18896484375,451.7091778009658
455.4086681210001,453.18896484375,454.2988164823751
453.18896484375,453.18896484375,453.18896484375
453.18896484375,453.18896484375,453.18896484375
443.94019207087473,451.3392639160156,447.6397279934452
440.240716716504,451.3392639160156,445.78999031625983
443.94019171110506,432.8416748046875,438.3909332578963
432.8416748046875,432.8416748046875,432.8416748046875
425.4427096630746,423.5929870605469,424.5178483618107
408.4249910849589,416.5638427734375,412.4944169291982
412.4944152832031,412.4944152832031,412.4944152832031
407.3151260882334,416.19384765625,411.7544868722417
418.7095778003477,416.19384765625,417.4517127282989
416.19384765625,416.19384765625,416.19384765625
417.3037666778076,423.5929870605469,420.4483768691772
432.8416909254882,423.5929870605469,428.2173389930175
425.8126602404003,423.5929870605469,424.7028236504736
419.8935241699219,419.8935241699219,419.8935241699219
423.5929870605469,423.5929870605469,423.5929870605469
425.442626953125,425.442626953125,425.442626953125
428.0322804909527,425.442626953125,426.7374537220388
427.66241312702897,423.5929870605469,425.6277000937879
432.8417181535135,429.1422424316406,430.99198029257707
436.5412292480469,436.5412292480469,436.5412292480469
434.69146728515625,434.69146728515625,434.69146728515625
434.69146728515625,434.69146728515625,434.69146728515625
439.1307961293717,435.0613708496094,437.0960834894905
443.9402182707211,456.8884887695313,450.4143535201262
462.4376476637184,473.53619384765625,467.9869207556873
434.6915211131775,477.2357482910156,455.96363470209656
484.634765625,484.634765625,484.634765625
484.6348042291346,517.9302978515625,501.28255104034855
529.0287708400589,521.6296997070312,525.329235273545
517.9302978515625,517.9302978515625,517.9302978515625
512.0110904286314,503.502197265625,507.7566438471282
513.1209246561643,508.6814575195313,510.9011910878478
506.8317565917969,506.8317565917969,506.8317565917969
508.3114272905382,509.7912292480469,509.0513282692925
517.9303123043464,527.1791381835938,522.5547252439701
537.9076453761919,527.1791381835938,532.5433917798928
519.1879930848635,523.4794311523438,521.3337121186037
527.1791381835938,527.1791381835938,527.1791381835938
530.878444264335,527.5489501953125,529.2136972298238
529.398699932731,523.4794311523438,526.4390655425374
510.531323011866,506.8317565917969,508.6815398018314
517.9302741473946,506.8317565917969,512.3810153695957
515.3406806192917,506.8317565917969,511.0862186055443
495.7332641804036,499.4327392578125,497.583001719108
499.4327392578125,499.4327392578125,499.4327392578125
510.5313358754347,503.1322937011719,506.8318147883033
514.230852398587,517.9302978515625,516.0805751250748
521.6296997070312,521.6296997070312,521.6296997070312
520.5197896075907,516.0804443359375,518.300116971764
524.2194324489419,525.3292236328125,524.7743280408772
532.7282958815063,525.3292236328125,529.0287597571594
526.4390869140625,526.4390869140625,526.4390869140625
514.2307288889792,523.4794311523438,518.8550800206615
514.2309413415297,522.73974609375,518.4853437176398
529.0289679857675,522.73974609375,525.8843570397587
515.7105518233582,521.6296997070312,518.6701257651947
521.6296997070312,521.6296997070312,521.6296997070312
521.6296997070312,521.6296997070312,521.6296997070312
521.6296997070312,521.6296997070312,521.6296997070312
523.4794311523438,523.4794311523438,523.4794311523438
532.5875769049508,516.0804443359375,524.3340106204441
519.7799682617188,519.7799682617188,519.7799682617188
510.5313358754347,503.1322937011719,506.8318147883033
492.0336468937904,501.2824401855469,496.6580435396686
506.8317565917969,506.8317565917969,506.8317565917969
499.4328180401941,503.1322937011719,501.282555870683
492.03370386292914,488.334228515625,490.183966189277
493.5135061154908,488.334228515625,490.9238673155579
495.7332970247463,493.8834533691406,494.8083751969435
506.6578619765097,493.8834533691406,500.2706576728252
503.1322114412146,504.9819641113281,504.0570877762714
490.1839599609375,490.1839599609375,490.1839599609375
484.6346857042337,471.31646728515625,477.97557649469496
479.455317973068,471.31646728515625,475.38589262911216
469.8367309570313,469.8367309570313,469.8367309570313
464.28753662109375,464.28753662109375,464.28753662109375
473.5362402082421,464.28753662109375,468.911888414668
464.28753662109375,464.28753662109375,464.28753662109375
464.28753662109375,464.28753662109375,464.28753662109375
469.83670713299193,462.8075866699219,466.3221469014569
462.8075866699219,462.8075866699219,462.8075866699219
473.5361820567258,462.8075866699219,468.17188436332384
473.53622757275633,467.9869995117188,470.7616135422376
455.038744815392,458.73822021484375,456.88848251511786
450.969318847585,458.73822021484375,454.8537695312144
461.7718595697396,461.6978149414063,461.734837255573
466.8771997789773,466.1372985839844,466.5072491814808
471.31646728515625,471.31646728515625,471.31646728515625
471.31646728515625,471.31646728515625,471.31646728515625
470.2066650390625,470.2066650390625,470.2066650390625
470.2066650390625,470.2066650390625,470.2066650390625
480.93526128536007,470.2066650390625,475.5709631622113
470.2066650390625,470.2066650390625,470.2066650390625
463.17754190353577,470.946533203125,467.0620375533304
469.466796875,469.466796875,469.466796875
471.68646240234375,471.68646240234375,471.68646240234375
468.72686724182233,473.53619384765625,471.1315305447393
480.9352592242845,489.4440612792969,485.18966025179066
484.6347320398593,490.1839599609375,487.4093460003984
480.9352463412516,474.6460266113281,477.7906364762899
464.2875023737169,474.6460266113281,469.46676449252254
484.634765625,484.634765625,484.634765625
482.785043045854,484.634765625,483.70990433542704
495.7332130177329,496.4731140136719,496.1031635157024
492.7735688531472,494.6233215332031,493.6984451931752
489.0740937771329,494.6233215332031,491.848707655168
490.9238700290256,492.03369140625,491.4787807176378
490.9238352454516,488.7041320800781,489.8139836627648
488.3342615278619,487.5943603515625,487.96431093971216
488.3342260746832,489.0741271972656,488.7041766359744
488.3342195680228,486.4844970703125,487.4093583191676
484.634744288503,486.4844970703125,485.5596206794078
488.3342195680228,486.4844970703125,487.4093583191676
486.4845388712153,487.5943603515625,487.0394496113889
488.3342615278619,487.5943603515625,487.96431093971216
484.6347119685437,482.4150390625,483.5248755155218
487.9643057530979,480.1954040527344,484.07985490291617
487.9643057530979,480.1954040527344,484.07985490291617
482.7850791104164,478.3455810546875,480.565330082552
487.2243798876534,482.7850036621094,485.0046917748814
480.9353147748847,477.2357482910156,479.0855315329502
476.1258287670288,474.6460266113281,475.38592768917846
473.53620070803385,480.9352416992188,477.2357212036263
479.8254271632477,478.7154846191406,479.27045589119416
471.68646240234375,471.68646240234375,471.68646240234375
479.8253857789904,463.1775512695313,471.5014685242609
473.5362060683546,469.8367309570313,471.68646851269295
481.6751574453393,471.68646240234375,476.6808099238416
466.6921393268515,473.53619384765625,470.11416658725386
471.3164906676881,473.53619384765625,472.42634225767216
466.1372177573453,476.86572265625,471.5014702067977
465.3973684517917,470.2066650390625,467.8020167454271
466.1372818524711,480.1954040527344,473.1663429526028
488.33420898959264,499.0628051757813,493.698507082687
501.6524951340565,497.58306884765625,499.6177819908564
489.814052463758,500.1726989746094,494.9933757191837
504.98202622435656,500.1726989746094,502.57736259948297
502.02237751121646,494.9933776855469,498.5078775983817
489.0740387107064,497.952880859375,493.5134597850407
503.1321735084966,492.7735290527344,497.9528512806155
497.5830029543125,494.2533874511719,495.9181952027422
494.25336910481866,490.5538940429688,492.4036315738937
490.553834084528,509.7912292480469,500.17253166628745
506.83177978801785,517.9302978515625,512.3810388197902
521.629687985567,520.5198364257812,521.0747622056741
517.9302248359759,540.127197265625,529.0287110508004
540.1271296785313,556.77490234375,548.4510160111406
553.0755807698037,560.8446044921875,556.9600926309956
561.5844042078627,545.3065795898438,553.4454918988532
540.2810649967863,536.2105102539062,538.2457876253463
540.2810630494704,532.8800048828125,536.5805339661415
529.1795060922093,532.8800048828125,531.0297554875109
529.5495643593775,536.9506225585938,533.2500934589857
536.5805680775924,540.2810668945312,538.4308174860619
540.2811873408207,534.3603515625,537.3207694516603
532.8800086752017,540.2810668945312,536.5805377848665
525.4788272299385,535.8404541015625,530.6596406657504
529.1795650827153,528.439453125,528.8095091038576
528.4394508248282,525.4788818359375,526.9591663303829
528.4393870248675,520.6681518554688,524.5537694401681
521.7783408166694,503.2755737304688,512.5269572735691
510.67672297476616,503.2755737304688,506.9761483526175
499.57504454740985,503.2755737304688,501.4253091389393
505.8660582349424,505.4960021972656,505.681030216104
499.57504454740985,503.2755737304688,501.4253091389393
503.2755149503169,506.9760437011719,505.1257793257444
511.4168678585384,507.71624755859375,509.56655770856605
511.7868310432693,506.9760437011719,509.3814373722206
502.5354031416013,506.9760437011719,504.7557234213866
513.2670546607005,506.9760437011719,510.1215491809362
502.5354031416013,506.9760437011719,504.7557234213866
503.2755149503169,506.9760437011719,505.1257793257444
505.4958781105781,501.0552673339844,503.27557272228125
489.5834977520436,492.9139709472656,491.2487343496546
485.1429187393845,495.8745727539063,490.5087457466455
498.8350531881644,501.7954711914063,500.31526218978536
506.23596304014825,508.0862426757813,507.1611028579648
503.2756982891818,510.6768493652344,506.9762738272081
514.0072645079331,517.707763671875,515.857514089904
515.1173356877067,509.1963806152344,512.1568581514705
509.1964385989989,503.2755737304688,506.23600616473385
498.4649328964509,494.0242004394531,496.244566667952
506.60613781839015,499.205078125,502.9056079716951
501.4253520245453,495.8745727539063,498.6499623892258
498.83498888574576,494.0242004394531,496.4295946625994
495.8745727539063,495.8745727539063,495.8745727539063
497.35479689179374,495.5045471191406,496.4296720054672
488.1033326842627,488.473388671875,488.2883606780688
488.4734538595156,501.7954711914063,495.13446252546095
500.31509194677295,496.984619140625,498.649855543699
506.9760437011719,506.9760437011719,506.9760437011719
504.0156267590325,506.9760437011719,505.4958352301022
512.5270341620337,504.0157165527344,508.271375357384
499.5751037597656,499.5751037597656,499.5751037597656
506.9761626760368,498.8349914550781,502.9055770655575
503.2756333814314,499.5751037597656,501.4253685705985
492.91406530251,499.205078125,496.05957171375496
506.6061073375122,500.3152160644531,503.46066170098266
502.5354585606594,496.6146240234375,499.57504129204847
488.47339236031394,495.8745727539063,492.1739825571101
499.9450360468984,496.984619140625,498.4648275937617
504.3858013557502,499.5751037597656,501.9804525577578
496.6146835700242,494.7643127441406,495.6894981570824
501.79543572115966,488.8434753417969,495.3194555314783
492.1739487182361,487.7333068847656,489.9536278015008
491.8038921220207,486.9931945800781,489.3985433510494
488.4733515985077,475.8914489746094,482.1824002865585
474.0412290783433,473.6711730957031,473.8562010870232
475.891444316892,466.2700500488281,471.08074718286
473.67110354708274,459.6089782714844,466.6400409092836
462.5695214637241,468.490478515625,465.52999998967454
468.4903637168922,481.072265625,474.7813146709461
484.77279471701183,481.072265625,482.9225301710059
481.0723264931079,480.7022705078125,480.8872985004602
484.7728232742465,477.7417297363281,481.25727650528734
481.0723264931079,480.7022705078125,480.8872985004602
477.74175872737794,474.4112548828125,476.0765068050952
481.0723531426219,471.4508666992188,476.2616099209204
477.00161685318864,475.8914489746094,476.446532913899
470.71072523458207,473.6711730957031,472.19094916514257
468.120361328125,468.120361328125,468.120361328125
469.9706061696056,460.34912109375,465.1598636316778
469.9706968342407,451.0978698730469,460.5342833536438
449.2475291422584,451.4678649902344,450.3576970662464
451.09784346245584,462.9395446777344,457.0186940700951
469.2305234443704,455.9085083007813,462.56951587257583
468.1203565449736,458.4988708496094,463.3096136972915
451.46789664855,454.7983703613281,453.1331335049391
455.16833244878455,450.7276916503906,452.9480120495876
450.3577582055759,452.2080383300781,451.282898267827
457.38867147347935,456.6485595703125,457.0186155218959
466.2700768379985,458.8689270019531,462.5695019199758
460.3491510862178,459.2389831542969,459.7940671202573
464.4197647884091,457.7586975097656,461.08923114908737
459.2389798726925,451.4678649902344,455.3534224314634
463.3096002309503,461.8293762207031,462.5694882258267
463.6795977720418,466.2700500488281,464.97482391043496
469.6005555849031,470.3406372070313,469.9705963959672
473.3010848966002,469.9706115722656,471.6358482344329
471.8209188881581,462.5694885253906,467.1952037067744
469.97057455675554,459.6089782714844,464.78977641412
460.34914972258207,455.9085083007813,458.12882901168166
458.8689814353978,439.6260986328125,449.2475400341052
437.40576171875,437.40576171875,437.40576171875
442.586481574484,432.5949401855469,437.5907108800154
436.6656181591682,435.1853942871094,435.9255062231388
432.9649786689735,456.6485595703125,444.80676911964304
452.2079788314021,455.9085083007813,454.0582435660917
457.3887004900178,452.9480590820313,455.16837978602456
455.9085094773555,458.8689270019531,457.3887182396543
460.7192387821636,462.199462890625,461.4593508363943
464.0496803895456,458.8689270019531,461.4593036957493
458.8689580453985,460.7192077636719,459.7940829045352
455.1683680417155,460.34912109375,457.7587445677327
457.75876357283937,468.120361328125,462.9395624504822
469.9705855493212,478.8518371582031,474.41121135376216
481.072265625,481.072265625,481.072265625
479.5919490321247,478.8518371582031,479.2218930951639
486.2531119365329,484.0327758789063,485.1429439077196
486.9931303478544,481.072265625,484.0326979864272
483.292724609375,483.292724609375,483.292724609375
488.1032678705498,481.072265625,484.5877667477749
481.07235928092575,487.7333068847656,484.4028330828457
488.47339008364565,492.1739196777344,490.32365488069
491.4338073730469,491.4338073730469,491.4338073730469
489.9536124569684,488.1033325195313,489.02847248824986
489.2135000451034,486.6231384277344,487.9183192364189
484.7727942853174,480.3321533203125,482.5524738028149
486.9931023218446,485.8829345703125,486.43801844607856
488.4734504147699,490.69378662109375,489.5836185179318
496.2446249971937,488.473388671875,492.3590068345344
484.7728590884815,488.473388671875,486.62312388017824
487.36328116698047,487.7333068847656,487.548294025873
485.5130011143962,487.7333068847656,486.62315399958095
488.47329569783005,485.8829345703125,487.1781151340713
486.9931950141555,488.473388671875,487.73329184301525
489.2134075321848,485.8829345703125,487.5481710512487
487.7332430650845,481.4423522949219,484.5877976800032
492.5440011449555,479.2219848632813,485.8829930041184
476.6316212255179,473.3011474609375,474.9663843432277
469.97057862550486,465.8999633789063,467.9352710022056
465.9000244665975,465.5299987792969,465.7150116229472
469.97067231329225,469.2305603027344,469.6006163080133
469.2304755938397,481.072265625,475.1513706094198
484.772860489557,492.1739196777344,488.47339008364565
494.02429189764666,493.65423583984375,493.8392638687452
494.3941972678513,496.24456787109375,495.3193825694725
492.1738927364705,498.46490478515625,495.3193987608134
504.01574471304326,498.0948791503906,501.0553119317169
488.47342401784783,501.4253845214844,494.9494042696661
503.2756333814314,499.5751037597656,501.4253685705985
495.8745741380999,499.5751037597656,497.7248389489328
499.5751318664702,494.394287109375,496.9847094879226
492.9140353283927,499.5751037597656,496.2445695440791
500.6852722167969,500.6852722167969,500.6852722167969
503.645689372871,499.5751037597656,501.6103965663183
498.09484390636334,489.2134704589844,493.6541571826739
486.9931356285006,491.063720703125,489.0284281658128
489.9535858031978,495.1344299316406,492.5440078674192
499.2050463748357,495.8745727539063,497.539809564371
496.9847363608592,486.6231384277344,491.8039373942968
492.544067666435,493.65423583984375,493.0991517531394
495.1344570343567,488.473388671875,491.8039228531159
481.8124395709848,483.6626892089844,482.7375643899846
486.2530407881392,464.7898559570313,475.52144837258527
469.9706402469254,465.5299987792969,467.7503195131112
469.2305903267664,467.7503662109375,468.4904782688519
471.8208306425643,470.7106628417969,471.26574674218057
482.5525798118943,479.2219848632813,480.8872823375878
478.1117856966013,477.7417297363281,477.9267577164648
478.8519356524793,495.5045471191406,487.17824138581
495.5045471191406,495.5045471191406,495.5045471191406
490.6937595115857,499.205078125,494.9494188182929
497.3547334543504,492.5439453125,494.9493393834253
492.1739196777344,492.1739196777344,492.1739196777344
490.6937288793296,497.7248229980469,494.2092759386883
496.9847421124186,499.5751037597656,498.2799229360921
496.9847143761696,505.865966796875,501.4253405865224
508.4563580869616,504.3857727050781,506.4210653960199
501.7954118407909,506.2360534667969,504.01573265379386
496.9846251616803,506.9760437011719,501.98033443142606
507.71615699347785,509.1963806152344,508.4562688043561
505.1257883524189,496.984619140625,501.055203746522
497.3547664228026,495.8745727539063,496.6146695883545
506.2361133426359,501.7954711914063,504.0157922670211
498.4649666990995,501.4253845214844,499.9451756102919
493.6541183766444,502.5354919433594,498.0948051600019
501.7954097384334,500.3152160644531,501.0553129014432
498.4648706792984,492.9139709472656,495.689420813282
496.9846771996032,492.9139709472656,494.9493240734344
495.8746020366081,494.394287109375,495.1344445729916
492.5439756664162,492.1739196777344,492.35894767207526
492.1739196777344,492.1739196777344,492.1739196777344
479.96216292942273,492.1739196777344,486.0680413035785
490.32370051378393,491.8039245605469,491.0638125371654
489.2135006470997,488.473388671875,488.8434446594873
487.7333381111515,489.9536743164063,488.8435062137789
478.85181155849415,485.8829345703125,482.3673730644033
486.9931945800781,486.9931945800781,486.9931945800781
481.4423234641729,484.7727966308594,483.1075600475161
486.6230748413914,481.8123779296875,484.2177263855394
479.9621565734911,477.3717041015625,478.6669303375268
480.7022641458126,467.01019287109375,473.8562285084532
467.7502684105421,456.6485595703125,462.1994139904273
462.939509508637,451.8379211425781,457.3887153256076
451.4678055415017,454.42822265625,452.9480140988759
454.428314360716,454.7983703613281,454.6133423610221
453.6882322945602,453.3181762695313,453.5032042820458
451.0977741576295,444.4367065429688,447.7672403502992
447.0270952429159,438.8858947753906,442.9564950091533
441.1062331161898,444.066650390625,442.58644175340737
443.3265657465399,436.6656188964844,439.99609232151215
439.99606527850415,444.066650390625,442.0313578345646
448.1373307981539,451.0978698730469,449.6176003356004
451.837920964897,451.4678649902344,451.65289297756567
454.7983668908154,447.0271606445313,450.91276376767337
453.6881352766268,444.066650390625,448.8773928336259
447.7671795568507,444.066650390625,445.91691497373785
449.9877290756067,440.7362976074219,445.3620133415143
448.1372300088273,433.3351135253906,440.736171767109
430.0045760794121,425.9339904785156,427.9692832789639
424.0837400717083,423.7136840820313,423.8987120768698
422.97357052577536,419.6430969238281,421.30833372480174
417.79278305980847,413.72210693359375,415.7574449967011
414.46228055144206,415.202392578125,414.83233656478353
417.0525808505195,414.832275390625,415.9424281205722
418.9029851108459,420.0131530761719,419.4580690935089
418.1629333496094,418.1629333496094,418.1629333496094
417.7927845844947,417.0525817871094,417.4226831858021
423.34362867776906,425.5639343261719,424.45378150197047
425.1939086287131,425.5639343261719,425.3789214774425
422.2334597985589,422.97357177734375,422.6035157879513
425.5639330818876,422.23345947265625,423.898696277272
427.4142142771159,425.5639343261719,426.4890743016439
422.9736322671387,420.3832702636719,421.6784512654053
429.2644920341023,419.6430969238281,424.4537944789652
415.942499997017,399.6600646972656,407.8012823471413
400.7701948479788,381.1572570800781,390.96372596402847
387.07820919194455,371.1657104492188,379.1219598205817
362.6545391733565,356.7336730957031,359.6941061345298
348.14822392551173,347.482177734375,347.81520082994336
350.072597224692,338.9709167480469,344.52175698636944
343.9296860279123,341.7832946777344,342.85649035282336
340.1550512791357,378.9368896484375,359.5459704637866
368.05731704940416,381.1572570800781,374.6072870647412
391.8888471407363,378.19677734375,385.0428122422432
378.196806435405,374.8663330078125,376.5315697216088
381.1572249635408,377.4566955566406,379.3069602600907
380.4170800624981,374.4962158203125,377.4566479414053
365.984988421576,372.2760009765625,369.1304946990692
370.0555536875716,394.8493041992188,382.4524289433952
381.8973434919541,391.1487731933594,386.5230583426567
382.6374828103831,385.9679565429688,384.302719676676
395.9594443204286,400.4000854492188,398.1797648848237
408.5413753772925,394.8493041992188,401.6953397882557
400.7701691960457,394.1091918945313,397.4396805452885
396.69952253391307,394.4791870117188,395.5893547728159
398.1798076465689,394.1091918945313,396.1444997705501
405.5809870741826,388.5584411621094,397.069714118146
392.25894129873,391.5188293457031,391.8888853222165
384.8577270507813,384.8577270507813,384.8577270507813
383.5323533433908,373.9070739746094,378.7197136590001
376.4986045598628,370.57525634765625,373.5369304537595
372.42634573709694,377.6091613769531,375.017753557025
366.50304311955904,372.4263916015625,369.4647173605608
364.20773013297634,384.64306640625,374.4253982696132
384.272800577988,381.3111572265625,382.7919789022752
379.4602230387915,385.0132446289063,382.2367338338489
385.0132493132799,382.0516357421875,383.5324425277337
385.0132096952887,377.6091613769531,381.3111855361209
381.68132642441,373.9070739746094,377.7942001995097
372.79656064573777,378.7198181152344,375.7581893804861
367.6876919109195,368.7242126464844,368.20595227870194
368.7242104021981,368.4281005859375,368.5761554940678
363.9115654047273,364.50390625,364.2077358273637
362.8010076974672,364.2817993164063,363.5414035069367
354.1381687414306,362.8009948730469,358.46958180723874
369.686699358612,355.3227844238281,362.5047418912201
355.3967590332031,355.3967590332031,355.3967590332031
343.8464726445326,351.5467529296875,347.69661278711004
339.700171524087,336.960693359375,338.330432441731
351.3986156781595,333.9989624023437,342.6987890402516
327.11310895564526,355.3967590332031,341.25493399442416
355.3968493722384,355.248779296875,355.3228143345567
355.3228127496036,351.6947631835937,353.5087879665987
340.8107087287684,355.3967590332031,348.10373388098577
353.8420458627947,368.2800598144531,361.061052838624
370.2051048629488,366.2069396972656,368.2060222801072
358.8027097044319,386.8642272949219,372.8334684996769
390.56634227680513,386.8642272949219,388.7152847858635
381.6814193485312,384.2728576660156,382.9771385072734
382.79205322265625,382.79205322265625,382.79205322265625
368.50218699886295,374.2773742675781,371.3897806332205
382.4217371920023,373.9070739746094,378.1644055833058
369.5387040477204,384.2728576660156,376.905780856868
379.0900202139375,388.7153930664063,383.9027066401719
381.3111605446472,381.6813659667969,381.49626325572206
388.34518941084445,392.41741943359375,390.3813044222191
392.41741943359375,392.41741943359375,392.41741943359375
385.0131968185605,386.4940185546875,385.753607686624
379.8304326963812,368.13189697265625,373.9811648345187
377.2389507806353,370.20501708984375,373.7219839352396
367.98382568359375,367.98382568359375,367.98382568359375
359.2470324954171,382.79205322265625,371.0195428590367
370.20500988542346,359.0989074707031,364.6519586780633
352.8794910225798,384.64306640625,368.7612787144149
380.20059431151,370.20501708984375,375.2028057006769
361.9125138720963,362.8009948730469,362.3567543725716
355.98913467233143,366.0588073730469,361.0239710226891
356.5815500800348,353.9160461425781,355.2487981113064
355.3228705549625,347.7706604003906,351.54676547767656
350.3619837860586,355.3967590332031,352.87937140963083
366.4290354911182,361.6903991699219,364.05971733052
364.2077045051988,364.3558654785156,364.2817849918572
407.966017551474,388.7153930664063,398.3407053089402
391.3067338425858,381.3111572265625,386.30894553457415
386.86423164605,370.20501708984375,378.5346243679469
377.9793668233664,377.6091613769531,377.79426410015975
390.9365801337838,393.8982238769531,392.4174020053685
390.5663095322416,403.5235290527344,397.044919292488
414.9998057287501,403.5235290527344,409.2616673907422
392.4174581206353,410.9277038574219,401.6725809890286
423.1444481995817,399.8214721679688,411.4829601837753
407.22560544225615,409.4468078613281,408.33620665179217
415.7402537961752,421.29339599609375,418.5168248961345
415.7403114453793,417.59130859375,416.6658100195647
410.9277038574219,410.9277038574219,410.9277038574219
419.8126039484424,400.5618591308594,410.1872315396509
402.042709478064,407.22564697265625,404.6341782253601
412.038246071648,392.0472106933594,402.0427283825037
393.5279789452385,389.4557495117188,391.4918642284787
395.7491812249023,389.4557495117188,392.60246536831056
382.05163556716496,392.41741943359375,387.2345275003794
379.4602129275899,387.2345581054688,383.34738551652936
387.60473344366096,370.20501708984375,378.9048752667524
366.57711942720414,377.239013671875,371.9080665495396
373.90721500466015,383.1622924804688,378.5347537425645
387.6048695582826,374.6476745605469,381.1262720594148
375.7582095073005,382.79205322265625,379.2751313649784
373.9072213735652,405.0044555664063,389.4558384699858
406.85542063640565,397.970458984375,402.4129398103903
390.936595657016,388.7153930664063,389.8259943617112
385.383452808138,388.7153930664063,387.04942293727214
392.04717704785486,402.0426635742188,397.0449203110368
392.7876249179316,392.41741943359375,392.6025221757627
386.4940902579049,401.6725158691406,394.0833030635228
397.2300479761251,408.3362121582031,402.7831300671641
410.187260601777,407.22564697265625,408.7064537872166
403.5236540506602,410.9277038574219,407.225678954041
400.1916756229032,406.4852294921875,403.3384525575453
395.7492337493064,405.7448120117188,400.7470228805127
400.932115997286,399.4512939453125,400.19170497129926
401.3023253914524,406.85546875,404.0788970707262
407.5958557128906,407.5958557128906,407.5958557128906
407.96592458108296,412.778564453125,410.372244517104
416.1104475708837,413.1488342285156,414.62964089969967
410.5574648809987,417.59130859375,414.0743867373743
419.8126746487917,429.4379577636719,424.6253162062318
422.7742427802172,417.2210998535156,419.9976713168664
418.7020264723256,425.7358703613281,422.2189484168268
407.5958135971374,423.5146179199219,415.5552157585296
424.9954572502193,422.0338134765625,423.5146353633909
418.33178228421616,431.6590881347656,424.9954352094909
438.3228629318459,436.842041015625,437.5824519737355
429.80807630364137,436.842041015625,433.3250586596332
430.5484478717269,432.39947509765625,431.4739614846916
438.3228879862253,432.7697448730469,435.5463164296361
431.2889113934555,427.95709228515625,429.62300183930586
432.39944207707634,428.6974182128906,430.5484301449835
425.3656902102141,421.6636352539063,423.5146627320602
392.4174079241029,415.3700866699219,403.8937472970124
412.0382495441775,420.1828308105469,416.11054017736217
420.18285161556327,419.0722351074219,419.6275433614926
423.88480793138575,418.3317565917969,421.1082822615913
420.5530027739946,416.4806518554688,418.5168273147317
418.3317565917969,418.3317565917969,418.3317565917969
418.3317910676943,415.3700866699219,416.8509388688081
409.4467461740068,412.778564453125,411.11265531356594
416.1104827888845,420.5530395507813,418.3317611698329
422.033848876178,426.1060791015625,424.0699639888703
422.0339006467975,417.961669921875,419.99778528433626
422.0337777848093,414.629638671875,418.3317082283421
420.923207240485,409.4468078613281,415.18500755090656
414.6296961979424,407.22564697265625,410.9276715852993
409.44682939921057,415.3700866699219,412.4084580345663
419.0722149375595,416.8508911132813,417.9615530254204
416.48072606000784,410.9277038574219,413.7042149587148
411.2978559400906,408.3362121582031,409.81703404914686
405.7448030598986,411.6680603027344,408.7064316813165
408.33625558827686,409.8170776367188,409.0766666124978
407.5958942745573,405.0044555664063,406.3001749204818
406.8554734332059,410.9277038574219,408.89158864531385
410.9276806685279,425.7358703613281,418.331775514928
418.7019945361652,422.0338134765625,420.3679040063639
425.3656352818216,422.4039916992188,423.8848134905202
420.92321654564506,424.2550354003906,422.5891259730179
420.9232450380307,420.5530395507813,420.738142294406
419.8126122682146,418.7019958496094,419.257304058912
418.7019945361652,422.0338134765625,420.3679040063639
418.7020172172512,407.22564697265625,412.9638320949537
410.9276145728539,414.629638671875,412.7786266223644
411.66809868527713,416.1105041503906,413.88930141783385
419.8126259073513,416.8508911132813,418.33175851031626
410.5574727787628,414.9999084472656,412.7786906130142
416.480709656645,416.1105041503906,416.2956069035178
414.6296415521664,418.3317565917969,416.4806990719816
417.22111989932057,419.44244384765625,418.3317818734884
416.4806850518103,420.1828308105469,418.3317579311786
402.7832430879506,403.8938293457031,403.33853621682687
402.78310961577046,412.778564453125,407.7808370344477
412.40849563579184,410.9277038574219,411.66809974660686
407.2256227833935,407.9660034179688,407.59581310068114
410.92762967735285,409.4468078613281,410.18721876934046
408.3362331429714,407.22564697265625,407.7809400578138
404.2639769780456,393.8982238769531,399.08110042749934
391.3067659862084,391.6769714355469,391.4918687108776
395.0088275189914,392.41741943359375,393.7131234762926
383.53240866512544,386.8642272949219,385.19831798002366
383.5325127616102,388.3452453613281,385.9388790614692
391.306808310876,386.1238708496094,388.7153395802427
386.1238655899143,392.41741943359375,389.270642511754
395.379082937185,394.638671875,395.0088774060925
398.3406750039727,388.7153930664063,393.52803403518953
380.940991524641,396.1194152832031,388.5302034039221
393.1578786866332,390.9366455078125,392.04726209722287
389.08557337478,392.78759765625,390.936585515515
392.4174516518412,389.0856323242188,390.75154198803
385.7536453100147,387.2345581054688,386.4941017077417
383.5324654467834,372.4263916015625,377.9794285241729
376.1284315255183,349.7697448730469,362.9490881992826
355.54506491330903,350.8804931640625,353.21277903868577
354.65641396952446,362.8009948730469,358.72870442128567
357.025893550198,362.2828063964844,359.6543499733412
362.8010182198733,365.4664916992188,364.1337549595461
363.6894235915412,367.2433776855469,365.466400638544
363.985664798425,358.06231689453125,361.0239908464781
363.24526807088,356.1373291015625,359.69129858622125
355.6930763038865,344.290771484375,349.9919238941308
346.21573745846985,336.8865661621094,341.55115181028964
341.18093120711853,336.8865661621094,339.03374868461395
336.8866935729752,326.7430725097656,331.8148830413704
331.85187806513045,329.48260498046875,330.6672415227996
331.1114026768768,325.7064208984375,328.4089117876572
325.70645482893246,319.0428161621094,322.3746354955209
318.3764078127697,311.7127685546875,315.0445881837286
313.2675869768597,303.5682373046875,308.41791214077364
305.2711030035729,300.0882568359375,302.6796799197552
302.6796558515251,306.011474609375,304.34556523045006
306.4557835858425,320.671630859375,313.56370722260874
316.5253393851256,321.1158447265625,318.82059205584403
329.63059696358084,324.1515197753906,326.89105836948573
322.0043932797938,314.970458984375,318.4874261320844
315.41475431403126,317.7840270996094,316.5993907068203
319.26479904759685,308.7509765625,314.0078878050484
313.2675621022599,343.2541809082031,328.26087150523153
335.7760157999248,337.4789428710937,336.62747933550924
340.8108048141811,349.3995361328125,345.1051704734968
350.2139910392952,364.2817993164063,357.24789517785075
363.7635448559392,356.285400390625,360.0244726232821
354.65640894934535,358.802734375,356.7295716621727
360.06145679670715,335.4798278808594,347.77064233878326
341.2549992905304,340.58868408203125,340.9218416862808
342.06951670940623,352.21307373046875,347.1412952199375
349.91780397784373,355.3967590332031,352.65728150552343
363.2451981467905,355.3227844238281,359.2839912853093
355.3968657113029,360.5798034667969,357.9883345890499
360.57982404120895,352.3612976074219,356.4705608243154
363.4673975074651,362.2828063964844,362.8751019519747
368.9463974426512,360.357666015625,364.6520317291381
358.21045180644256,354.95269775390625,356.5815747801744
350.80638508053045,349.4736633300781,350.14002420530426
354.9526450147626,362.8009948730469,358.8768199439047
366.13287353515625,366.13287353515625,366.13287353515625
362.9490346332503,362.8009948730469,362.87501475314855
362.801042325113,364.7261352539063,363.7635887895096
369.68674664073137,377.6091613769531,373.6479540088423
382.0516325772956,371.3156433105469,376.6836379439212
366.5030527555585,366.6510925292969,366.57707264242765
374.2773742675781,374.2773742675781,374.2773742675781
377.979391936081,363.1711730957031,370.57528251589207
355.9152365989183,343.5503845214844,349.7328105602013
350.6582509105195,345.7715148925781,348.2148829015488
345.7716202254119,340.2925720214844,343.0320961234481
338.58955445446384,350.80633544921875,344.6979449518413
348.7332009475099,361.0239562988281,354.878578623169
368.7983053454316,364.9481201171875,366.8732127313096
366.206910459149,359.3951110839844,362.80101077156667
357.9142249318771,355.6189270019531,356.76657596691507
355.2487391181121,347.2523498535156,351.25054448581386
356.50751828263066,361.2460632324219,358.87679075752624
361.9865208491327,370.0570068359375,366.0217638425351
360.65372470794415,364.9481201171875,362.8009224125658
366.0588217423636,367.76165771484375,366.9102397286037
364.8740469517624,360.7277526855469,362.8008998186546
355.3967466340591,360.7277526855469,358.062249659803
366.4289933143489,360.4316711425781,363.4303322284635
362.7268828903233,364.4298400878906,363.57836148910695
369.5387032934823,353.0275573730469,361.2831303332646
360.1354729489586,357.3218994140625,358.7286861815105
359.91331784611106,365.3923950195313,362.6528564328212
367.61367112599737,359.6913757324219,363.6525234292096
370.2050281933963,364.5779113769531,367.3914697851747
380.2006215589319,362.8009948730469,371.5008082159894
367.90980286458273,359.0989074707031,363.5043551676429
359.09893332800345,368.94635009765625,364.02264171282985
362.7269055484192,363.5413818359375,363.1341436921783
361.3201730014851,362.8009948730469,362.060583937266
359.1729222189908,367.0953369140625,363.13412956652667
362.8009948730469,362.8009948730469,362.8009948730469
362.8010170599593,375.7582092285156,369.2796131442375
381.31123755901945,376.4986267089844,378.9049321340019
364.3582386829548,355.543701171875,359.9509699274149
362.210173637795,365.9878234863281,364.0989985620615
370.35802358628086,369.2469482421875,369.8024859142342
370.3579770446773,371.09869384765625,370.72833544616674
376.2838439941406,376.2838439941406,376.2838439941406
376.2837885797304,377.02447509765625,376.6541318386933
375.5431172140929,382.9502258300781,379.24667152208553
379.9874066022075,389.2463989257813,384.6169027639944
385.1723327636719,385.1723327636719,385.1723327636719
382.2094216881419,379.616943359375,380.9131825237585
378.13553149334143,378.5058898925781,378.3207106929598
381.0984201361745,385.1723327636719,383.1353764499232
383.3205519940048,386.65374755859375,384.9871497762993
379.6168978694484,377.7651062011719,378.6910020353101
376.6541210192808,381.4687194824219,379.06142025085137
374.8022698494093,377.7651062011719,376.2836880252906
374.8023549089053,377.02447509765625,375.9134150032808
377.7651919330688,377.02447509765625,377.3948335153625
372.5803113874223,375.17279052734375,373.876550957383
378.1355695584566,375.5430908203125,376.83933018938455
376.28378453263326,372.5802307128906,374.43200762276194
377.7651686212649,374.0616149902344,375.9133918057496
378.5058913354843,374.8023376464844,376.65411449098434
375.1727649926902,371.8395690917969,373.50616704224353
371.8395348466075,367.5432739257813,369.6914043861944
372.5802467043793,362.9508972167969,367.7655719605881
368.9506826508599,368.8765563964844,368.91361952367214
369.7655002167079,373.3209228515625,371.5432115341352
371.0987061055399,372.5802307128906,371.83946840921527
372.5801501649573,377.7651062011719,375.1726281830646
377.7651062011719,377.7651062011719,377.7651062011719
377.7652198223447,376.6541748046875,377.2096973135161
370.3580090696786,367.3951416015625,368.8765753356205
369.7655317761518,369.6173095703125,369.6914206732322
369.17295388058136,366.6544799804688,367.9137169305251
368.72845747101326,369.0988159179688,368.9136366944911
369.54337122125287,370.3580932617188,369.95073224148587
368.950651398878,364.8767395019531,366.9136954504156
361.6176195575,362.2842102050781,361.95091488128907
362.1361228727713,359.98809814453125,361.0621105086512
367.2470616922616,366.135986328125,366.6915240101933
365.2471401787389,370.2839965820313,367.7655683803851
370.3579851416264,368.2099609375,369.2839730395632
370.35805583109294,361.4695129394531,365.91378438527306
359.2472982544757,368.8765563964844,364.06192732548
368.8765595906316,377.02447509765625,372.9505173441439
377.02438953386127,377.7651062011719,377.39474786751657
375.1727323837936,375.5430908203125,375.357911602053
375.5430733674042,373.3209228515625,374.43199810948335
374.80238427463473,372.9505920410156,373.8764881578252
374.0616149902344,374.0616149902344,374.0616149902344
372.2099288983092,368.1358947753906,370.17291183685
369.024796393818,363.32122802734375,366.1730122105809
365.3952866840447,364.4323425292969,364.9138146066708
363.3953714230641,365.4693908691406,364.43238114610233
362.21018237508906,367.17291259765625,364.6915474863727
369.6173066902186,369.2469482421875,369.43212746620304
369.2469293208978,370.7283630371094,369.9876461790036
368.8025506389279,372.5802307128906,370.6913906759093
372.2098533334615,374.0616149902344,373.135734161848
369.39517619783527,369.9876708984375,369.6914235481364
369.6913730227549,369.321044921875,369.5062089723149
372.9505398056798,374.0616149902344,373.5060773979571
369.2469367645146,375.5430908203125,372.3950137924136
372.9504781811328,377.7651062011719,375.3577921911523
372.2098487972034,388.8759460449219,380.54289742106266
385.54265823420286,392.57952880859375,389.06109352139833
391.46847353768703,395.1720275878906,393.3202505627888
395.1720609968177,383.6909484863281,389.4315047415729
383.6909104253466,386.65374755859375,385.1723289919702
385.17232609314857,399.9866638183594,392.57949495575394
398.1348601016301,398.5052185058594,398.3200393037448
394.4313391078951,398.8756103515625,396.6534747297288
390.35739098494633,398.1348876953125,394.2461393401294
397.7645434770665,399.9866638183594,398.875603647713
402.5792638727376,399.9866638183594,401.28296384554847
399.9866325231959,403.6903076171875,401.8384700701917
398.5052291840694,403.6903076171875,401.0977684006284
401.468152052332,407.0235900878906,404.2458710701113
412.20852035012456,407.3939208984375,409.801220624281
403.3200057591192,399.2459716796875,401.28298871940336
399.9866325231959,403.6903076171875,401.8384700701917
403.6902915431097,405.54205322265625,404.61617238288295
407.0234983819829,414.8009643554688,410.9122313687259
411.0974222733458,408.5049133300781,409.8011678017119
408.5049946582127,415.1714172363281,411.8382059472704
408.5048843679029,412.5787963867188,410.5418403773109
412.2084631671409,419.6156921386719,415.9120776529064
416.28236767768897,414.8009643554688,415.5416660165789
418.13430061716,413.319580078125,415.72694034764254
412.5788402056151,418.13427734375,415.3565587746825
415.1712915629228,418.5045776367188,416.8379345998208
417.3934115379912,418.5045776367188,417.948994587355
414.8009835560081,421.0971374511719,417.94906050359
418.5046368901691,422.2081909179688,420.356413904069
427.3931527296632,434.4300231933594,430.91158796151126
423.3192759208902,427.3931884765625,425.3562321987264
431.83740658257625,420.7267456054688,426.2820760940225
423.6896196253895,433.3188781738281,428.5042488996088
427.0228367408735,432.2078247070313,429.6153307239524
432.9485537014355,433.6893615722656,433.31895763685054
418.1343653881301,437.7633361816406,427.9488507848854
452.07037316832105,478.6626892089844,465.3665311886528
482.4616867964458,486.2605895996094,484.3611381980276
486.2605895996094,486.2605895996094,486.2605895996094
482.8415499548472,480.1823120117188,481.51193098328304
478.6627066568117,482.4616394042969,480.5621730305543
484.74094130747886,477.9028930664063,481.3219171869426
477.14315081442265,474.1040954589844,475.6236231367035
471.06495620462994,477.1431579589844,474.1040570818071
471.0649149434239,478.6626892089844,474.86380207620414
478.6626892089844,478.6626892089844,478.6626892089844
472.5844879870277,478.6626892089844,475.62358859800605
474.8639115076089,486.2605895996094,480.5622505536092
479.8023600887365,483.981201171875,481.8917806303058
480.9421041191119,485.5007934570313,483.2214487880716
484.7410888671875,484.7410888671875,484.7410888671875
482.841500782057,498.0372009277344,490.4393508548957
493.0986728429381,493.85845947265625,493.4785661577972
497.2774611463553,496.8975830078125,497.0875220770839
497.6573294140924,496.13775634765625,496.8975428808743
493.8584704091402,487.4002990722656,490.6293847407029
484.7410163513478,486.2605895996094,485.50080297547856
485.50076426799023,490.43939208984375,487.970078178917
490.05952272026326,486.2605895996094,488.1600561599363
482.4616394042969,482.4616394042969,482.4616394042969
480.5621466204448,483.981201171875,482.2716738961599
483.22141933448455,484.361083984375,483.7912516594298
479.04258477281655,482.4616394042969,480.7521120885567
479.4224866390383,484.361083984375,481.89178531170666
479.8024184532429,486.2605895996094,483.03150402642615
486.2605191171773,478.2827758789063,482.2716474980418
478.28278165743336,471.44482421875,474.8638029380917
470.6850539982984,482.4616394042969,476.5733467012976
479.4225298293571,475.6236877441406,477.5231087867488
475.6236927974997,480.9421081542969,478.2829004758983
474.8639450806661,476.7633056640625,475.8136253723643
474.8638535023834,464.6067504882813,469.7353019953324
461.9475774560841,460.048095703125,460.99783657960455
461.94756825308406,493.47857666015625,477.7130724566201
493.8584482259956,500.3165283203125,497.087488273154
500.6964261006213,506.7747192382813,503.7355726694513
509.43394895316993,493.85845947265625,501.64620421291306
498.79707494313845,507.5345153808594,503.1657951619989
512.8528894170156,521.2105712890625,517.031730353039
512.0931316799147,501.8360290527344,506.9645803663245
512.852959802037,485.5007934570313,499.17687662953415
499.9366319985202,474.4840087890625,487.2103203937913
487.4002665168104,477.5230407714844,482.4616536441474
478.2828123557432,483.601318359375,480.9420653575591
483.9812260825005,490.81927490234375,487.4002504924221
491.5790276126796,495.3779602050781,493.4784939088789
495.3780327320925,493.85845947265625,494.6182461023744
490.819323822966,487.4002990722656,489.1098114476158
491.199234359886,485.1209411621094,488.1600877609977
486.2605241095172,478.6626892089844,482.4616066592508
479.4224660794192,477.9028930664063,478.6626795729128
478.6626892089844,478.6626892089844,478.6626892089844
476.7632251243255,482.4616394042969,479.6124322643112
481.701900172315,486.2605895996094,483.98124488596216
486.2605800662661,485.5007934570313,485.8806867616487
486.2606623427728,484.7410888671875,485.50087560498014
483.6013515738968,486.2605895996094,484.9309705867531
486.2605895996094,486.2605895996094,486.2605895996094
490.8192872166389,482.0817565917969,486.4505219042179
486.2605800662661,485.5007934570313,485.8806867616487
485.8807067871094,485.8807067871094,485.8807067871094
490.05952272026326,486.2605895996094,488.1600561599363
486.2605562024468,483.601318359375,484.9309372809109
486.260593763203,481.701904296875,483.981249030039
485.5007963901332,488.1600646972656,486.8304305436994
490.0595180210123,485.8807067871094,487.9701124040608
482.84155548345416,485.5007934570313,484.1711744702427
483.9812600447073,486.2605895996094,485.1209248221584
487.78013347100296,491.1991882324219,489.4896608517124
493.858396748002,496.13775634765625,494.9980765478291
496.8975946756573,500.3165283203125,498.6070614979849
501.45611572265625,501.45611572265625,501.45611572265625
501.45608248090446,498.79693603515625,500.1265092580304
501.0762916842537,498.4171447753906,499.7467182298221
492.3387756347656,492.3387756347656,492.3387756347656
501.4561522652977,494.6181945800781,498.037173422688
501.4561279618688,492.7187194824219,497.0874237221453
490.43943479767006,493.85845947265625,492.1489471351632
490.439372507264,496.13775634765625,493.2885644274601
493.47858330318746,491.5791015625,492.5288424328437
488.1600768737495,491.5791015625,489.8695892181248
494.99810595495694,497.2774353027344,496.13777062884566
492.71876794165325,489.2997131347656,491.00924053820944
490.8192653157402,490.0594787597656,490.43937203775295
488.5398791492543,504.8751831054688,496.7075311273616
503.7354770000463,499.1767883300781,501.4561326650622
499.5566896359343,496.13775634765625,497.84722299179526
496.1378193618105,493.85845947265625,494.99813941723335
488.5398433394089,492.3387756347656,490.43930948708726
495.377921471051,492.3387756347656,493.8583485529083
494.23836113174,495.7579040527344,494.9981325922372
496.1377915429207,496.5176696777344,496.32773061032754
495.75791575961136,494.2383728027344,494.99814428117287
492.338848778026,483.601318359375,487.9700835687005
486.64044360164274,484.361083984375,485.5007637930089
483.2214531641856,474.8638916015625,479.04267238287406
474.8638869227155,474.4840087890625,474.67394785588897
472.5844847494012,483.2214050292969,477.902944889349
483.9812268040928,483.601318359375,483.7912725817339
486.6404291952389,483.2214050292969,484.9309171122679
478.6627536757919,486.2605895996094,482.4616716377007
491.9589561142661,482.4616394042969,487.2102977592815
483.2214420449573,481.3219604492188,482.27170124708806
483.9812600447073,486.2605895996094,485.1209248221584
486.260530449513,483.981201171875,485.120865810694
491.57910441384536,494.2383728027344,492.90873860828987
499.5567250737327,496.5176696777344,498.0371973757335
496.897601302881,493.47857666015625,495.1880889815186
497.27742098874,496.13775634765625,496.7075886681981
515.1323472379278,546.2833251953125,530.7078362166201
545.523564141964,540.9649658203125,543.2442649811383
540.2051489042218,540.9649658203125,540.5850573622672
540.9649607446261,540.5850219726562,540.7749913586412
550.8420218776381,549.3224487304688,550.0822353040535
546.6631710388758,548.5626220703125,547.6128965545942
544.0041873464603,547.043212890625,545.5237001185426
550.8420089410706,553.1213989257812,551.9817039334259
553.8812116219824,552.7415771484375,553.31139438521
551.9816800334822,551.221923828125,551.6018019308036
551.6018762654978,547.4230346679688,549.5124554667333
551.9816524621366,553.881103515625,552.9313779888807
554.6409875691438,559.19970703125,556.9203473001969
557.300222605604,556.5404663085938,556.9203444570988
558.0601105663492,562.2389526367188,560.1495316015339
565.2779908932665,563.3784790039062,564.3282349485864
566.7976586988638,570.9763793945312,568.8870190466976
570.9763363095337,567.5572509765625,569.2667936430481
562.6187325072232,564.1383056640625,563.3785190856429
567.5573172858523,582.7530517578125,575.1551845218323
585.4122962281232,570.9763793945312,578.1943378113272
573.2557419081473,573.6356201171875,573.4456810126674
575.1551224430995,567.9371948242188,571.5461586336592
567.1774391306303,562.9987182617188,565.0880786961745
561.0991485028962,558.4398803710938,559.769514436995
559.5796931639865,562.9987182617188,561.2892057128527
561.859031827007,573.6356201171875,567.7473259720973
571.7361023931113,568.3170776367188,570.026590014915
571.7360742283549,566.0377807617188,568.8869274950368
558.4398803710938,558.4398803710938,558.4398803710938
562.2387060485563,566.7974243164062,564.5180651824812
567.1774298308237,562.2389526367188,564.7081912337712
562.6187325072232,564.1383056640625,563.3785190856429
562.9987087434539,577.0546264648438,570.0266676041488
576.2947651387988,568.6968994140625,572.4958322764306
580.0936898466385,585.0322875976562,582.5629887221473
579.7139140017872,573.6356201171875,576.6747670594873
551.7968909691184,554.0770263671875,552.936958668153
545.716555167623,557.87744140625,551.7969982869365
558.6374581607397,555.2172241210938,556.9273411409167
554.0770783424806,548.376708984375,551.2268936634277
551.7969019232603,562.8176879882812,557.3072949557708
560.1575577901099,577.2586669921875,568.7081123911487
580.2988423790733,576.4985961914062,578.3987192852398
577.2585795500105,587.8993530273438,582.5789662886771
591.6995925730771,591.319580078125,591.509586325601
591.3195039165803,592.0795288085938,591.699516362587
591.3196259277545,589.03955078125,590.1795883545022
598.5400195175777,584.09912109375,591.3195703056638
587.1394332392819,579.5388793945312,583.3391563169066
578.0187276376363,569.278076171875,573.6484019047557
570.7982184506875,573.8384399414062,572.3183291960469
574.5985864020621,570.7982788085938,572.698432605328
570.7982861765789,567.3780517578125,569.0881689671958
567.3780058463658,563.5778198242188,565.4779128352923
565.4779510719708,566.2379760742188,565.8579635730948
563.1977399940711,566.998046875,565.0978934345355
566.998046875,566.998046875,566.998046875
566.6179251244786,560.157470703125,563.3876979138017
560.5374918885285,562.8176879882812,561.6775899384049
562.8177237464605,554.837158203125,558.8274409747928
553.3170314122369,552.5569458007812,552.9369886065091
553.3170475921838,554.837158203125,554.0771028976544
555.2172016188694,556.3572998046875,555.7872507117784
556.7372693544567,567.7579345703125,562.2476019623846
566.6180345636809,570.0382080078125,568.3281212857466
570.0382080078125,570.0382080078125,570.0382080078125
570.0382080078125,570.0382080078125,570.0382080078125
570.0382080078125,570.0382080078125,570.0382080078125
570.0382080078125,570.0382080078125,570.0382080078125
570.7982647086194,577.6387939453125,574.218529326966
581.8189397212724,583.3390502929688,582.5789950071205
582.9591674804688,582.9591674804688,582.9591674804688
585.2392435677905,589.03955078125,587.1393971745202
596.6400146484375,596.6400146484375,596.6400146484375
600.4402297959149,589.03955078125,594.7398902885825
589.7996149114845,599.3002319335938,594.5499234225391
598.9202112278377,596.6400146484375,597.7801129381376
595.1198263404933,591.319580078125,593.2197032093092
591.3195724708743,591.6995849609375,591.509578715906
591.3197026787643,597.400146484375,594.3599245815697
595.4998688287296,586.7593383789062,591.1296036038179
585.9992985668599,590.5595092773438,588.2794039221019
590.5595184486675,596.2599487304688,593.4097335895681
592.4596946904915,596.6400146484375,594.5498546694645
597.780029296875,597.780029296875,597.780029296875
596.2599168109657,591.6995849609375,593.9797508859516
590.5595092773438,590.5595092773438,590.5595092773438
543.4364238147356,542.2963256835938,542.8663747491646
540.3961644140976,541.15625,540.7762072070489
545.3365632908643,547.61669921875,546.4766312548072
547.2367249090926,539.6362915039062,543.4365082064994
540.396208382041,535.8358764648438,538.1160424234424
533.1757106330206,527.4752807617188,530.3254956973697
528.2353767994896,536.2159423828125,532.225659591151
538.8760977429753,535.8358764648438,537.3559871039095
535.4559024353262,536.9760131835938,536.21595780946
538.1161575750932,537.7361450195312,537.9261512973122
535.8359609288544,537.7361450195312,536.7860529741929
538.8762057038824,539.6362915039062,539.2562486038944
538.4961931320885,539.6362915039062,539.0662423179974
535.83583286794,541.15625,538.49604143397
540.3962237591287,535.0758666992188,537.7360452291737
532.0356129838973,502.7736206054688,517.4046167946831
505.05378649030337,502.7736206054688,503.9137035478861
508.85416511484055,519.1148681640625,513.9845166394515
519.8749770548061,517.974853515625,518.9249152852155
516.0746539213054,524.815185546875,520.4449197340903
524.8151474762117,523.6751098632812,524.2451286697465
528.6154931682798,524.815185546875,526.7153393575775
517.9747104648792,525.1951293945312,521.5849199297052
522.9150471541686,525.5752563476562,524.2451517509124
531.6557150028297,524.815185546875,528.2354502748524
532.03564453125,532.03564453125,532.03564453125
528.6154182447945,531.6556396484375,530.135528946616
531.2755588630245,532.03564453125,531.6556016971372
535.0758713789228,556.3572998046875,545.7165855918051
559.3976668272603,561.2977905273438,560.347728677302
556.3573371154563,551.4169921875,553.8871646514781
554.077110297422,552.9370727539062,553.5070915256641
554.837211595895,555.2172241210938,555.0272178584944
560.1575619100812,558.637451171875,559.3975065409782
560.1575619100812,558.637451171875,559.3975065409782
558.6375809533617,561.2977905273438,559.9676857403527
559.7775493896365,558.637451171875,559.2075002807558
557.8774261309858,558.637451171875,558.2574386514304
557.8774261309858,558.637451171875,558.2574386514304
558.637451171875,558.637451171875,558.637451171875
558.637451171875,558.637451171875,558.637451171875
558.2574386514304,558.637451171875,558.4474449116527
558.637451171875,558.637451171875,558.637451171875
558.637451171875,558.637451171875,558.637451171875
558.6374378219226,565.4779663085938,562.0577020652581
558.6374824712809,563.1978149414062,560.9176487063436
565.8579780511002,562.437744140625,564.1478610958626
555.9774320358218,561.2977905273438,558.6376112815828
561.6776796751868,555.2172241210938,558.4474518981403
556.3572224216742,554.0770263671875,555.2171243944308
556.357252545218,552.5569458007812,554.4570991729996
556.3573147002772,555.5972290039062,555.9772718520917
554.4571765992747,556.3572998046875,555.407238201981
558.637336661299,558.25732421875,558.4473304400244
555.9772563254365,554.837158203125,555.4072072642807
550.6570354370789,557.1174926757812,553.88726405643
557.1173782689084,556.7373657226562,556.9273719957823
558.637451171875,558.637451171875,558.637451171875
558.637451171875,558.637451171875,558.637451171875
556.3573153927797,558.637451171875,557.4973832823273
557.8774261309858,558.637451171875,558.2574386514304
558.637451171875,558.637451171875,558.637451171875
558.637451171875,558.637451171875,558.637451171875
558.6376038293844,557.1174926757812,557.8775482525828
558.2574386514304,558.637451171875,558.4474449116527
556.3573013413685,562.437744140625,559.3975227409967
558.2575152882175,560.917724609375,559.5876199487963
554.0772552553682,563.9580078125,559.017631533934
563.9578861834832,570.0382080078125,566.9980470956478
566.6179430182423,568.5180053710938,567.5679741946681
568.5180972235154,570.0382080078125,569.2781526156639
570.0382080078125,570.0382080078125,570.0382080078125
565.4780194008378,568.8981323242188,567.1880758625282
568.1380846915484,570.0382080078125,569.0881463496805
563.957854840439,562.437744140625,563.197799490532
562.8177423389118,569.278076171875,566.0479092553934
567.7579654222899,566.2379760742188,566.9979707482544
567.7579654222899,566.2379760742188,566.9979707482544
567.7580570425476,564.7179565429688,566.2380067927581
565.8581388248648,566.6181640625,566.2381514436825
563.5777672535014,566.2379760742188,564.9078716638601
561.6778108160686,563.9580078125,562.8179093142843
565.4779888609856,564.337890625,564.9079397429928
559.3976897344082,557.1174926757812,558.2575912050947
554.4571104874989,562.8176879882812,558.6373992378901
562.4376755237954,562.8176879882812,562.6276817560383
565.8580682087423,533.5558471679688,549.7069576883555
532.0356979051958,532.4157104492188,532.2257041772073
528.9955442090059,522.9151000976562,525.955322153331
524.8150872132079,526.7152709960938,525.7651791046508
530.8956384140301,539.6362915039062,535.2659649589682
554.8372282009184,563.5778198242188,559.2075240125686
565.8579002073395,560.157470703125,563.0076854552323
542.2964039697318,495.5532836914063,518.9248438305691
503.9137185666003,501.2535400390625,502.5836293028314
502.3935978329642,520.2548828125,511.32424032273207
520.8381069122092,495.7466430664063,508.29237498930775
495.3664754139167,485.862060546875,490.6142679803959
494.60609853705296,492.3250427246094,493.4655706308312
492.7051960350439,482.4404602050781,487.572828120061
483.9611736262327,470.6551208496094,477.30814723792105
475.2172200037725,482.8206481933594,479.018934098566
483.58098721064425,484.3413391113281,483.9611631609862
479.3990520220934,489.6637878417969,484.5314199319452
485.48182268666784,502.2094421386719,493.8456324126698
496.1267655535111,493.08538818359375,494.60607686855246
491.56472996108033,487.7629699707031,489.6638499658917
492.3250917929342,486.6224365234375,489.4737641581859
491.9448390911515,504.4905395507813,498.2176893209664
506.3913961042645,501.8292846679688,504.1103403861167
506.0112064660607,512.4741821289062,509.24269429748347
511.3336406736526,508.6724243164063,510.0030324950295
513.9948987379339,510.9534912109375,512.4741949744357
513.2345035222976,526.9207763671875,520.0776399447425
530.7226335195822,519.3174438476562,525.0200386836193
520.8381222664984,525.7803344726562,523.3092283695773
524.6397397983108,513.9949340820312,519.317336940171
520.0776474070568,515.1353759765625,517.6065116918096
516.2759044820738,513.2344970703125,514.7552007761931
520.8380630569623,511.3336791992188,516.0858711280905
518.1769244063735,509.432861328125,513.8048928672492
512.0940408284724,510.1931762695313,511.1436085490019
513.2345635627363,509.05267333984375,511.14361845129
510.9535058047321,505.6310424804688,508.2922741426005
507.5319580144236,496.1267700195313,501.8293640169775
498.02770677469647,487.7629699707031,492.8953383726998
488.903429862156,483.2008056640625,486.0521177631092
484.7215619784013,487.7629699707031,486.2422659745522
493.8457616398834,487.0025939941406,490.424177817012
488.523272430632,482.8206481933594,485.6719603119957
484.3414230649557,481.68017578125,483.01079942310287
487.7629928938271,485.1017456054688,486.432369249648
486.6224084473321,493.465576171875,490.04399230960354
494.2258734482345,492.7051696777344,493.46552156298446
493.4655392008541,494.2258911132813,493.8457151570677
496.8871219538669,496.1267700195313,496.5069459866991
497.2673360188433,493.465576171875,495.3664560953591
494.2258846697516,494.9862365722656,494.6060606210086
495.7466430664063,495.7466430664063,495.7466430664063
496.126734262668,500.30859375,498.217664006334
501.8292628267761,497.2672729492188,499.54826788799744
499.9283785248445,499.5482177734375,499.738298149141
499.9284728005741,495.7466430664063,497.8375579334902
498.0276328744847,492.7051696777344,495.3664012761095
494.22593228025,485.862060546875,490.04399641356247
485.86203335517376,485.48187255859375,485.6719529568837
488.9034364054182,482.4404602050781,485.6719483052482
483.58098721064425,484.3413391113281,483.9611631609862
486.6223806276428,482.4404602050781,484.5314204163605
485.1016778191917,475.21722412109375,480.1594509701428
475.2171978821221,478.2585144042969,476.7378561432095
480.1594054600716,475.21722412109375,477.6883147905827
472.1757526919087,475.5973510742188,473.88655188306376
477.8783951641882,480.5396423339844,479.2090187490863
481.6801051418765,482.8206481933594,482.250376667618
482.8206789404128,493.465576171875,488.1431275561439
498.4077855886307,497.2672729492188,497.8375292689248
499.9283785248445,499.5482177734375,499.738298149141
498.0276464979085,501.8292846679688,499.92846558293866
501.8292751078651,502.9698181152344,502.39954661154974
498.0276585351796,496.8871154785156,497.4573870068476
497.6474968335156,493.465576171875,495.5565365026953
498.4078542816442,489.2836608886719,493.845757585158
491.5647168219273,489.2836608886719,490.4241888552996
490.4241965897517,486.6224365234375,488.5233165565946
487.7629167678153,490.4241333007813,489.0935250342983
489.6638456877148,490.0440368652344,489.8539412764746
491.9448353759997,494.2258911132813,493.08536324464046
494.2258525462721,491.5646362304688,492.8952443883704
491.184504705064,488.1430969238281,489.66380081444606
492.3250265022367,494.2258911132813,493.27545880775904
491.9448353759997,494.2258911132813,493.08536324464046
494.2258911132813,494.2258911132813,494.2258911132813
494.2258711726393,510.9534912109375,502.5896811917884
511.33372189032815,517.036376953125,514.1850494217266
518.9372228317702,522.7388916015625,520.8380572166664
525.7801996928152,527.3009033203125,526.5405515065638
530.3424364286036,537.5657348632812,533.9540856459424
539.0863617262404,532.2432250976562,535.6647934119483
532.6234036653605,526.5405883789062,529.5819960221334
529.2018459148627,536.0449829101562,532.6234144125094
540.2269062471545,535.664794921875,537.9458505845148
536.0449494490263,536.4251708984375,536.2350601737319
533.7639130124621,541.367431640625,537.5656723265436
539.466621340096,542.1278076171875,540.7972144786418
546.6897234826196,543.6484375,545.1690804913098
545.1690747237704,544.4088745117188,544.7889746177445
544.7889879801861,546.3095703125,545.549279146343
545.9294095593995,546.3095703125,546.1194899359498
546.6897711869067,545.1690673828125,545.9294192848596
547.0700073242188,547.0700073242188,547.0700073242188
548.2104767798537,548.5906982421875,548.4005875110206
558.0950313581424,543.6484375,550.8717344290712
549.3509907715809,559.2355346679688,554.2932627197748
561.8969183893984,561.1365966796875,561.5167575345429
561.1365321009221,572.1614990234375,566.6490155621798
570.2606201171875,570.2606201171875,570.2606201171875
569.5002424074864,562.6572265625,566.0787344849932
562.6572808562736,563.4176025390625,563.0374416976681
567.2193337039264,570.2606201171875,568.739976910557
567.9794604351896,571.78125,569.8803552175948
559.4342757433033,561.3358764648438,560.3850761040735
557.9129638671875,557.9129638671875,557.9129638671875
559.4342852082319,551.828125,555.6312051041159
552.5885834533042,549.9263916015625,551.2574875274333
548.0249575864223,544.602294921875,546.3136262541486
548.4051629020188,543.841552734375,546.1233578181968
541.1794253309848,542.3203735351562,541.7498994330706
540.7990401385006,541.5596923828125,541.1793662606565
537.376298072813,555.631103515625,546.503700794219
552.2084208700805,551.828125,552.0182729350403
556.3917888985868,548.4052124023438,552.3985006504653
546.5037283799128,556.391845703125,551.447787041519
557.1523896461085,563.2373657226562,560.1948776843824
560.9554440511238,567.4207763671875,564.1881102091556
568.561610966672,557.9129638671875,563.2372874169298
559.4343018101675,557.1524658203125,558.2933838152401
560.194924268935,562.8571166992188,561.5260204840769
561.7160355445012,560.9553833007812,561.3357094226412
556.7721415651109,556.391845703125,556.5819936341179
558.2932848469122,553.7295532226562,556.0114190347842
551.447635416609,549.9263916015625,550.6870135090858
550.3067880211909,546.1233520507812,548.2150700359861
549.9265149422175,561.3358764648438,555.6311957035307
562.0963313155414,560.9553833007812,561.5258573081613
559.0540059288012,557.1524658203125,558.1032358745568
555.2509092340354,551.828125,553.5395171170177
557.5325671532291,548.7854614257812,553.1590142895052
544.2219364378906,551.0674438476562,547.6446901427735
547.6445419989832,549.5460815429688,548.595311770976
548.7854936350077,554.4901123046875,551.6378029698476
553.7296005401494,546.8839721679688,550.3067863540591
546.5037435994715,538.8976440429688,542.70069382122
538.8975319633627,547.2642822265625,543.0809070949626
545.3626818558611,547.2642822265625,546.3134820412117
543.841534213374,551.4476318359375,547.6445830246557
551.4476318359375,551.4476318359375,551.4476318359375
553.7294960422264,558.6735229492188,556.2015094957226
559.8146323086039,561.3358764648438,560.5752543867238
563.9981105760975,557.5328369140625,560.76547374508
558.6737143805127,567.04052734375,562.8571208621313
565.5191392482986,569.7024536132812,567.61079643079
570.0828352765068,571.984375,571.0336051382534
576.1679017299912,572.7451171875,574.4565094587456
573.125266115053,570.463134765625,571.794200440339
571.6041325418505,575.0269165039062,573.3155245228784
578.449689008395,579.5906372070312,579.0201631077132
579.2103207521967,575.7875366210938,577.4989286866453
577.6889941704799,571.984375,574.8366845852399
569.7025845483163,578.0694580078125,573.8860212780644
575.4072654796404,578.0694580078125,576.7383617437265
575.0269696046604,578.0694580078125,576.5482138062364
576.9285096812165,578.0694580078125,577.4989838445144
576.9283590127487,583.77392578125,580.3511423969994
578.4496028170423,583.77392578125,581.1117642991462
583.0134094009093,584.154296875,583.5838531379546
585.6756572261568,580.7316284179688,583.2036428220628
577.6889685961153,582.633056640625,580.1610126183701
579.9709499578952,584.9149780273438,582.4429639926195
585.6754579868797,593.2816162109375,589.4785370989086
593.2817729377579,597.4651489257812,595.3734609317696
594.0423414553239,606.5925903320312,600.3174658936775
608.4941367158456,610.015380859375,609.2547587876103
610.015380859375,610.015380859375,610.015380859375
605.4516060738606,608.8744506835938,607.1630283787272
615.7199161811371,619.1427001953125,617.4313081882249
617.6213096311049,623.3259887695312,620.473649200318
620.6640014648438,620.6640014648438,620.6640014648438
626.7488549183478,627.1292114257812,626.9390331720645
626.7488403320312,626.7488403320312,626.7488403320312
614.5790629220419,611.9169311523438,613.2479970371928
615.3396100043553,617.2411499023438,616.2903799533495
619.1427203594687,611.53662109375,615.3396707266094
606.5925307681596,593.6619873046875,600.1272590364235
586.4361359192487,582.633056640625,584.5345962799369
582.633138621141,604.3107299804688,593.4719343008048
603.5500775967297,604.3107299804688,603.9304037885993
616.4806089578802,615.3396606445312,615.9101348012057
614.5790286441796,619.1427001953125,616.8608644197461
616.8608529968516,623.7064208984375,620.2836369476445
621.0443746343074,625.9884033203125,623.5163889773099
613.4380126369647,622.1851196289062,617.8115661329355
611.9169534023157,620.6640014648438,616.2904774335798
621.4247295207022,621.04443359375,621.2345815572261
616.4804192962096,631.3125,623.8964596481048
627.5094241844864,623.3259887695312,625.4177064770088
622.9458320777989,610.7760009765625,616.8609165271807
614.5791371724778,595.9439697265625,605.2615534495201
602.0287763993831,602.7894287109375,602.4091025551603
606.2122546665682,610.3956909179688,608.3039727922685
609.6350527538495,610.7760009765625,610.205526865206
614.5789623753647,609.2546997070312,611.916831041198
610.3956563085737,630.552001953125,620.4738291308494
623.7064258504458,615.7199096679688,619.7131677592073
619.5230442374352,612.2972412109375,615.9101427241864
613.8185074733371,621.04443359375,617.4314705335436
623.7064638133895,624.847412109375,624.2769379613823
628.2701319894873,619.9033203125,624.0867261509936
616.8608969487998,618.3821411132812,617.6215190310405
619.9034851112292,621.04443359375,620.4739593524896
628.6503946489349,627.1292114257812,627.8898030373581
624.4671590552603,625.9884033203125,625.2277811877864
627.1292541065515,628.2701416015625,627.6996978540569
627.5094000098852,633.9746704101562,630.7420352100207
628.2702531140245,637.7779541015625,633.0241036077934
643.1022315560215,638.158203125,640.6302173405107
641.5808946432019,632.4535522460938,637.0172234446478
631.3125176828331,636.6367797851562,633.9746487339946
637.7777064068026,632.833740234375,635.3057233205889
624.4670153848148,628.650390625,626.5587030049073
621.0441504439074,631.3125,626.1783252219536
623.7063991279452,626.3685913085938,625.0374952182694
624.8472544933692,633.5944213867188,629.220837940044
633.2141695182245,628.2701416015625,630.7421555598935
623.3259647560956,633.9746704101562,628.6503175831259
633.2140756247285,635.4959716796875,634.355023652208
635.1158278050038,629.7914428710938,632.4536353380488
638.9186869202641,638.5383911132812,638.7285390167726
636.2565592605284,637.0171508789062,636.6368550697173
634.7353194274878,635.4959716796875,635.1156455535877
638.1580060894262,644.2429809570312,641.2004935232287
646.52490234375,646.52490234375,646.52490234375
646.1446390853722,645.7643432617188,645.9544911735454
649.1871225353365,653.7508544921875,651.468988513762
653.3705298457029,652.9901733398438,653.1803515927734
663.2585111059532,652.6099243164062,657.9342177111797
644.2430417567077,650.7083129882812,647.4756773724945
648.4264861417818,641.2006225585938,644.8135543501878
641.2006008431833,643.86279296875,642.5316969059667
642.7218684881603,652.6099243164062,647.6658964022834
652.6098200841591,651.4688720703125,652.0393460772358
647.2854901669153,654.5113525390625,650.8984213529889
656.793285188677,639.2990112304688,648.046148209573
641.9611424469156,639.2990112304688,640.6300768386922
638.1580911365688,646.52490234375,642.3414967401594
646.5248913654582,651.088623046875,648.8067572061666
656.793276737381,661.7371826171875,659.2652296772842
650.3280886259068,652.6099243164062,651.4690064711565
650.3280205616533,655.65234375,652.9901821558267
661.7373249859835,654.1312255859375,657.9342752859604
656.7932452399676,675.4283447265625,666.1107949832651
676.9496898186176,671.6253662109375,674.2875280147775
674.667850562153,673.1466064453125,673.9072285037328
675.4284458304736,671.6253662109375,673.5269060207056
657.7527670291736,642.9161987304688,650.3344828798212
640.6336892116964,633.4057006835938,637.0196949476451
631.8838717553537,632.2643432617188,632.0741075085361
629.6015148708882,618.9495849609375,624.2755499159128
617.4278952132897,624.656005859375,621.0419505363324
628.8406220018653,630.7427978515625,629.7917099267139
635.3078880809829,637.9707641601562,636.6393261205696
634.166491380489,637.2097778320312,635.6881346062601
635.3078272528115,645.5791625976562,640.4434949252338
649.7640070216215,653.5682983398438,651.6661526807327
652.0464445731866,650.9051513671875,651.475797970187
646.3400572766938,650.144287109375,648.2421721930343
653.1876952635225,650.144287109375,651.6659911864488
647.1008271530043,645.9595947265625,646.5302109397834
649.7638048094293,639.1118774414062,644.4378411254178
639.1118990751607,639.4923706054688,639.3021348403147
644.0575285526069,641.39453125,642.7260299013035
639.8728059264554,641.0140991210938,640.4434525237746
642.9162139654884,641.0140991210938,641.9651565432911
637.209793612504,642.9161987304688,640.0629961714864
639.1119355731169,645.5791625976562,642.3455490853866
647.8617583677543,641.39453125,644.6281448088771
639.1118527767732,637.5901489257812,638.3510008512771
634.5469147185886,641.77490234375,638.1609085311693
635.3077694671113,639.1118774414062,637.2098234542588
639.1120321408206,627.6994018554688,633.4057169981447
625.7971348854371,631.5034790039062,628.6503069446717
629.9818418045576,641.39453125,635.6881865272787
653.9485776620626,650.144287109375,652.0464323857188
652.0464288192945,645.19873046875,648.6225796440223
637.5901735316887,639.1118774414062,638.3510254865475
642.1552158002257,643.2965087890625,642.7258622946441
640.2532015794181,642.9161987304688,641.5847001549434
641.775011938789,644.8184204101562,643.2967161744726
646.7204621438261,647.8617553710938,647.2911087574599
650.5248614583425,658.5137939453125,654.5193277018275
660.4156406915271,656.991943359375,658.7037920254511
655.0899016898866,653.9486083984375,654.519255044162
650.1443994474732,654.3291015625,652.2367505049866
666.8829137414975,651.2855834960938,659.0842486187956
641.7749393076855,655.4702758789062,648.6226075932959
653.1878081274897,654.3291015625,653.7584548449948
652.8072875805249,651.2855834960938,652.0464355383093
649.7638336658863,649.3834228515625,649.5736282587244
650.5247095329318,647.100830078125,648.8127698055284
645.9596706619807,651.666015625,648.8128431434903
645.1987368627177,647.4813232421875,646.3400300524527
640.6336456989208,640.2532348632812,640.443440281101
638.3511908532395,636.0687255859375,637.2099582195885
631.8840887219403,629.6015625,630.7428256109702
629.2209295453189,637.5901489257812,633.4055392355501
641.3944947470117,642.9161987304688,642.1553467387403
638.7315558682424,634.1665649414062,636.4490604048243
627.6994387424753,626.177734375,626.9385865587376
625.7973529611129,629.9819946289062,627.8896737950096
632.2645058991653,624.2755737304688,628.270039814817
624.6559294604261,626.5580444335938,625.60698694701
617.8082579927906,621.612548828125,619.7104034104577
628.8407807434145,629.2212524414062,629.0310165924104
631.5035522136388,628.4601440429688,629.9818481283038
631.8840430801001,627.6994018554688,629.7917224677844
622.7539412332457,628.8406982421875,625.7973197377166
641.0142018824989,625.4168090820312,633.2155054822651
620.4713105136269,619.3300170898438,619.9006638017354
619.3299679534763,623.8950805664062,621.6125242599412
619.7104506368156,636.0687255859375,627.8895881113765
633.0252716696912,634.1665649414062,633.5959183055487
627.6994018554688,627.6994018554688,627.6994018554688
620.0907045708574,622.3732299804688,621.231967275663
624.6560766978017,611.7216796875,618.1888781926509
616.2865813404519,616.6669921875,616.476786763976
609.8194147806124,616.6669921875,613.2432034840563
629.6015170230298,627.6994018554688,628.6504594392493
636.0686432505166,635.688232421875,635.8784378361959
642.5357630840896,633.7860717773438,638.1609174307166
636.0687012436241,634.5469970703125,635.3078491569684
646.3399990280142,643.677001953125,645.0085004905695
639.872778905534,645.9595947265625,642.9161868160483
646.7204437490765,648.62255859375,647.6715011714132
650.9052001012461,653.9486083984375,652.4269042498418
655.8506710893281,649.7638549804688,652.8072630348984
651.2855621958523,650.9051513671875,651.09535678152
650.9051449833613,648.62255859375,649.7638517885557
640.6335965300184,637.2097778320312,638.9216871810248
637.2098992317382,644.8184204101562,641.0141598209473
641.7748050439445,643.2965087890625,642.5356569165035
643.6770296659272,646.3400268554688,645.008528260698
650.1442231281472,649.0029907226562,649.5736069254017
644.4378794864307,656.6114501953125,650.5246648408715
659.6547518368733,662.3176879882812,660.9862199125773
660.0352021809263,661.9373168945312,660.9862595377288
658.1332411701353,682.099853515625,670.1165473428802
682.8607429939134,676.7740478515625,679.817395422738
683.6214295894226,679.8173217773438,681.7193756833832
671.8284307033936,679.4368896484375,675.6326601759156
674.1110320326635,669.9263305664062,672.0186812995348
671.0676238119468,677.5348510742188,674.3012374430828
676.7740845993121,675.2523803710938,676.0132324852029
677.5348359336565,671.8284912109375,674.681663572297
672.9698088409345,673.3502197265625,673.1600142837485
669.1654939083317,671.8284912109375,670.4969925596346
671.0676027203627,677.1544189453125,674.1110108328376
666.5025024414062,666.5025024414062,666.5025024414062
653.1876363977284,643.677001953125,648.4323191754268
660.0351775943557,660.4155883789062,660.225382986631
658.8938935949333,656.2310180664062,657.5624558306697
641.9736735236529,631.6990966796875,636.8363851016702
631.6990566201031,641.9736328125,636.8363447163015
638.5489119658993,629.7965087890625,634.1727103774808
634.3628894575426,633.9823608398438,634.1726251486932
637.0266272667,638.1682739257812,637.5974505962406
634.7435022807782,617.9995727539062,626.3715375173422
624.0880929376901,622.56591796875,623.3270054532201
624.0882649013348,630.5574951171875,627.3228800092611
640.4515065051346,638.1682739257812,639.3098902154579
638.9293189186461,653.3899536132812,646.1596362659636
657.9565982893827,656.0538940429688,657.0052461661758
659.8590805507797,651.8677368164062,655.863408683593
654.53173828125,654.53173828125,654.53173828125
658.7176651693135,655.2927856445312,657.0052254069224
673.5587304497346,658.3370971679688,665.9479138088517
656.0537436553124,651.106689453125,653.5802165542186
650.7260708548646,646.1595458984375,648.4428083766511
647.3014124327128,629.416015625,638.3587140288564
627.8936912992922,636.265625,632.0796581496461
634.3630684615958,620.282958984375,627.3230137229855
627.8937300182798,633.2213134765625,630.5575217474211
633.6019414777542,625.6105346679688,629.6062380728615
621.8050973170846,616.096923828125,618.9510105726048
627.8937812329752,622.1856079101562,625.0396945715657
621.804860853678,622.56591796875,622.1853894112139
628.6546178445105,622.56591796875,625.6102679066303
628.6547619683877,632.8407592773438,630.7477606228657
632.4602539607953,628.65478515625,630.5575195585227
629.4160509127142,629.0354614257812,629.2257561692477
628.6548918342136,627.5133056640625,628.0840987491381
627.1327217867191,629.416015625,628.2743687058596
627.5132188040566,627.1326293945312,627.3229240992939
624.4689015348108,622.1856079101562,623.3272547224835
616.0968312419839,613.8135986328125,614.9552149373982
617.9996280781718,616.096923828125,617.0482759531484
619.902208623522,623.3270874023438,621.6146480129329
623.3271739948314,623.7077026367188,623.517438315775
625.6103870284296,625.2298583984375,625.4201227134336
631.3185815813846,628.2742309570312,629.7964062692079
630.9379911125058,635.5045166015625,633.2212538570341
640.0709570776198,646.9207153320312,643.4958362048255
649.204024579835,648.0623779296875,648.6332012547613
642.3541895828213,646.9207153320312,644.6374524574262
643.8763733611154,653.3899536132812,648.6331634871983
653.3899891026601,653.0094604492188,653.1997247759394
651.8677466817053,651.106689453125,651.4872180674151
646.9208156162654,655.67333984375,651.2970777300077
659.0981435763163,654.53173828125,656.8149409287831
654.5316930447701,655.67333984375,655.1025164442601
657.57610607049,660.2398071289062,658.9079565996981
657.1954363893443,661.7618408203125,659.4786386048283
659.4786790259301,661.0008544921875,660.2397667590587
662.1423694613258,661.7618408203125,661.9521051408192
660.6202570618206,666.3284301757812,663.474343618801
668.6115450945147,656.4342651367188,662.5229051156167
654.531671394642,652.6289672851562,653.5803193398991
648.4430359176393,654.53173828125,651.4873870994447
659.478594827395,665.1867065429688,662.3326506851819
666.3283556733679,669.7532348632812,668.0407952683246
669.7532880566821,675.0808715820312,672.4170798193567
672.797656631408,680.7890625,676.793359565704
676.2225441753544,675.4614868164062,675.8420154958803
668.2311283347799,676.2225341796875,672.2268312572337
678.8863286098768,683.0722045898438,680.9792665998602
684.9748306555819,689.1608276367188,687.0678291461503
685.7359958975584,692.5857543945312,689.1608751460449
694.1078808558598,696.39111328125,695.2494970685549
694.8688516068576,696.010498046875,695.4396748268663
696.7717773626068,692.96630859375,694.8690429781784
688.7803576892456,684.5943603515625,686.6873590204041
681.9304230293072,686.4969482421875,684.2136856357474
686.4970496186819,695.2495727539062,690.8733111862941
692.9662830357388,692.5857543945312,692.776018715135
694.4884802546673,695.630126953125,695.0593036038961
692.5856995262023,694.4884033203125,693.5370514232575
694.1079652728338,692.2052612304688,693.1566132516513
695.249664111484,681.1696166992188,688.2096404053514
682.6917014440479,683.4527587890625,683.0722301165551
687.6387110082755,684.5943603515625,686.116535679919
694.1079296981707,692.5857543945312,693.346842046351
683.4526966195829,690.6830444335938,687.0678705265883
689.921884866668,689.1608276367188,689.5413562516934
695.629998667948,686.4969482421875,691.0634734550678
692.205090898547,696.010498046875,694.107794472711
699.4355153087891,697.1522827148438,698.2938990118164
681.550237823556,699.8162231445312,690.6832304840436
700.1965748183056,701.71875,700.9576624091528
708.1879689079244,697.9133911132812,703.0506800106028
687.2582101556236,689.5414428710938,688.3998265133587
695.2496613820341,688.3998413085938,691.8247513453139
685.7359437278784,680.0278930664062,682.8819183971423
665.947883959736,672.4171142578125,669.1824991087742
674.7002020418734,669.3726196289062,672.0364108353898
666.7089074246787,665.5672607421875,666.1380840834331
669.3727513603064,668.6116333007812,668.9921923305438
675.842007641345,668.9922485351562,672.4171280882506
667.0894300590394,663.66455078125,665.3769904201447
662.1423551222855,653.3899536132812,657.7661543677834
649.9651152202144,643.1153564453125,646.5402358327635
652.2485217371901,660.2398071289062,656.2441644330481
644.6375636973029,633.6018676757812,639.1197156865421
641.5930786132812,641.5930786132812,641.5930786132812
652.6289967505224,650.345703125,651.4873499377612
656.4342954581836,646.9207153320312,651.6775053951073
636.6460527702524,646.5401611328125,641.5931069515325
648.4428132532922,645.7789916992188,647.1109024762554
646.9207348660118,645.3985595703125,646.1596472181621
651.4871917615006,657.9564208984375,654.721806329969
658.3369760798585,651.106689453125,654.7218327664917
650.7262010038819,640.83203125,645.779116126941
653.3901565001562,626.3717041015625,639.8809303008593
626.7521126774608,630.9381103515625,628.8451115145117
628.654816732559,619.1412353515625,623.8980260420608
621.4246079211487,608.4862060546875,614.9554069879181
608.4860992198138,597.8308715820312,603.1584854009225
605.8223540578254,610.7694702148438,608.2959121363346
613.4332269462587,597.0698852539062,605.2515561000826
600.4946763497271,603.9195556640625,602.2071160068948
617.6190698813184,618.3801879882812,617.9996289347998
618.3802019773951,614.955322265625,616.6677621215101
611.9111211115508,629.0354614257812,620.473291268666
634.362908963932,632.460205078125,633.4115570210286
645.7790715399668,632.460205078125,639.119638309046
630.9380165065612,635.8850708007812,633.4115436536713
629.7964814398689,624.8494262695312,627.3229538547
626.3715246075493,623.7077026367188,625.0396136221341
630.9379742347829,641.5930786132812,636.265526424032
644.2569314406818,651.106689453125,647.6818104469035
646.9207348660118,645.3985595703125,646.1596472181621
646.9207592725862,664.8062133789062,655.8634863257462
673.1781893214819,666.3284301757812,669.7533097486316
667.4700023162752,669.7532348632812,668.6116185897782
666.7088818148834,665.1867065429688,665.9477941789261
662.1422923130089,660.6201171875,661.3812047502545
654.1510398450565,651.106689453125,652.6288646490907
651.4874135129163,659.478759765625,655.4830866392706
658.3370576335013,649.5845947265625,653.960826180032
657.1954528095549,674.7003173828125,665.9478850961837
672.7976255238527,678.5057983398438,675.6517119318482
677.3641909525921,675.4614868164062,676.4128388844993
679.2668593933896,675.8419799804688,677.5544196869291
676.9835823684423,688.7803344726562,682.8819584205493
692.2052612304688,692.2052612304688,692.2052612304688
695.6301013931397,695.2495727539062,695.439837073523
693.7275052517235,698.674560546875,696.2010328992992
704.0020635021554,711.993408203125,707.9977358526402
704.3826388148764,715.4183349609375,709.9004868879069
715.418340768791,717.321044921875,716.369692845333
723.0291465929585,718.08203125,720.5555889214793
717.7015026047909,718.08203125,717.8917669273955
712.3739368576832,711.993408203125,712.1836725304041
710.4713502283026,714.6572875976562,712.5643189129794
712.3739209284764,710.8517456054688,711.6128332669725
710.8517456054688,710.8517456054688,710.8517456054688
704.9645931249961,685.1707763671875,695.0676847460918
684.0287482804974,688.2159423828125,686.122345331655
680.9836858265897,667.660888671875,674.3222872492324
667.6608664587628,668.04150390625,667.8511851825065
676.0352338493094,676.7965087890625,676.415871319186
676.4158540362416,667.660888671875,672.0383713540583
669.1834256819005,661.5703735351562,665.3768996085284
653.5768762349153,663.4737548828125,658.5253155588639
666.1384321339962,673.3707885742188,669.7546103541074
665.7575810362662,680.222412109375,672.9899965728206
680.222478543605,674.893310546875,677.5578945452401
674.13185899674,677.9383544921875,676.0351067444637
676.415871319186,676.7965087890625,676.6061900541242
678.3190362931197,677.1771240234375,677.7480801582785
675.6544841002132,670.3253173828125,672.9899007415129
671.8481002545888,664.2350463867188,668.0415733206537
658.9060669270874,654.7188720703125,656.8124694987
654.7187716052778,650.1509399414062,652.434855773342
650.5315773910179,650.1509399414062,650.3412586662121
652.8155122484989,648.2476806640625,650.5315964562807
644.0604697151184,647.486328125,645.7733989200592
648.0573093754111,648.6282958984375,648.3428026369243
651.2929130464183,650.1509399414062,650.7219264939123
653.9575190644487,649.7703247070312,651.86392188574
643.6797865883492,639.873291015625,641.776538801987
636.0669060759756,642.1572265625,639.1120663192378
640.2539893602549,635.686279296875,637.9701343285649
635.6863068803751,634.1636962890625,634.9250015847188
633.4023101770974,631.8796997070312,632.6410049420643
631.8798943312494,629.5960083007812,630.7379513160154
644.8218149948358,636.828125,640.8249699974178
636.0670276187805,633.7830810546875,634.925054336734
649.0089718694603,644.8218383789062,646.9154051241833
644.8218053374112,647.486328125,646.1540667312056
651.2928679688143,646.7250366210938,649.008952294954
655.8607685976943,670.7061157226562,663.2834421601754
669.1835492415979,669.94482421875,669.564186730174
666.1383388593669,663.4737548828125,664.8060468710896
664.996204311905,663.0929565429688,664.0445804274368
666.1383840640344,658.525390625,662.3318873445172
663.0930840232187,661.9511108398438,662.5220974315312
666.1383840640344,658.525390625,662.3318873445172
662.7123576720198,659.2864990234375,660.9994283477287
657.3834114353125,659.667236328125,658.5253238817188
652.0541819586729,647.105712890625,649.5799474246489
643.2993169727448,630.7378540039062,637.0185854883255
627.6926711801566,618.5570068359375,623.124839008047
625.0279033116344,622.7439575195312,623.8859304155828
611.7053610361467,612.0859985351562,611.8956797856515
614.7502687595022,622.7439575195312,618.7471131395167
630.3571294220011,649.0089721679688,639.6830507949849
648.2477473269687,659.667236328125,653.9574918275468
660.8090106153097,663.0929565429688,661.9509835791392
669.5641533407454,668.4221801757812,668.9931667582633
612.8472330576108,603.3309326171875,608.0890828373991
601.427645447596,547.375244140625,574.4014447941105
561.0789099415744,574.7822875976562,567.9305987696152
577.8273389027349,597.6211547851562,587.7242468439456
598.3826115632609,610.1828002929688,604.2827059281149
617.795682040072,616.2730712890625,617.0343766645673
616.6538268235568,604.8536987304688,610.7537627770128
619.6988489142943,582.0145263671875,600.8566876407409
574.0209296056689,570.9757080078125,572.4983188067407
578.2080024187966,579.3499755859375,578.7789890023671
577.0661396062818,585.8211059570312,581.4436227816566
599.9050741796232,603.3309326171875,601.6180033984053
601.808454175323,613.608642578125,607.708548376724
614.3697328628257,601.0469970703125,607.7083649665691
604.0922962171992,605.9955444335938,605.0439203253965
607.8988084587496,598.3825073242188,603.1406578914841
583.9177653370813,601.0469970703125,592.4823812036968
603.3309195374635,593.0532836914062,598.1921016144349
593.8146754889024,598.3825073242188,596.0985914065606
601.427610885701,593.0532836914062,597.2404472885537
594.9566884001028,586.2017822265625,590.5792353133327
589.627618608737,594.9566040039062,592.2921113063217
594.575927734375,594.575927734375,594.575927734375
601.427778064799,609.0408325195312,605.2343052921651
604.8535928150702,601.4276733398438,603.140633077457
595.3373466285205,610.944091796875,603.1407192126978
612.0860323502854,605.2343139648438,608.6601731575646
601.047135030891,610.1828002929688,605.6149676619299
611.7053276671079,606.376220703125,609.0407741851164
609.0406844866209,623.124755859375,616.0827201729979
620.4601629028404,637.9700317382812,629.2150973205607
642.1572594813957,639.49267578125,640.8249676313228
634.9249104503984,638.3507080078125,636.6378092291054
630.3571227103449,637.5894165039062,633.9732696071255
645.9636717807498,639.873291015625,642.9184813981874
639.4926710183065,644.8218383789062,642.1572546986064
643.6798769693635,650.9122924804688,647.2960847249161
645.2024475619371,642.1572265625,643.6798370622186
641.3959617416524,631.4990844726562,636.4475231071543
632.260442614339,635.3056640625,633.7830533384194
639.1121899683662,629.5960083007812,634.3540991345737
628.4539736654481,633.7830810546875,631.1185273600678
640.2539406142125,645.9636840820312,643.1088123481219
644.0604692014487,643.2991943359375,643.679831768693
639.8733737336128,631.1184692382812,635.4959214859471
625.7893133364229,641.39599609375,633.5926547150864
624.647402033123,653.95751953125,639.3024607821865
648.628276019949,661.5703735351562,655.0993247775526
659.6671256875131,661.5703735351562,660.6187496113347
663.0929977103315,676.03515625,669.5640769801657
664.6156240431966,672.6093139648438,668.6124690040201
671.0866965851086,665.3768920898438,668.2317943374762
668.8027951582112,664.6156616210938,666.7092283896525
645.2024092554573,645.9636840820312,645.5830466687443
640.2540338675072,634.9249877929688,637.5895108302379
626.5507697918729,628.8346557617188,627.6927127767958
637.2089189161331,629.9766235351562,633.5927712256447
630.3571113909284,631.4990844726562,630.9280979317923
632.6410145159409,640.6345825195312,636.6377985177361
639.1119834799251,642.537841796875,640.8249126384001
646.3445376834637,651.6736450195312,649.0090913514975
648.2477089717636,655.0994262695312,651.6735676206474
661.9511110766601,657.7640380859375,659.8575745812989
661.9511669585376,658.9060668945312,660.4286169265345
659.2865438680935,654.3381958007812,656.8123698344374
654.7186869409875,646.3443603515625,650.531523646275
650.9122289950794,638.3507080078125,644.631468501446
643.2993533534311,660.4285888671875,651.8639711103093
666.8996027977751,669.94482421875,668.4222135082625
658.9059350418944,669.5640869140625,664.2350109779784
671.848017106479,672.989990234375,672.419003670427
673.7512978807805,661.9511108398438,667.8512043603121
660.0478630246881,666.1383056640625,663.0930843443753
666.899480336432,665.7575073242188,666.3284938303254
665.7575577089735,668.04150390625,666.8995308076118
666.1382506116698,669.1834716796875,667.6608611456786
665.3769975078524,668.8028564453125,667.0899269765824
668.0414985901368,669.1834716796875,668.6124851349122
666.8995361328125,666.8995361328125,666.8995361328125
669.1834770048882,668.04150390625,668.6124904555691
666.518859014184,662.3316650390625,664.4252620266233
664.6156686537936,680.222412109375,672.4190403815843
676.0352338493094,676.7965087890625,676.415871319186
681.7449553706851,677.1771240234375,679.4610396970613
673.3706276916142,672.989990234375,673.1803089629946
675.6545779334847,650.9122924804688,663.2834352069767
657.9323420187384,676.2828979492188,667.1076199839786
681.2060635807588,663.3031616210938,672.2546126009263
663.3033034973814,661.5130615234375,662.4081825104095
660.6177165772021,661.0652465820312,660.8414815796167
659.2749600048903,653.9041137695312,656.5895368872108
658.8274476821872,649.4284057617188,654.1279267219529
648.9809678847179,629.7352905273438,639.3581292060308
633.315826856384,651.666259765625,642.4910433110044
652.5614103159156,634.6585083007812,643.6099593083484
648.9809152806542,647.1906127929688,648.0857640368115
649.4284242187812,646.29541015625,647.8619171875156
633.7633366806144,650.7711181640625,642.2672274223385
653.4566272997064,658.3799438476562,655.9182855736813
660.1702041729004,655.2469482421875,657.708576207544
661.0653262037653,657.9323120117188,659.4988191077421
660.6177357007972,659.2749633789062,659.9463495398518
661.9604472665086,659.2749633789062,660.6177053227075
654.3516889478184,661.0652465820312,657.7084677649248
661.0653083671948,662.4080200195312,661.736664193363
665.0934162565021,653.45654296875,659.2749796126261
647.6380893052875,659.2749633789062,653.4565263420968
660.6177519793418,652.1138916015625,656.3658217904522
651.21874883188,648.5333862304688,649.8760675311744
647.6381014866397,646.742919921875,647.1905107042573
643.6099625574091,638.6867065429688,641.1483345501889
638.686565262032,640.476806640625,639.5816859513285
633.3157967252642,634.6585083007812,633.9871525130227
631.5255329780978,631.0780029296875,631.3017679538926
626.602217592957,633.7633666992188,630.1827921460879
627.0498302705479,637.3439331054688,632.1968816880083
634.658533218438,642.2672729492188,638.4629030838285
646.742921009969,648.085693359375,647.414307184672
649.8759338861901,646.742919921875,648.3094269040325
642.7148637440241,642.2672729492188,642.4910683466214
644.9527689351866,624.3643798828125,634.6585744089996
624.8118933268147,630.1827392578125,627.4973162923136
626.6021563839874,632.4205932617188,629.5113748228531
630.6302989348362,644.5050659179688,637.5676824264025
653.9041499143711,646.29541015625,650.0997800353106
644.9526954267118,640.924560546875,642.9386279867933
640.9245998955029,638.6867065429688,639.8056532192359
638.6866471441562,641.3720703125,640.0293587283281
642.2672971357708,648.5333862304688,645.4003416831198
650.771078859092,653.0089111328125,651.8899949959523
648.98095703125,648.98095703125,648.98095703125
647.1905980859206,657.0371704101562,652.1138842480384
655.2469493907739,657.9323120117188,656.5896307012463
662.8555609848453,677.1779174804688,670.0167392326571
680.3109510425467,675.3876342773438,677.8492926599451
669.5692573820107,675.3876342773438,672.4784458296772
675.3875702327584,670.0167846679688,672.7021774503636
672.7020887411298,674.0448608398438,673.3734747904869
686.5770024320212,678.9683227539062,682.7726625929638
675.8351452959829,677.1779174804688,676.5065313882258
672.2545961563216,669.12158203125,670.6880890937857
668.6739877832955,663.750732421875,666.2123601025853
660.6176515554605,655.6943359375,658.1559937464802
654.7991714896735,651.2186279296875,653.0088997096805
656.1419249209629,653.0089111328125,654.5754180268877
652.1138321393844,654.7991943359375,653.4565132376609
654.3517619875264,647.1906127929688,650.7711873902476
653.4565681819827,661.0652465820312,657.260907382007
661.9603629501457,655.6943359375,658.8273494438229
656.5896010036628,659.2749633789062,657.9322821912845
658.8274567689865,664.1983032226562,661.5128799958213
666.8838090662572,666.4362182617188,666.6600136639879
667.7788745212288,674.492431640625,671.1356530809269
677.1780166678069,673.5973510742188,675.3876838710128
680.3108865311008,670.0167846679688,675.1638355995348
667.3313640319419,675.3876342773438,671.3594991546429
682.1012615960854,688.8148803710938,685.4580709835896
692.395461703721,682.5488891601562,687.4721754319387
683.8916644019422,687.9197998046875,685.9057321033149
691.9479335637176,686.5769653320312,689.2624494478744
688.8149420845299,690.1576538085938,689.4862979465618
687.0244528279883,684.7865600585938,685.905506443291
690.6049962003816,684.7865600585938,687.6957781294877
681.6536307531646,689.7098999023438,685.6817653277542
691.9478367108908,694.1856689453125,693.0667528281017
690.1575940834148,692.8429565429688,691.5002753131918
697.3187407803354,688.8148803710938,693.0668105757145
688.8149827091635,690.605224609375,689.7101036592692
707.1653356523799,692.3954467773438,699.7803912148618
686.5769285354653,692.8429565429688,689.7099425392171
690.157554315262,693.7380981445312,691.9478262298967
688.8149608025893,687.024658203125,687.9198095028571
691.0526103092843,688.3671875,689.7098989046422
688.8147569826951,687.4719848632812,688.1433709229882
687.0245404920404,693.7380981445312,690.3813193182858
697.7663744787918,690.605224609375,694.1857995440835
701.3469001146193,696.423583984375,698.8852420494972
699.1089090944332,701.3468627929688,700.227885943701
703.1370817348378,699.10888671875,701.122984226794
701.7945342976146,699.5567016601562,700.6756179788854
698.2138917201503,704.4799194335938,701.346905576872
707.1651823613438,708.0603637695312,707.6127730654375
709.8506710248678,714.77392578125,712.3122984030589
711.1935618022874,709.4032592773438,710.2984105398156
707.6129791560478,712.9838256835938,710.2984024198208
716.5642278545573,714.77392578125,715.6690768179037
714.773961764246,708.5079345703125,711.6409481672792
725.0682505094636,713.8789672851562,719.47360889731
714.774106095989,709.4032592773438,712.0886826866664
705.3749364256335,701.3468627929688,703.3608996093011
700.8991942957763,705.8225708007812,703.3608825482788
706.2702018569249,704.927490234375,705.5988460456499
698.6613996052121,702.241943359375,700.4516714822935
699.5566799452729,697.3187866210938,698.4377332831833
697.3186826784438,694.1856689453125,695.7521758118781
672.9096505114685,669.327880859375,671.1187656854217
665.7462080308775,668.8801879882812,667.3131980095793
674.2529066965641,666.1939697265625,670.2234382115632
666.193917194912,663.06005859375,664.626987894331
661.7168610218364,663.9553833007812,662.8361221613088
658.1351002762297,653.2102661132812,655.6726831947555
651.4195024561174,648.2855224609375,649.8525124585274
648.2855256897634,650.5241088867188,649.404817288241
651.8671875,651.8671875,651.8671875
650.0763503700786,655.448974609375,652.7626624897268
655.8966001468324,668.8801879882812,662.3883940675569
671.1188069628524,668.4324951171875,669.77565104002
667.0894100752531,662.6122436523438,664.8508268637984
663.5076545350281,663.9553833007812,663.7315189179046
660.8213610545652,659.9259643554688,660.373662705017
673.8049677802874,673.3572998046875,673.5811337924874
675.148075495598,669.7755737304688,672.4618246130334
669.775545201739,667.0892944335938,668.4324198176664
664.8508767996111,663.5076904296875,664.1792836146493
667.9850023414767,661.717041015625,664.8510216785509
661.2691402053365,660.8214721679688,661.0453061866526
657.239730469699,663.5076904296875,660.3737104496932
666.1939229202435,667.537109375,666.8655161476217
668.4324733894584,670.2233276367188,669.3279005130886
671.5664412755792,678.7297973632812,675.1481193194302
679.1775794195378,681.8638305664062,680.520704992972
680.0730423287066,676.4913940429688,678.2822181858377
668.432496947483,678.2821044921875,673.3573007198352
677.3867467945914,680.0729370117188,678.7298419031551
678.2821406765426,677.83447265625,678.0583066663962
680.0729348342869,670.2233276367188,675.1481312355029
669.3277557071757,667.0892944335938,668.2085250703847
668.88007316943,665.74609375,667.313083459715
667.9848767739934,669.327880859375,668.6563788166842
671.566445577563,673.3572998046875,672.4618726911252
673.805081860017,676.4913940429688,675.1482379514929
677.3867326701769,678.7297973632812,678.0582650167291
680.9684898201513,687.2364501953125,684.1024700077319
688.1318942839728,685.8933715820312,687.012632933002
689.4747853185733,684.9976806640625,687.2362329913178
681.4161787392144,675.5958862304688,678.5060324848416
682.7593383789062,682.7593383789062,682.7593383789062
684.5499628520141,684.102294921875,684.3261288869446
679.1775620348315,678.2821044921875,678.7298332635095
677.386773127581,672.9096069335938,675.1481900305873
672.4617772210435,678.7297973632812,675.5957872921624
678.2820686156412,678.7297973632812,678.5059329894611
676.0436472757785,690.3704223632812,683.2070348195299
689.474885172604,694.3997192382812,691.9373022054426
695.2952144729358,703.8016967773438,699.5484556251397
705.1448632206531,697.9814453125,701.5631542665765
694.3997758535778,682.3115844726562,688.3556801631171
683.6545925023039,702.0108032226562,692.83269786248
704.6971447111771,697.0859985351562,700.8915716231667
696.1905127395183,694.3997192382812,695.2951159888999
697.9813715690166,689.0272216796875,693.504296624352
693.5043849757624,686.7886352539062,690.1465101148343
687.2363098063546,691.2656860351562,689.2509979207555
692.161296208772,696.1620483398438,694.1616722743079
690.8179837225744,686.3829956054688,688.6004896640216
684.9978090571011,689.4749145507812,687.2363618039412
690.3703721144649,689.4749145507812,689.922643332623
690.818057175199,693.0565795898438,691.9373183825214
694.3998022441252,692.6089477539062,693.5043749990157
693.5042689010941,691.2656860351562,692.3849774681252
691.7135508962555,692.6089477539062,692.1612493250809
693.0566378371543,690.818115234375,691.9373765357647
691.7135147609882,693.0565795898438,692.385047175416
695.2952569972588,690.3704223632812,692.83283968027
690.3704223632812,690.3704223632812,690.3704223632812
681.4161315777476,676.9390258789062,679.1775787283269
678.2821013981386,676.0435791015625,677.1628402498505
677.3867589051722,671.5664672851562,674.4766130951642
671.5664921496051,672.01416015625,671.7903261529275
674.7003784179688,674.7003784179688,674.7003784179688
675.1481606599226,677.83447265625,676.4913166580864
679.6252831448782,681.4160766601562,680.5206799025173
683.2069025149585,678.7297973632812,680.9683499391199
674.252757305704,673.3572998046875,673.8050285551958
674.2528991478652,679.1776733398438,676.7152862438545
679.177629402881,682.7593383789062,680.9684838908936
683.2068266472779,684.9976806640625,684.1022536556702
681.4161485449832,680.5206909179688,680.9684197314759
680.5206943002439,682.7593383789062,681.6400163395751
684.5499699012202,688.5794067382812,686.5646883197508
689.9225281629684,693.9519653320312,691.9372467474998
693.0565860207445,697.5337524414062,695.2951692310753
697.9814326562622,706.4879760742188,702.2347043652405
709.1742345700986,703.3539428710938,706.2640887205962
702.906343853327,700.2200317382812,701.5631877958042
702.9063826464159,692.1613159179688,697.5338492821923
693.5044608731673,688.1318969726562,690.8181789229118
685.4455703944168,686.7886352539062,686.1171028241615
689.474885172604,694.3997192382812,691.9373022054426
693.9520734278411,692.6089477539062,693.2805105908737
695.7429259130945,700.2200317382812,697.9814788256879
697.085970265047,694.3997192382812,695.742844751664
690.3702714855167,687.6839599609375,689.0271157232271
684.9979165577553,688.1318969726562,686.5649067652057
689.4749145507812,689.4749145507812,689.4749145507812
689.9225249635431,691.7134399414062,690.8179824524747
698.4291312476363,693.9519653320312,696.1905482898337
694.3996940785734,693.9519653320312,694.1758297053022
684.9977831999677,696.6383056640625,690.8180444320151
700.2198592648934,699.3244018554688,699.772130560181
700.6676635742188,700.6676635742188,700.6676635742188
698.876827938947,696.6383056640625,697.7575668015047
693.95196211392,691.7134399414062,692.8327010276631
693.0564507351885,688.5794067382812,690.8179287367349
684.9977602135876,680.9683837890625,682.9830720013251
667.0892766436548,655.896484375,661.4928805093274
655.4488558064593,657.6873779296875,656.5681168680734
660.3736462507617,661.26904296875,660.8213446097559
661.269070340066,671.5664672851562,666.4177688126111
672.4617638381266,669.7755737304688,671.1186687842976
670.2234157496342,663.06005859375,666.6417371716921
663.06005859375,663.06005859375,663.06005859375
665.7461909495667,665.2985229492188,665.5223569493927
663.9553004602425,665.74609375,664.8506971051213
663.0601669033178,661.717041015625,662.3886039594714
663.060049111682,656.3442993164062,659.7021742140441
656.3443087024359,663.06005859375,659.702183648093
661.7168542550921,659.4782104492188,660.5975323521554
659.4782574402559,658.1351318359375,658.8066946380967
659.030595598897,662.6122436523438,660.8214196256204
664.8508657293073,664.403076171875,664.6269709505912
665.298563216902,676.9390258789062,671.1187945479041
672.9096489824237,676.9390258789062,674.924337430665
678.729848779962,672.01416015625,675.3720044681061
672.4618032652966,671.5664672851562,672.0141352752264
668.8801695139875,672.9096069335938,670.8948882237906
674.2527529865121,678.7297973632812,676.4912751748966
679.177512153944,677.38671875,678.282115451972
676.0434750523112,679.6251831054688,677.83432907889
680.5207383240913,679.1776733398438,679.8492058319675
676.9390519933089,687.2364501953125,682.0877510943108
684.9978975823904,692.1613159179688,688.5796067501796
688.1318187230011,684.5501098632812,686.3409642931412
684.5500422567496,680.0729370117188,682.3114896342342
678.7297219927672,684.9976806640625,681.8637013284149
684.9976806640625,684.9976806640625,684.9976806640625
686.7885818791362,683.6546020507812,685.2215919649587
681.8639248581815,679.1776733398438,680.5207990990126
678.2821984556282,675.5958862304688,676.9390423430484
676.9389992220051,666.6416625976562,671.7903309098307
666.6415369939492,679.6251831054688,673.1333600497089
680.5205768194486,677.38671875,678.9536477847244
672.4618594051495,676.9390258789062,674.7004426420278
678.2821406765426,677.83447265625,678.0583066663962
677.8344678104258,683.2069702148438,680.5207190126348
683.6545230615205,687.6839599609375,685.6692415112291
687.6840928601199,686.7886352539062,687.2363640570131
688.5795255424031,686.3409423828125,687.4602339626078
686.340961341325,682.3115844726562,684.3262729069907
680.5206943002439,682.7593383789062,681.6400163395751
683.2069561398405,681.8638305664062,682.5353933531234
681.8638446137393,683.2069702148438,682.5354074142915
685.4456059196913,676.4913940429688,680.9684999813301
678.7298256123285,681.4160766601562,680.0729511362424
683.2069025149585,678.7297973632812,680.9683499391199
677.8343361509051,684.102294921875,680.96831553639
681.4160797590481,683.6546020507812,682.5353409049146
680.0730059455867,676.9390258789062,678.5060159122465
676.9389789531328,678.2821044921875,677.6105417226602
676.9390338143562,673.8050537109375,675.3720437626469
687.2363547895825,672.4617919921875,679.849073390885
673.804920979149,674.7003784179688,674.2526496985588
676.0435868044378,672.9096069335938,674.4765968690158
674.7005202169601,680.5206909179688,677.6106055674644
675.5958238503949,683.2069702148438,679.4013970326193
683.6546382319359,683.2069702148438,683.4308042233898
680.9683122152311,674.252685546875,677.610498881053
681.4161485449832,680.5206909179688,680.9684197314759
681.8638603801063,676.9390258789062,679.4014431295063
663.9553821550389,671.5664672851562,667.7609247200976
670.2233713256528,666.6416625976562,668.4325169616545
666.1937758487974,674.7003784179688,670.4470771333831
672.0141493848316,672.9096069335938,672.4618781592127
671.5665248762557,669.327880859375,670.4472028678153
667.5369908117269,669.7755737304688,668.6562822710978
666.6416485000859,665.2985229492188,665.9700857246523
663.0599853999882,671.5664672851562,667.3132263425723
672.9096443375139,682.3115844726562,677.610614405085
681.8638615193931,686.7886352539062,684.3262483866497
685.4455956917068,687.2364501953125,686.3410229435096
683.2070289900705,690.818115234375,687.0125721122228
687.2364810059887,692.1613159179688,689.6988984619787
676.4913013155499,696.6383056640625,686.5648034898062
695.2952049612941,697.0859985351562,696.1906017482252
686.7886534878038,700.2200317382812,693.5043426130426
697.9813780951636,693.5043334960938,695.7428557956287
694.3997085039388,695.295166015625,694.8474372597818
690.3704223632812,690.3704223632812,690.3704223632812
692.6089477539062,692.6089477539062,692.6089477539062
697.086053591995,692.6089477539062,694.8475006729507
694.3998361692088,699.7723999023438,697.0861180357763
697.533714996927,705.5924682617188,701.5630916293228
706.0402754315948,709.1742553710938,707.6072654013442
713.2036459668124,710.517333984375,711.8604899755937
714.099071849348,705.5924682617188,709.8457700555334
706.4878942638946,700.6676635742188,703.5777789190568
701.115345698541,702.0108032226562,701.5630744605986
703.3538777389997,708.7263793945312,706.0401285667655
707.8310609019998,712.3080444335938,710.0695526677968
714.9944651059539,710.9651489257812,712.9798070158676
712.3081183068384,703.8016967773438,708.0549075420911
705.5924367578467,700.6676635742188,703.1300501660328
702.4585732728325,696.1906127929688,699.3245930329006
697.0859519306287,698.4291381835938,697.7575450571112
702.9062761368431,695.7428588867188,699.324567511781
693.9520200444614,689.4749145507812,691.7134672976213
689.0271283526231,684.102294921875,686.564711637249
684.1022877844647,679.6251831054688,681.8637354449668
679.1774581787022,674.252685546875,676.7150718627886
671.566449948747,667.9848022460938,669.7756260974204
662.6121881330531,649.6286010742188,656.120394603636
655.8966155678094,662.6122436523438,659.2544296100766
665.7461679015493,649.6286010742188,657.687384487884
649.1811183639215,661.717041015625,655.4490796897733
669.3278246152666,663.9553833007812,666.641603958024
664.8509130764504,663.06005859375,663.9554858351003
665.7461591736025,660.3736572265625,663.0599082000824
666.6416704096818,663.5076904296875,665.0746804196847
666.1938045955378,669.7755737304688,667.9846891630033
672.9096955551487,675.5958862304688,674.2527908928087
677.83432907889,679.6251831054688,678.7297560921794
678.2821684002668,680.5206909179688,679.4014296591178
676.9389572627061,680.0729370117188,678.5059471372124
683.6546188419692,729.7688598632812,706.7117393526253
730.2166233704605,711.8604125976562,721.0385179840584
713.2036794248957,707.8311767578125,710.5174280913541
707.3833194858714,703.3539428710938,705.3686311784826
702.906243368752,698.4291381835938,700.6676907761729
694.3997302609255,693.5043334960938,693.9520318785096
693.5043755927084,697.5337524414062,695.5190640170573
702.4585906065306,699.7723999023438,701.1154952544372
700.66782738561,714.546875,707.607351192805
713.2036478244158,720.3670654296875,716.7853566270517
719.0238333807923,714.0990600585938,716.5614467196931
714.5467280493051,714.0990600585938,714.3228940539494
716.3376259672274,710.517333984375,713.4274799758011
713.6512351874625,706.9356079101562,710.2934215488094
694.8474136234809,712.3080444335938,703.5777290285373
714.9942987713787,699.3244018554688,707.1593503134237
703.3540482828466,699.7723999023438,701.5632240925952
700.2200598474293,702.9063720703125,701.5632159588708
704.2493928247831,706.4879760742188,705.368684449501
683.8722455710509,677.1544799804688,680.5133627757598
674.4674072265625,674.4674072265625,674.4674072265625
674.9151328925383,672.2279663085938,673.571549600566
678.0502032132872,681.1851806640625,679.6176919386749
677.1543947347704,686.559326171875,681.8568604533227
688.3507834872227,683.8721923828125,686.1114879350175
679.3936857352642,686.1115112304688,682.7525984828665
689.2464886040319,680.2893676757812,684.7679281399066
684.7678833007812,684.7678833007812,684.7678833007812
682.9764918203041,687.90283203125,685.439661925777
687.902888584653,687.455078125,687.6789833548265
687.9028367876309,688.3507080078125,688.1267723977217
687.4550641706595,686.1115112304688,686.7832877005642
685.2158240520865,691.4857788085938,688.3508014303402
692.8293171220154,695.9642944335938,694.3968057778045
693.2770951241788,692.8292846679688,693.0531898960737
692.3814555119711,691.037841796875,691.7096486544231
690.1420616652085,693.2770385742188,691.7095501197136
692.3814689702699,698.2034912109375,695.2924800906037
700.4428014982899,693.7250366210938,697.0839190596919
687.0071532715892,705.8170166015625,696.4120849365759
706.2648738054895,698.6513671875,702.4581204964948
695.068532967493,694.1727905273438,694.6206617474184
695.0685235853831,699.0991821289062,697.0838528571446
699.099242813723,704.92138671875,702.0103147662364
704.4734546715919,704.92138671875,704.6974206951709
706.2648503277808,713.8782958984375,710.0715731131091
714.7741287229269,704.92138671875,709.8477577208384
706.2649259378857,697.7556762695312,702.0103011037085
697.7556104597608,697.3077392578125,697.5316748587866
695.9642753731172,699.9949951171875,697.9796352451524
699.5470110822052,706.7127075195312,703.1298593008682
706.712711990423,712.982666015625,709.847689003024
711.6390471827792,712.53466796875,712.0868575757646
712.5348849142345,709.8478393554688,711.1913621348516
710.2955650337881,707.6083984375,708.951981735644
708.5041842759981,699.9949951171875,704.2495896965928
703.1299292969339,707.6083984375,705.3691638672169
707.6084034200596,708.0563354492188,707.8323694346392
711.1913352169172,716.11767578125,713.6545054990836
717.90907634467,719.7005004882812,718.8047884164756
714.7741378022064,705.8170166015625,710.2955772018845
707.6085435317719,709.8478393554688,708.7281914436203
713.8783948593865,711.63916015625,712.7587775078182
707.1606656998619,691.4857788085938,699.3232222542279
690.5901418328665,701.7864990234375,696.188320428152
704.4734030293283,694.1727905273438,699.3230967783361
699.5470581054688,699.5470581054688,699.5470581054688
699.547039182593,703.5777587890625,701.5623989858277
703.1298825004055,697.3077392578125,700.218810879109
703.1298969160677,698.6513671875,700.8906320517838
705.8169605225763,700.4427490234375,703.1298547730069
695.5163855594693,692.3814086914062,693.9488971254377
693.2771873101809,701.7864990234375,697.5318431668093
705.8170215572884,706.2649536132812,706.0409875852848
704.9214197788993,702.2342529296875,703.5778363542934
699.5469603158067,713.4304809570312,706.488720636419
712.5347440652434,696.4120483398438,704.4733962025437
698.651418757911,697.7556762695312,698.2035475137211
694.1728701420841,695.9642944335938,695.0685822878389
699.5470441578994,698.2034912109375,698.8752676844185
699.0992347546812,686.559326171875,692.8292804632781
687.902896679229,699.9949951171875,693.9489458982082
696.8600441209106,678.9458618164062,687.9029529686584
682.296407557832,676.818115234375,679.5572613961035
677.8140031628143,662.3751831054688,670.0945931341415
656.8969930013021,664.8654174804688,660.8812052408855
670.3436688602059,674.327880859375,672.3357748597905
666.8575031789525,664.3673706054688,665.6124368922106
667.3555297395054,665.8614501953125,666.608489967409
666.3594765256486,659.8851318359375,663.122304180793
661.3791089607008,657.3948974609375,659.3870032108191
662.3752848307292,655.9009399414062,659.1381123860677
664.3672501187223,671.837646484375,668.1024483015486
672.3358154296875,673.8298950195312,673.0828552246094
671.8377279097946,672.3357543945312,672.0867411521629
674.3279823600764,676.818115234375,675.5730487972257
680.8022254488445,675.8219604492188,678.3120929490317
676.8181083801858,674.9833984375,675.9007534088429
671.8377483598942,674.327880859375,673.0828146096346
677.3160398587519,674.327880859375,675.8219603590635
676.3200685399524,673.3319091796875,674.82598885982
674.3278191435293,669.8455810546875,672.0867000991084
669.8456014602003,670.3436279296875,670.0946146949439
675.323974609375,675.323974609375,675.323974609375
674.3279622997758,673.3319091796875,673.8299357397316
674.3277786062592,671.837646484375,673.0827125453171
676.3199067564449,682.7942504882812,679.5570786223631
679.8061931523978,683.7904052734375,681.7982992129176
679.3082069873118,686.2805786132812,682.7943928002965
685.7824908998896,683.2923583984375,684.5374246491635
682.2963872604822,673.3319091796875,677.8141482200849
666.8576035475083,678.8102416992188,672.8339226233636
683.2923174106735,680.8021850585938,682.0472512346337
695.2450564630682,684.7864990234375,690.0157777432528
686.7785847981771,687.276611328125,687.0275980631511
684.2884320520309,692.7548828125,688.5216574322654
692.7547803811206,688.7705688476562,690.7626746143884
675.3239145050381,685.782470703125,680.5531926040816
685.7825112892763,682.2963256835938,684.039418486435
685.2844229312086,677.8140258789062,681.5492244050574
679.8061931964963,685.2844848632812,682.5453390298887
681.3003537373772,684.2885131835938,682.7944334604855
684.2883308725088,688.7705688476562,686.5294498600825
691.2607224254007,695.2449340820312,693.252828253716
691.2607630989025,697.735107421875,694.4979352603888
703.7113855926084,707.1975708007812,705.4544781966948
714.170105236919,711.1819458007812,712.6760255188501
716.6601350974902,702.7153930664062,709.6877640819482
699.2292073857317,699.7272338867188,699.4782206362252
702.7153728077451,703.71142578125,703.2133992944975
707.6955972590916,707.1975708007812,707.4465840299365
708.6917115966285,711.6798706054688,710.1857911010486
711.1818230825372,703.71142578125,707.4466244318936
702.7153728077451,703.71142578125,703.2133992944975
684.0091963454704,689.9874267578125,686.9983115516415
690.4856120446519,681.0200805664062,685.7528463055291
684.5073919365876,682.5146484375,683.5110201870439
684.0092603747328,684.5074462890625,684.2583533318976
680.0236504478793,675.5399780273438,677.7818142376116
676.536366592914,675.0418090820312,675.7890878374726
681.0200495544343,676.536376953125,678.7782132537797
674.5436570533363,674.0454711914062,674.2945641223713
676.5365471995549,671.5546875,674.0456173497774
674.0455015727451,669.5618286132812,671.8036650930133
667.5690215276177,675.0418090820312,671.3054153048245
673.5473085790649,662.5872192382812,668.0672639086731
665.5763415382022,669.5618286132812,667.5690850757417
670.0599711892536,678.0309448242188,674.0454580067362
680.5219285678514,680.0237426757812,680.2728356218163
679.0273202371876,681.5182495117188,680.2727848744532
681.5183379946376,673.54736328125,677.5328506379437
674.5435855215567,672.5508422851562,673.5472139033565
665.5763345130404,662.5872192382812,664.0817768756608
671.056427418102,657.6054077148438,664.3309175664729
658.1035163999048,667.0708618164062,662.5871891081556
666.0744930405215,661.5908203125,663.8326566765107
658.6017214991465,652.1253051757812,655.3635133374639
656.6091324556791,647.6417846679688,652.125458561824
646.6453010054414,640.1688842773438,643.4070926413926
633.1942576723236,624.72509765625,628.9596776642868
630.7032903666684,622.234130859375,626.4687106130217
621.2378678956852,617.2523803710938,619.2451241333895
617.7504039595884,620.2413330078125,618.9958684837004
617.2523362956255,616.754150390625,617.0032433431252
614.2632175076792,613.266845703125,613.7650316054021
614.7613555334283,609.2813110351562,612.0213332842923
618.2486737589984,608.7831420898438,613.5159079244211
600.3139777341265,587.3611450195312,593.837561376829
590.8483873132157,581.8810424804688,586.3647148968422
577.8956300900626,586.8629760742188,582.3793030821407
584.8702258321435,588.855712890625,586.8629693613843
594.3358324294122,593.837646484375,594.0867394568936
592.8412102164095,590.3502807617188,591.5957454890641
597.8230355290457,600.31396484375,599.0685001863978
600.3140449676881,621.2378540039062,610.7759494857971
626.7178955078125,626.7178955078125,626.7178955078125
624.2268838990643,614.7613525390625,619.4941182190635
614.7613864254641,613.7650146484375,614.2632005369508
616.7540827703552,618.746826171875,617.7504544711151
623.7286884194856,622.234130859375,622.9814096394302
618.746856909004,623.2305297851562,620.9886933470801
626.7177601189179,607.2885131835938,617.0031366512558
606.7904289735226,613.266845703125,610.0286373383237
613.7650787870763,617.2523803710938,615.508729579085
611.7723569404595,602.3068237304688,607.0395903354641
600.313974588859,592.8411865234375,596.5775805561482
596.3284839878421,589.3538818359375,592.8411829118897
588.8556057248562,579.3900756835938,584.1228407042249
586.8629007208837,581.8810424804688,584.3719716006763
584.3719923808993,584.8701782226562,584.6210853017778
597.8230452337185,592.8411865234375,595.332115878578
592.8411870286955,601.8085327148438,597.3248598717696
606.7903914293706,601.8085327148438,604.2994620721072
597.8229643302828,598.8193359375,598.3211501338915
608.2849867302626,604.2994995117188,606.2922431209906
607.2885460173517,597.3248291015625,602.306687559457
604.7976376102179,600.31396484375,602.5558012269839
600.8121640771851,596.3284912109375,598.5703276440613
587.859351307028,590.3502807617188,589.1048160343734
585.8665613765211,562.9500122070312,574.4082867917762
560.9572120471911,566.437255859375,563.6972339532831
558.466316503637,542.0261840820312,550.2462502928341
536.048037827827,548.502685546875,542.275361687351
561.4554656001404,573.4119262695312,567.4336959348359
573.4119911124023,564.3450317382812,568.8785114253418
556.4736296200583,561.9536743164062,559.2136519682323
556.4736222109555,549.5986328125,553.0361275117277
538.0407516891892,552.986328125,545.5135399070946
551.8904273705698,559.4628295898438,555.6766284802068
550.395765966465,557.1710815429688,553.7834237547169
555.477237701783,562.5514526367188,559.0143451692509
551.6911044260476,553.3849487304688,552.5380265782582
555.8758783505848,553.3849487304688,554.6304135405268
556.8721828312654,566.138427734375,561.5053052828202
569.7253206760139,561.3558349609375,565.5405778184756
552.8866326519455,564.4445190429688,558.6655758474571
557.7688597106845,555.9754028320312,556.8721312713578
562.9500095077482,570.2235107421875,566.5867601249679
575.4046179354954,569.5260009765625,572.465309456029
567.2344234667878,583.7742309570312,575.5043272119095
587.8593247895634,598.3212280273438,593.0902764084535
598.7197914542753,605.7940063476562,602.2568989009658
603.9008354065766,606.9896240234375,605.445229715007
605.4951341408496,606.7904052734375,606.1427697071435
605.5947266386191,607.38818359375,606.4914551161846
611.9715204244939,614.8609619140625,613.4162411692782
613.2668220791741,619.3446655273438,616.3057438032589
622.7323342976721,632.4967651367188,627.6145497171954
635.6852282965541,630.703369140625,633.1942987185896
632.5964795392421,627.7142333984375,630.1553564688397
627.9134789733661,625.3228759765625,626.6181774749643
626.8174778267512,638.3754272460938,632.5964525364225
643.8554653059243,642.16162109375,643.0085431998372
643.0583116547493,638.7738647460938,640.9160882004215
634.6887786071833,636.5819091796875,635.6353438934354
634.1907351481043,632.3972778320312,633.2940064900678
640.168839658007,632.4967651367188,636.3328023973629
636.681504403003,631.6996459960938,634.1905751995484
633.5927695967519,630.10546875,631.8491191733759
627.6144732411566,635.68505859375,631.6497659174534
633.0946520232869,644.2539672851562,638.6743096542216
637.9768575826774,634.6888427734375,636.3328501780575
631.9986404610686,628.909912109375,630.4542762852218
634.7883776831743,635.1869506835938,634.987664183384
639.2720848679727,643.157958984375,641.2150219261739
645.6489291079201,658.1035766601562,651.8762528840382
653.6198254409362,653.2212524414062,653.4205389411712
653.3210679916601,659.7974853515625,656.5592766716113
663.0854051174077,662.5872192382812,662.8363121778445
656.6089594773291,674.2447509765625,665.4268552269458
676.2375788241084,686.1016235351562,681.1696011796323
684.3081999105572,690.4857177734375,687.3969588419973
690.4854821777344,697.4600830078125,693.9727825927735
702.242739098868,693.17578125,697.709260174434
695.6667041043892,696.9619750976562,696.3143396010228
691.6813116459213,686.9983520507812,689.3398318483512
688.7917923962268,696.4638671875,692.6278297918634
700.9473834228515,697.4600830078125,699.203733215332
701.6450026320994,703.9366455078125,702.790824069956
702.4420787052059,722.1702270507812,712.3061528779936
720.077838800186,706.9257202148438,713.5017795075148
709.7154408750683,697.4600830078125,703.5877619414405
697.7591347741655,689.3896484375,693.5743916058327
694.86968290502,691.4819946289062,693.1758387669631
695.965729059915,686.1016235351562,691.0336762975356
682.5146755214851,687.0979614257812,684.8063184736332
689.3895810761991,693.17578125,691.2826811630996
696.1648121592509,697.4600830078125,696.8124475835317
699.6523887339489,692.9766845703125,696.3145366521308
696.9620428957635,698.5562133789062,697.7591281373349
701.0469962520898,697.4600830078125,699.2535396299511
690.4175049597047,675.267578125,682.8425415423524
678.3573018542952,659.6192626953125,668.9882822748039
660.2173391404134,653.439697265625,656.8285182030193
658.3235386818325,653.5393676757812,655.9314531788068
661.9117790395604,662.808837890625,662.3603084650927
664.1045655800335,663.9052124023438,664.0048889911886
669.2873486508303,675.267578125,672.2774633879151
677.7593383789062,677.7593383789062,677.7593383789062
680.3507281716686,685.9323120117188,683.1415200916937
690.6168912283575,694.4043579101562,692.5106245692568
695.2016815442948,698.789794921875,696.9957382330849
698.789794921875,698.789794921875,698.789794921875
697.4940828176864,693.5072631835938,695.5006730006401
692.7099653603375,687.7264404296875,690.2182028950125
689.3210441817438,690.3177490234375,689.8193966025906
692.8096110491293,701.9793090820312,697.3944600655802
703.7732680294529,702.0789184570312,702.9260932432421
701.7798561103046,705.0690307617188,703.4244434360116
707.2617619784502,714.4380493164062,710.8499056474282
717.5279045692104,718.3252563476562,717.9265804584334
716.7304479529216,712.1456298828125,714.4380389178671
710.5509291218617,708.6571655273438,709.6040473246028
707.6605224609375,707.6605224609375,707.6605224609375
710.8499423699021,706.4644165039062,708.6571794369042
710.1522708000088,709.853271484375,710.0027711421919
714.0394141891327,716.73046875,715.3849414695663
717.6275005406575,720.1192626953125,718.8733816179849
725.9998672977465,708.4578247070312,717.2288460023889
702.1785288738831,700.6834716796875,701.4310002767853
700.6835690831347,701.082275390625,700.8829222368798
698.2913546194723,684.935546875,691.6134507472361
678.8556651499714,677.65966796875,678.2576665593607
679.3540371705645,668.489990234375,673.9220137024697
674.3704703456202,675.5665283203125,674.9684993329663
676.2641412999376,667.1941528320312,671.7291470659844
671.6794501602105,678.45703125,675.0682407051053
678.9553964369711,677.7593383789062,678.3573674079387
676.6629987622015,693.3079223632812,684.9854605627413
687.9257190499972,689.4207763671875,688.6732477085923
691.1151070815858,680.3506469726562,685.732877027121
682.6431509920616,683.739501953125,683.1913264725933
688.1250458035278,675.5665283203125,681.8457870619202
673.7724964283915,659.419921875,666.5962091516958
662.3104799273473,668.7890625,665.5497712136737
670.4834684991351,660.5164184570312,665.4999434780832
657.1274550849654,654.9346923828125,656.0310737338889
655.7322197653338,663.4067993164062,659.5695095408701
664.9017913782228,668.8886108398438,666.8952011090332
669.3870666849434,662.808837890625,666.0979522877842
665.7988944360719,674.071533203125,669.9352138195984
675.8655695308973,684.2379150390625,680.0517422849799
683.839268414412,685.7330322265625,684.7861503204872
690.018773024351,691.9125366210938,690.9656548227224
698.7897928836074,701.2815551757812,700.0356740296943
703.972596279929,702.4775390625,703.2250676712144
701.979323691329,699.2882080078125,700.6337658495708
698.7897251697908,694.0055541992188,696.3976396845048
693.7066489015006,684.1383056640625,688.9224772827815
686.6300680523581,684.1383056640625,685.3841868582103
687.1283240869031,681.74609375,684.4372089184516
679.1547598808838,680.0517578125,679.6032588466919
680.8491561023424,682.742919921875,681.7960380121087
682.7428568892045,685.234619140625,683.9887380149148
681.6464461787189,683.739501953125,682.6929740659219
677.8589167635215,687.2279663085938,682.5434415360576
682.9422002597206,697.6934204101562,690.3178103349385
695.8994132069726,696.8961181640625,696.3977656855175
694.9025919308889,706.6636962890625,700.7831441099756
710.5509486277197,714.737060546875,712.6440045872973
719.6209372915736,716.73046875,718.1757030207868
721.6142863578219,715.7337036132812,718.6739949855516
714.9363978666687,719.4215698242188,717.1789838454438
720.617694649291,712.9430541992188,716.7803744242549
708.3582234042381,713.1423950195312,710.7503092118847
715.9332170589188,714.13916015625,715.0361886075843
715.1357980566,706.8631591796875,710.9994786181437
710.2519075164023,706.5641479492188,708.4080277328105
710.6505848753975,711.9462890625,711.2984369689487
712.544333485352,715.6340942382812,714.0892138618167
716.9298842758518,715.2354736328125,716.0826789543321
714.139054357501,708.9561767578125,711.5476155576567
708.6572362873762,711.447998046875,710.0526171671256
716.0328632935507,713.6407470703125,714.8368051819316
710.1523047408383,712.7437133789062,711.4480090598722
717.5279313880758,715.434814453125,716.4813729206004
718.524609916184,717.826904296875,718.1757571065295
721.9134269184951,709.5543212890625,715.7338741037788
711.7468663857375,706.6636962890625,709.2052813374
703.4743108919597,710.2518920898438,706.8631014909017
708.7567561947308,700.6834716796875,704.7201139372091
697.2947420682664,693.3079223632812,695.3013322157738
695.3013198521274,693.5072631835938,694.4042915178607
685.9322837397096,674.56982421875,680.2510539792298
668.6894059489804,653.240478515625,660.9649422323027
647.858209893255,654.3367919921875,651.0975009427212
660.4166529866791,672.2774658203125,666.3470594034958
667.6926291724267,695.7000122070312,681.696320689729
693.2082292094495,691.1151733398438,692.1617012746467
694.0056950677922,686.8294067382812,690.4175509030367
685.334382055889,690.7166137695312,688.0254979127101
693.3078992381758,676.463623046875,684.8857611425253
657.0549663954332,639.1080932617188,648.081529828576
652.9672362567125,654.6621704101562,653.8147033334344
660.8438230282567,669.8172607421875,665.3305418852221
673.0077805710706,657.5535278320312,665.280654201551
661.3424448226843,641.6008911132812,651.4716679679827
638.9086896523988,637.7122192382812,638.31045444534
643.096305674304,637.7122192382812,640.4042624562926
637.5128505304942,632.3281860351562,634.9205182828252
628.1406812747543,632.427978515625,630.2843298951897
635.1199951171875,635.1199951171875,635.1199951171875
634.3222812109525,645.0903930664062,639.7063371386794
643.295717899666,645.0903930664062,644.1930554830361
649.1782748077802,635.9175415039062,642.5479081558433
628.2403813972721,640.1052856445312,634.1728335209017
646.2870253258768,644.093505859375,645.1902655926259
644.0933596752499,648.580078125,646.3367189001249
649.278017153181,657.7529296875,653.5154734203405
658.0521209969008,663.535888671875,660.7940048343879
668.720601387684,676.99609375,672.858347568842
685.1718570909987,679.2892456054688,682.2305513482338
678.990091748057,701.0248413085938,690.0074665283254
695.4415434911829,691.0545043945312,693.2480239428571
684.0750172529604,687.6644287109375,685.8697229819489
682.679141522367,685.072021484375,683.875581503371
687.8637885629485,687.0661010742188,687.4649448185836
680.5853991377479,688.9606323242188,684.7730157309834
694.0454999679371,677.9930419921875,686.0192709800623
682.7788266389445,674.1044921875,678.4416594132222
671.6118708425454,674.1044921875,672.8581815150227
677.3949013066226,680.3860473632812,678.8904743349519
683.5764796447834,692.649658203125,688.1130689239542
686.5677219191344,689.259765625,687.9137437720672
695.7404928631296,684.0750122070312,689.9077525350804
676.3978654498695,658.4509887695312,667.4244271097004
653.0668967813526,654.861572265625,653.9642345234888
654.8615242332967,664.4332275390625,659.6473758861796
665.2308647293308,657.0550537109375,661.1429592201341
663.1369311579275,662.2396240234375,662.6882775906824
658.1517611311064,656.0579833984375,657.104872264772
659.1488654215307,667.623779296875,663.3863223592028
662.7382521302227,702.4207763671875,682.5795142487051
702.9192463691463,692.649658203125,697.7844522861357
702.0219511661604,716.7783203125,709.4001357393302
716.8780116967894,709.400146484375,713.1390790905822
717.8750594706431,716.6785888671875,717.2768241689153
707.0072390209241,712.0922241210938,709.5497315710089
715.5818139800346,712.8897705078125,714.2357922439235
716.479088477994,711.3941650390625,713.9366267585283
715.7811820414142,710.9953002929688,713.3882411671915
708.0041514827681,715.880859375,711.942505428884
712.9893483546198,705.4118041992188,709.2005762769193
710.6962473340217,709.8986206054688,710.2974339697453
711.2944146115767,705.4118041992188,708.3531094053977
701.8225962588617,697.93408203125,699.8783391450559
700.327028619237,702.1217041015625,701.2243663603997
704.6142516708878,714.9835205078125,709.7988860893502
714.4849645464772,714.086181640625,714.2855730935511
717.8750594706431,716.6785888671875,717.2768241689153
717.875134498564,711.09521484375,714.485174671157
717.6755965115829,716.4791259765625,717.0773612440727
709.4001123656557,706.7080688476562,708.054090606656
702.4208674973626,710.5966796875,706.5087735924312
708.7021939816772,720.36767578125,714.5349348814636
718.7724207957074,711.2945556640625,715.0334882298849
708.4029875450933,710.4967651367188,709.449876340906
716.080428559266,719.8692016601562,717.9748151097111
720.8660946878305,717.7752685546875,719.3206816212589
723.3588272860438,716.6785888671875,720.0187080766157
718.7723805478445,704.4148559570312,711.5936182524379
697.0366437534884,698.6319580078125,697.8343008806505
701.8225809097281,709.5995483398438,705.7110646247859
715.3823568161075,716.8779296875,716.1301432518037
722.2620902120631,726.4496459960938,724.3558681040784
732.5316246525344,731.2354736328125,731.8835491426735
736.2207718668628,742.2030639648438,739.2119179158533
739.1121879830447,743.2998046875,741.2059963352724
746.4903846044319,736.5198974609375,741.5051410326847
734.5258051239605,724.3558959960938,729.4408505600271
723.8572384396115,737.81591796875,730.8365782041808
740.4082592767191,736.8189086914062,738.6135839840626
749.9800267162888,738.6136474609375,744.2968370886131
731.4348593914519,711.5936279296875,721.5142436605697
713.1888587394222,709.998291015625,711.5935748775237
712.5906685492491,720.7664794921875,716.6785740207183
717.8750502822603,725.2532348632812,721.5641425727708
740.308647924834,727.0479125976562,733.6782802612452
733.7281198227441,749.7805786132812,741.7543492180127
747.7864976234039,754.4667358398438,751.1266167316238
755.9622290836759,748.5840454101562,752.2731372469161
750.777565433395,756.4607543945312,753.6191599139631
755.26430669523,743.4991455078125,749.3817261015213
745.2938182161502,748.98291015625,747.1383641862001
749.9800152603283,753.270263671875,751.6251394661017
757.0590356983765,752.6720581054688,754.8655469019227
748.185292626692,748.2849731445312,748.2351328856116
745.0944338579462,746.7894287109375,745.9419312844418
747.786495327322,752.6720581054688,750.2292767163954
746.3905480724568,749.5811157226562,747.9858318975565
746.7894145516783,743.89794921875,745.3436818852142
745.1941759590079,747.3876342773438,746.2909051181758
735.1239740569519,744.097412109375,739.6106930831634
745.7923627843619,741.5050659179688,743.6487143511654
749.9799135102503,731.8336181640625,740.9067658371564
732.6313160367849,731.7340087890625,732.1826624129237
733.6282845993659,739.8099975585938,736.7191410789799
741.0065181976383,739.3115234375,740.1590208175692
740.8070794486722,734.6253662109375,737.7162228298048
734.9245782230114,740.8071899414062,737.8658840822088
738.0154705324617,736.5198974609375,737.2676839966996
728.8425703341219,736.9186401367188,732.8806052354203
729.6401934584062,741.80419921875,735.7221963385781
742.7016104140448,751.675048828125,747.1883296210849
756.759846074997,763.2406616210938,760.0002538480453
758.2555020240045,741.80419921875,750.0298506213772
743.3994743000632,758.5546264648438,750.9770503824534
764.0382933149239,766.8300170898438,765.4341552023839
763.5397566303143,765.1350708007812,764.3374137155478
771.9151410952918,755.762939453125,763.8390402742084
760.748150460758,762.14404296875,761.446096714754
761.1470217523347,767.9269409179688,764.5369813351517
762.642536849167,777.5982666015625,770.1204017253647
787.568714788635,779.7916870117188,783.6802009001769
772.7127695265413,781.785888671875,777.2493290992081
780.6890696372901,775.4047241210938,778.046896879192
777.4985781155405,787.369384765625,782.4339814405828
788.0672893135655,794.4483642578125,791.2578267856891
792.8531269098722,791.2578125,792.0554697049361
795.046597413247,792.9527587890625,793.9996781011548
796.6419230384863,793.4513549804688,795.0466390094775
780.290272458822,787.66845703125,783.979364745036
795.7445031911561,800.6300659179688,798.1872845545624
795.644862797625,792.3546142578125,793.9997385277188
787.0701996182266,786.3722534179688,786.7212265180976
773.1115612756787,764.736328125,768.9239447003393
766.0324225778355,745.8920288085938,755.9622256932146
738.6135938590933,743.9976806640625,741.3056372615779
741.8041928025732,713.9865112304688,727.895352016521
693.945855494855,689.1600341796875,691.5529448372713
700.0277853549812,695.6408081054688,697.834296730225
702.320989090581,705.9103393554688,704.1156642230249
709.6991594286967,710.8956298828125,710.2973946557546
714.0862232526326,692.4502563476562,703.2682398001444
682.9782598296584,681.8815307617188,682.4298952956885
695.4414395077132,658.7500610351562,677.0957502714348
662.6384350874976,653.4656372070312,658.0520361472644
661.2425822976355,639.1080932617188,650.1753377796772
610.3932750648171,563.531982421875,586.962628743346
587.9595696489345,584.569580078125,586.2645748635298
542.1950806919434,543.8900756835938,543.0425781877686
569.4145189937768,551.5673828125,560.4909509031384
530.8287109865684,505.3042297363281,518.0664703614482
508.4948383917508,505.20458984375,506.8497141177504
528.4357792004298,504.3071899414063,516.371484570918
491.49511246934367,466.07037353515625,478.78274300225
484.96445019252496,555.8546142578125,520.4095322251687
559.5437382681438,620.3637084960938,589.9537233821188
603.6131944925357,662.7381591796875,633.1756768361116
658.4509050576481,656.8555908203125,657.6532479389803
661.8408102170986,604.9093627929688,633.3750865050337
610.5926886289623,624.750732421875,617.6717105254186
593.8421047080094,595.6368408203125,594.739472764161
574.4994707383061,574.300048828125,574.3997597832156
572.3058887645836,528.8345947265625,550.5702417455731
544.9867925353456,542.195068359375,543.5909304473603
558.9453470087365,568.317626953125,563.6314869809307
557.7491131143232,564.7284545898438,561.2387838520835
564.7283570947803,597.830322265625,581.2793396802026
610.7919399564672,587.6604614257812,599.2262006911242
580.2822344496199,557.7489624023438,569.0155984259818
556.3531736041427,543.3915405273438,549.8723570657432
556.5525633520784,550.370849609375,553.4617064807267
558.5466410550528,551.16845703125,554.8575490431514
543.3915438917805,562.1360473632812,552.763795627531
575.6959376922442,555.5555419921875,565.6257398422158
560.9395008053181,565.9247436523438,563.4321222288308
565.9247666956633,552.963134765625,559.4439507306441
563.3325248212668,567.5201416015625,565.4263332114147
568.9159933938487,600.6221923828125,584.7690928883305
604.0120010873612,630.9323120117188,617.4721565495399
638.1111558860233,599.2262573242188,618.6687066051211
584.6692972829034,589.0562744140625,586.8627858484829
588.0592831767013,570.9100341796875,579.4846586781944
571.7077217858438,570.9100341796875,571.3088779827656
577.4906498534009,567.9189453125,572.7047975829505
568.3177344525195,603.61328125,585.9655078512598
617.9706633743793,590.4521484375,604.2114059059397
588.6575586896569,593.8421630859375,591.2498608877972
582.6752898764006,580.2823486328125,581.4788192546066
568.1183047320183,566.7224731445312,567.4203889382748
565.1271879744445,573.7018432617188,569.4145156180816
575.895210891541,595.836181640625,585.865696266083
608.1996412766393,590.0533447265625,599.1264930016009
583.273464692321,588.4581298828125,585.8657972875667
589.6545217888247,590.4521484375,590.0533351131623
583.2734431917781,587.4610595703125,585.3672513810453
616.7742599158049,623.1553955078125,619.9648277118088
630.3340785673496,639.1080932617188,634.7210859145341
648.0815457646453,635.9175415039062,641.9995436342758
631.3312362487688,614.3814086914062,622.8563224700875
615.5779324588688,624.750732421875,620.1643324403719
635.5188952423204,647.8822631835938,641.7005792129571
659.2485161240352,674.60302734375,666.9257717338926
677.7936287913847,669.41845703125,673.6060429113173
679.7876588149384,693.746337890625,686.7669983527817
689.5588713897744,683.7760009765625,686.6674361831684
675.0019964005285,660.6444702148438,667.8232333076861
659.8467680826683,665.0314331054688,662.4391005940686
649.4774637516214,639.3075561523438,644.3925099519826
626.3460605177374,636.1171264648438,631.2315934912906
613.4371935746794,623.3548583984375,618.3960259865585
640.7033893511128,640.5040283203125,640.6037088357127
646.4863954621736,635.5188598632812,641.0026276627275
633.3252869645185,640.90283203125,637.1140594978842
646.0875350504355,638.7093505859375,642.3984428181865
647.2839771255932,632.9264526367188,640.1052148811559
640.5040795198894,648.48046875,644.4922741349446
638.908777900662,627.1436157226562,633.0261968116591
629.9352676763458,633.9234619140625,631.9293647952042
649.0786344265316,634.9205322265625,641.999583326547
639.3075795245386,641.5010986328125,640.4043390786755
641.5010993758228,642.0993041992188,641.8002017875208
651.0728194590218,638.3106079101562,644.6917136845891
648.0816590210328,643.2958374023438,645.6887482116883
647.4835027108026,632.5277709960938,640.0056368534481
647.483465407399,652.269287109375,649.8763762583869
664.6325551286336,640.5040283203125,652.568291724473
634.3224271683575,633.3253784179688,633.8239027931631
642.8969160121532,631.3311767578125,637.1140463849829
622.1584244521288,636.9147338867188,629.5365791694237
649.0787279705669,643.096435546875,646.087581758721
637.3134973334857,652.867431640625,645.0904644870553
668.6208016242748,663.037353515625,665.82907756995
661.0432177633004,664.632568359375,662.8378930613377
675.6001642254648,664.034423828125,669.8172940267949
650.6739078404628,664.4332275390625,657.5535676897626
673.2072432614173,664.4332275390625,668.8202354002399
664.8320506046618,664.034423828125,664.4332372163934
675.7995743901936,670.8143310546875,673.3069527224405
663.0374093420552,658.8497924804688,660.9436009112619
665.0313945830795,666.6266479492188,665.8290212661491
676.1984595019276,671.0137939453125,673.60612672362
672.2102608482728,668.0226440429688,670.1164524456208
684.9724824106357,659.4480590820312,672.2102707463334
664.0344347278746,656.65625,660.3453423639373
653.864426395647,672.2101440429688,663.0372852193079
675.6001128738676,671.8113403320312,673.7057266029494
669.4185613654366,688.3624877929688,678.8905245792027
702.919295442987,706.10986328125,704.5145793621185
711.8926686138497,718.2738037109375,715.0832361623936
728.8426404620142,719.8692016601562,724.3559210610852
712.0921738579194,720.4673461914062,716.2797600246629
718.8721522497978,719.27099609375,719.0715741717738
695.5409471548084,690.755126953125,693.1480370539666
695.939980812018,694.9429321289062,695.4414564704621
680.5853060399221,694.1452026367188,687.3652543383205
688.3623606918255,699.3298950195312,693.8461278556783
699.7287481709924,706.5086669921875,703.1187075815899
698.9311066999039,695.142333984375,697.0367203421395
691.7523442175741,695.142333984375,693.4473391009745
698.1335108662852,703.3181762695312,700.7258435679082
710.0980399538555,692.9487915039062,701.5234157288809
699.7287220361494,701.9222412109375,700.8254816235435
700.7257772073649,691.5529174804688,696.1393473439168
695.7405729444611,689.9577026367188,692.8491377905899
688.5617885134262,688.9606323242188,688.7612104188224
685.7700605176086,685.969482421875,685.8697714697419
692.948771629323,678.5912475585938,685.7700095939583
673.2072336505993,672.4096069335938,672.8084202920966
672.4096339846291,677.59423828125,675.0019361329396
690.5557827745243,688.1629028320312,689.3593428032777
694.5440673828125,694.5440673828125,694.5440673828125
702.5205788404872,693.3477783203125,697.9341785803999
691.7523009885081,693.148193359375,692.4502471739415
694.9429104684413,693.9458618164062,694.4443861424238
694.1453160722533,703.3181762695312,698.7317461708923
705.1127636329336,698.7316284179688,701.9221960254512
695.9399013474751,696.3387451171875,696.1393232323313
702.9193076109275,699.9281616210938,701.4237346160106
702.9193322326092,671.2131958007812,687.0662640166952
679.5883308724891,674.0048828125,676.7966068424946
687.7641159974934,685.1718139648438,686.4679649811685
687.9635819341734,672.0108032226562,679.9871925784148
684.1747674212002,671.8113403320312,677.9930538766157
684.1748140180088,691.3535766601562,687.7641953390826
690.5558952719026,680.3860473632812,685.4709713175919
681.3830629898902,686.1688842773438,683.775973633617
691.3534963692742,692.151123046875,691.7523097080746
692.7493759903562,697.734619140625,695.2419975654906
702.321138831622,712.2916259765625,707.3063824040922
707.106935875514,708.901611328125,708.0042736018195
699.1305124762666,698.3328857421875,698.7316991092271
702.9193254743303,697.93408203125,700.4267037527902
693.34760844066,702.9192504882812,698.1334294644706
705.5117050624103,711.09521484375,708.3034599530802
702.7197667715232,702.3209838867188,702.520375329121
703.7169717949587,697.136474609375,700.4267232021668
690.5557878931598,691.7522583007812,691.1540230969706
705.1128853025014,697.5352783203125,701.3240818114069
702.1217383989033,696.9370727539062,699.5294055764048
692.1512041330789,691.9517822265625,692.0514931798207
696.7376107185014,681.5824584960938,689.1600346072976
677.9931144548258,686.966552734375,682.4798335946004
684.5735580189738,692.3505859375,688.462071978237
677.793710163278,684.9724731445312,681.3830916539046
686.5677561562471,675.6002197265625,681.0839879414048
665.4302485409685,659.24853515625,662.3393918486092
661.2426958325099,661.0432739257812,661.1429848791456
658.0521271912164,660.445068359375,659.2485977752957
661.2426337869329,675.0018920898438,668.1222629383883
680.7847244651086,691.7522583007812,686.268491382945
680.9841816787178,702.9192504882812,691.9517160834996
705.312200444392,709.499755859375,707.4059781518836
709.8986246175699,712.8897705078125,711.3941975626913
717.8750696605821,740.8071899414062,729.3411298009942
741.4053557798093,726.6490478515625,734.0272018156859
732.830753481485,735.8218994140625,734.3263264477737
735.2237037057832,727.247314453125,731.2355090794541
722.4613933992829,743.3994140625,732.9304037308914
750.9770632559425,760.5487060546875,755.762884655315
762.5428882905051,763.3405151367188,762.9417017136119
761.9445473209121,767.7274169921875,764.8359821565498
797.6388626450303,773.9091186523438,785.773990648687
779.293212181179,778.6950073242188,778.9941097526989
777.6979426046944,781.8855590820312,779.7917508433628
787.668385279931,779.8914184570312,783.7799018684811
785.0760402377239,778.4954833984375,781.7857618180807
786.2725676025134,774.3079833984375,780.2902755004754
775.70388820024,783.8796997070312,779.7917939536356
781.2872847815648,714.6844482421875,747.9858665118761
721.8632623125786,739.0125122070312,730.4378872598049
734.426025390625,734.426025390625,734.426025390625
735.8219233374367,738.6136474609375,737.217785399187
738.4142835029272,719.27099609375,728.8426397983386
722.860266511163,720.0685424804688,721.4644044958159
719.8691189537101,718.8720703125,719.370594633105
721.6638646453331,709.6992797851562,715.6815722152446
713.4879753438535,712.8897705078125,713.188872925833
714.8839349816817,701.3240966796875,708.1040158306846
719.4702360763768,705.3121948242188,712.3912154502978
702.3210357709329,710.2974243164062,706.3092300436696
720.8661794166043,727.8455200195312,724.3558497180677
738.2148029255301,723.4584350585938,730.8366189920619
720.2680087252737,706.9075317382812,713.5877702317775
691.9518007310471,690.555908203125,691.2538544670861
691.5528573974134,692.151123046875,691.8519902221442
685.969493895414,710.6962890625,698.332891478957
708.3033543814604,715.4820556640625,711.8927050227614
725.8513855134038,715.4820556640625,720.6667205887331
711.6933377454875,710.6962890625,711.1948134039937
696.5381902184394,698.5322875976562,697.5352389080479
708.9016051416112,704.1157836914062,706.5086944165087
699.9281478946583,704.9133911132812,702.4207695039697
711.8928151939655,722.8603515625,717.3765833782327
723.6578963294937,722.46142578125,723.0596610553719
725.0538136551647,725.8514404296875,725.4526270424261
726.8484154967838,716.8779296875,721.8631725921418
719.869105176336,708.7021484375,714.285626806918
708.3032618551352,707.3062133789062,707.8047376170207
710.8958054575312,704.3153076171875,707.6055565373593
701.9222266667101,691.1541137695312,696.5381702181207
701.9222413158924,686.76708984375,694.3446655798211
689.3595320652064,684.7730712890625,687.0663016771344
690.3565643386132,687.963623046875,689.1600936927441
691.9517277238052,696.737548828125,694.344638275965
698.9312274069433,693.3477783203125,696.139502863628
696.5381778891046,688.9606323242188,692.7494051066617
691.9517612814286,691.5529174804688,691.7523393809487
692.1512398799044,687.963623046875,690.0574314633898
681.7818812800982,682.1807250976562,681.9813031888773
675.9989171415177,672.808349609375,674.4036333754464
675.2013820274019,680.3860473632812,677.7937146953416
682.5794796540525,691.5529174804688,687.0661985672607
691.7523152714829,688.7611694335938,690.2567423525384
690.9547022494372,698.9310913085938,694.9428967790154
696.5381495217355,698.3328857421875,697.4355176319615
701.1246259104797,695.142333984375,698.1334799474273
692.5499118699656,696.3387451171875,694.4443284935766
700.3269933053472,706.10986328125,703.2184282932985
705.9104652887659,708.901611328125,707.4060383084454
698.3329372185851,706.9075317382812,702.6202344784332
711.8926279583554,718.0743408203125,714.983484389334
720.2679594799637,716.4791259765625,718.3735427282631
716.8780857006493,711.09521484375,713.9866502721997
705.9104888921096,695.341796875,700.6261428835548
697.7346478544521,704.1157836914062,700.9252157729292
692.9488112758582,707.904541015625,700.4266761457416
712.2915664009122,713.4879760742188,712.8897712375655
708.7021620011528,718.8720703125,713.7871161568264
722.2621281155522,724.2562255859375,723.2591768507448
711.8927356128961,707.904541015625,709.8986383142606
711.0950600891186,716.8779296875,713.9864948883094
714.8838629291131,724.4555053710938,719.6696841501034
728.244374779678,736.2207641601562,732.232569469917
727.8455102605225,735.8218994140625,731.8337048372925
730.2384571808363,724.8543701171875,727.5464136490119
733.0301704113284,747.3876342773438,740.2089023443361
749.5811993934367,735.423095703125,742.5021475482808
732.6313524259281,736.2207641601562,734.4260582930422
734.4259997131429,730.4378051757812,732.4319024444621
729.6401863643175,736.4201049804688,733.0301456723931
736.4200403234587,719.47021484375,727.9451275836043
724.0567472918035,727.8455200195312,725.9511336556674
727.2472532920708,712.6903076171875,719.9687804546292
713.2887035646255,719.27099609375,716.2798498291877
715.0833934503889,714.2857666015625,714.6845800259757
713.487953612847,711.8927001953125,712.6903269040797
709.898646886483,714.4850463867188,712.1918466366009
709.3003667116033,718.2738037109375,713.7870852112703
716.2797562472704,725.0537719726562,720.6667641099633
730.4378037177738,729.2413940429688,729.8395988803713
731.6343361636359,729.8396606445312,730.7369984040836
731.4347829848527,737.81591796875,734.6253504768014
738.214917535061,732.033203125,735.1240603300305
707.7380109738396,710.9296264648438,709.3338187193417
724.294457572798,725.0923461914062,724.6934018821021
727.6855279248169,740.2525024414062,733.9690151831117
747.8324839196811,745.6382446289062,746.7353642742937
748.0319708127037,746.6356201171875,747.3337954649455
744.0425097278924,734.8666381835938,739.4545739557431
734.8667581749797,737.85888671875,736.3628224468648
744.2419092631269,738.0581665039062,741.1500378835166
747.0346445572154,745.2393798828125,746.137012220014
748.4309765169289,757.8062744140625,753.1186254654957
756.2105398838208,747.03466796875,751.6226039262854
747.0345649218801,731.4755249023438,739.255044912112
727.087157034189,729.0819091796875,728.0845331069382
736.6618608858234,720.304931640625,728.4833962632242
725.0923608725458,720.5044555664062,722.798408219476
721.701317396882,723.4966430664062,722.5989802316442
720.9033609606533,713.1238403320312,717.0136006463423
714.7195920952818,715.3180541992188,715.0188231472503
717.7117087880357,712.92431640625,715.3180125971428
713.5228292765344,709.5333251953125,711.5280772359234
710.3312780548122,704.5465087890625,707.4388934219373
707.1396053900953,718.9086303710938,713.0241178805945
720.1054761568181,729.4808349609375,724.7931555588777
734.4677374419338,733.2708740234375,733.8693057326857
734.0687889557719,730.0792846679688,732.0740368118703
720.7039480440638,712.5255126953125,716.6147303696882
712.32599492444,722.6986694335938,717.5123321790169
722.4992417794788,724.6934204101562,723.5963310948175
728.4834930321447,733.6697998046875,731.0766464184161
733.2709508231231,727.6856079101562,730.4782793666398
733.2707687596007,721.701171875,727.4859703173004
716.7144530313682,716.9139404296875,716.8141967305278
722.6986779640906,729.0819091796875,725.8902935718891
729.6802478900804,732.073974609375,730.8771112497277
736.2630140659621,733.6697998046875,734.9664069353248
734.6671123461741,738.6566162109375,736.6618642785559
739.0556317800936,730.8771362304688,734.9663840052812
730.2787588775961,731.675048828125,730.9769038528606
736.063526680479,733.6697998046875,734.8666632425832
733.2708225185057,738.6566162109375,735.9637193647216
738.8561749522254,742.0477905273438,740.4519827397846
745.2394015377417,750.0267944335938,747.6330979856677
751.4230398060353,739.4545288085938,745.4387843073146
741.24979675436,731.4755249023438,736.3626608283519
733.0714122985589,731.07666015625,732.0740362274045
726.0897155417041,713.7222290039062,719.9059722728052
715.9165549222321,712.5255126953125,714.2210338087723
712.7249088238284,722.6986694335938,717.7117891287111
725.4913113104841,719.7064819335938,722.5988966220389
724.0949843345354,721.5018310546875,722.7984076946115
724.0950669898965,726.289306640625,725.1921868152608
722.2996845157096,718.3101806640625,720.304932589886
717.3128020407561,697.9636840820312,707.6382430613937
694.3731545110244,698.9610595703125,696.6671070406685
700.1580127740884,691.780029296875,695.9690210354818
663.8534011307707,674.2261352539062,669.0397681923384
674.8246279499043,664.052978515625,669.4388032327647
669.0397211656451,670.6355590820312,669.8376401238381
668.6408931152321,669.4387817382812,669.0398374267567
670.8350580388575,672.0319213867188,671.4334897127881
670.8351054236941,674.6251831054688,672.7301442645814
681.207827952623,675.2235717773438,678.2156998649834
678.8141378609271,675.423095703125,677.118616782026
678.2156702787127,685.3967895507812,681.806229914747
683.801015287509,680.4099731445312,682.1054942160201
684.0004486598615,689.7852172851562,686.8928329725088
687.9899228992383,675.6224975585938,681.806210228916
680.0109096824738,687.5910034179688,683.8009565502213
686.9926001243138,691.58056640625,689.2865832652819
698.1631879777699,689.3862915039062,693.7747397408381
687.1920913414556,684.5989379882812,685.8955146648684
683.6015394096611,680.808837890625,682.2051886501431
684.7984300789084,677.6173706054688,681.2079003421886
673.0293288651844,658.8665771484375,665.947953006811
662.2577024729159,662.6566772460938,662.4571898595048
667.0451087602806,681.4073486328125,674.2262286965465
683.2026128077661,682.4047241210938,682.8036684644298
688.1894547241744,685.1973266601562,686.6933906921654
683.4020858617753,685.9952392578125,684.6986625597939
685.1973288048762,681.2078247070312,683.2025767559537
681.0083510405008,678.6146850585938,679.8115180495472
682.803604158577,677.2183227539062,680.0109634562416
674.2262673957825,677.6173706054688,675.9218190006256
682.6041013488014,682.8035278320312,682.7038145904163
682.6041388597492,681.00830078125,681.8062198204996
684.3994596647821,689.9847412109375,687.1921004378598
686.992589198123,689.1868286132812,688.0897089057021
691.181542556715,691.9794311523438,691.5804868545295
690.1841786362362,692.37841796875,691.281298302493
698.761670352146,698.1632690429688,698.4624696975574
699.5594919229973,682.8035278320312,691.1815098775143
683.4020038032344,679.2130126953125,681.3075082492735
679.6120454985543,661.8587036132812,670.7353745559178
662.8560511875037,670.0371704101562,666.44661079883
669.2393249511719,658.2681884765625,663.7537567138672
662.257676249991,665.8482055664062,664.0529409081987
637.7529416258016,631.1678466796875,634.4603941527446
632.7641999188404,622.5872802734375,627.675740096139
627.5759604038336,622.5872802734375,625.0816203386355
624.582752325596,622.5872802734375,623.5850162995167
622.1882970867241,631.7666015625,626.977449324612
632.1656006412072,625.58056640625,628.8730835237286
625.5805166271798,627.5759887695312,626.5782526983555
631.3673912888187,621.9887084960938,626.6780498924562
626.9774335798768,629.9706420898438,628.4740378348603
628.573846210492,625.1815185546875,626.8776823825897
626.5783783841831,623.7847290039062,625.1815536940446
623.3855512041598,628.5737915039062,625.979671354033
628.7734242948577,635.3584594726562,632.065941883757
631.1678867415184,629.571533203125,630.3697099723217
624.5828071031937,630.1701049804688,627.3764560418313
632.165546043962,628.9728393554688,630.5691926997154
632.3651567357347,640.3470458984375,636.3561013170861
639.1498122096764,642.74169921875,640.9457557142132
641.9435232082266,645.13623046875,643.5398768384882
648.1294401418791,647.5308227539062,647.8301314478927
652.9185054285022,648.5284423828125,650.7234739056573
639.5488939586456,627.1769409179688,633.3629174383072
628.3741977163271,631.1678466796875,629.7710221980074
633.5624938491703,643.5398559570312,638.5511749031008
650.524009432534,643.5398559570312,647.0319326947827
643.5399107722299,640.1475830078125,641.8437468900212
643.9389558518695,646.7326049804688,645.3357804161692
647.9299177131602,638.750732421875,643.3403250675176
636.9548005540588,641.9434814453125,639.4491409996856
643.7394308138397,644.1384887695312,643.9389597916854
635.7574917092244,635.1588134765625,635.4581525928934
633.5624599834287,635.1588134765625,634.3606367299956
636.5556707405617,639.947998046875,638.2518343937184
638.5511453364078,633.7620239257812,636.1565846310946
638.5511930683004,637.9525756835938,638.2518843759472
636.3561177978487,643.3402709960938,639.8481943969712
638.9502453880064,647.9298706054688,643.4400579967376
641.5443879992512,642.1430053710938,641.8436966851725
640.9457834384779,648.9276733398438,644.9367283891609
651.5217063210227,658.505859375,655.0137828480114
662.4968095511063,659.5036010742188,661.0002053126625
658.505946644623,661.1000366210938,659.8029916328584
661.0999218545403,675.4673461914062,668.2836340229733
674.2700126249864,670.8777465820312,672.5738796035089
668.8823732115529,664.4923095703125,666.6873413909327
665.88915246196,660.1022338867188,662.9956931743393
661.4990879447884,657.7077026367188,659.6033952907535
659.5035900514517,668.4832153320312,663.9934026917415
668.2837344535269,660.5014038085938,664.3925691310603
661.8982425027036,657.5081787109375,659.7032106068206
655.1135864257812,655.1135864257812,655.1135864257812
654.7144007531582,662.6962890625,658.7053449078292
660.7008910856464,658.505859375,659.6033752303232
655.5127062414051,657.5081787109375,656.5104424761713
659.3040485172337,651.9208374023438,655.6124429597887
651.5216822733983,660.7008666992188,656.1112744863085
660.3017534686161,661.6986083984375,661.0001809335267
658.7054548917212,647.3312377929688,653.018346342345
647.3312417314786,656.9095458984375,652.1203938149581
655.9118521447933,662.4968872070312,659.2043696759123
663.2950531558789,660.5014038085938,661.8982284822364
656.7099142683713,654.9140014648438,655.8119578666076
654.7145267558532,663.6941528320312,659.2043397939422
663.494603373845,663.2950439453125,663.3948236595788
665.290490819738,663.095458984375,664.1929749020564
666.4878048238335,657.5081787109375,661.9979917673854
660.7009468415868,657.5081787109375,659.1045627762621
654.1158357891252,656.9095458984375,655.5126908437813
657.9072821097675,656.9095458984375,657.4084140041025
658.3063826687937,662.4968872070312,660.4016349379125
643.9390281342922,635.3584594726562,639.6487438034742
640.1474622058919,642.5420532226562,641.344757714274
633.7620513828053,638.750732421875,636.2563919023402
639.1498122096764,642.74169921875,640.9457557142132
640.5465997426198,639.3493041992188,639.9479519709193
644.5375454928736,641.743896484375,643.1407209886243
645.3357863460368,648.9276733398438,647.1317298429403
655.1135388611463,650.923095703125,653.0183172821356
650.3244339922351,653.9163208007812,652.1203773965082
657.9072633575017,649.1271362304688,653.5171997939852
646.5329660105216,649.92529296875,648.2291294896359
642.9412245012154,634.3606567382812,638.6509406197483
636.7552345381001,638.5511474609375,637.6531909995188
639.1498560503223,637.3539428710938,638.251899460708
644.1384412056375,639.947998046875,642.0432196262562
638.9502618858396,639.947998046875,639.4491299663573
628.573850926808,623.7847290039062,626.1792899653572
625.9797748526701,635.3584594726562,630.6691171626632
635.7575891333331,637.3539428710938,636.5557660022134
638.9502858139858,648.7280883789062,643.839187096446
653.5171428214168,647.7302856445312,650.623714232974
